customer_id,total_revenue,total_units,total_orders,products_purchased,branches_used,first_order_date,last_order_date,average_order_value,purchase_frequency,customer_purchase_status,customer_value_segment,order_frequency_segment,revenue_score,order_score,unit_score,customer_performance_score,performance_category
C0001,52640600,2656,40,30,1,2019-01-26,2024-12-25,1316015.0,0.015060240963855422,Repeat Customer,Medium Value,Medium Frequency,61.297655647576036,63.49206349206349,57.4146130566364,61.179369482734344,Medium Performance
C0002,61160690,3636,56,30,1,2019-01-24,2024-11-28,1092155.1785714286,0.015401540154015401,Repeat Customer,High Value,High Frequency,71.21892445732281,88.88888888888889,78.59922178988327,77.99597325330473,High Performance
C0003,39965740,2365,40,30,1,2019-04-05,2024-10-30,999143.5,0.016913319238900635,Repeat Customer,Low Value,Medium Frequency,46.53834052462463,63.49206349206349,51.1240812797233,52.54160556587602,Low Performance
C0004,49040570,2995,47,30,1,2019-03-21,2024-12-31,1043416.3829787234,0.015692821368948246,Repeat Customer,Medium Value,High Frequency,57.1055795834555,74.60317460317461,64.74275832252486,63.88229383718511,Medium Performance
C0005,67256610,3747,51,30,1,2019-02-28,2024-10-04,1318757.0588235294,0.013610888710968775,Repeat Customer,High Value,High Frequency,78.31735428173917,80.95238095238095,80.99870298313878,79.64413202321163,High Performance
C0006,60992880,3221,46,30,1,2019-04-21,2024-09-02,1325932.1739130435,0.014281279105867743,Repeat Customer,High Value,High Frequency,71.02351711785062,73.01587301587301,69.62818849978383,71.34215816364397,High Performance
C0007,37839490,2263,36,30,1,2019-05-08,2024-11-03,1051096.9444444445,0.015908086610693768,Repeat Customer,Low Value,Low Frequency,44.06241623195588,57.14285714285714,48.91915261565067,48.95789578196522,Low Performance
C0008,38574950,2319,36,30,1,2019-03-04,2024-07-16,1071526.388888889,0.015523932729624839,Repeat Customer,Low Value,Low Frequency,44.91882694578829,57.14285714285714,50.12970168612192,49.62821095297567,Low Performance
C0009,54041610,2677,34,30,1,2019-04-14,2024-11-04,1589459.1176470588,0.01270078446021666,Repeat Customer,Medium Value,Low Frequency,62.92906996539935,53.96825396825397,57.86856895806313,59.22872496478849,Medium Performance
C0010,54508210,3255,50,30,1,2019-01-23,2024-11-27,1090164.2,0.015360983102918587,Repeat Customer,Medium Value,High Frequency,63.472405074139736,79.36507936507937,70.36316472114137,69.61835929082196,High Performance
C0011,44933810,2717,41,30,1,2019-01-03,2024-11-22,1095946.5853658537,0.015090172984909826,Repeat Customer,Medium Value,Medium Frequency,52.32343879654883,65.07936507936508,58.73324686554259,57.43217829519245,Medium Performance
C0012,42822150,2001,38,30,1,2019-01-28,2024-10-10,1126898.6842105263,0.01899050474762619,Repeat Customer,Low Value,Medium Frequency,49.864503915017075,60.317460317460316,43.255512321660184,51.67859251707867,Low Performance
C0013,64377720,3585,49,30,1,2019-01-02,2024-10-27,1313831.0204081633,0.013668061366806136,Repeat Customer,High Value,High Frequency,74.96501392339884,77.77777777777779,77.49675745784695,76.31519178660216,High Performance
C0014,43395470,2054,31,30,1,2019-02-17,2024-12-21,1399853.8709677418,0.015092502434274586,Repeat Customer,Medium Value,Low Frequency,50.53210975415775,49.2063492063492,44.40121054907047,48.90820174879772,Low Performance
C0015,51005500,2619,38,30,1,2019-02-18,2024-11-16,1342250.0,0.014509354715540282,Repeat Customer,Medium Value,Medium Frequency,59.39365385524555,60.317460317460316,56.6147859922179,59.11502222130445,Medium Performance
C0016,60898100,3051,41,30,1,2019-01-18,2024-12-18,1485319.512195122,0.013438216978039987,Repeat Customer,High Value,Medium Frequency,70.91314999053297,65.07936507936508,65.95330739299611,68.17104599767524,High Performance
C0017,46619950,2469,40,30,1,2019-01-31,2024-12-21,1165498.75,0.016200891049007696,Repeat Customer,Medium Value,Medium Frequency,54.28687441646205,63.49206349206349,53.37224383916991,56.86550502368405,Medium Performance
C0018,46340880,2257,36,30,1,2019-05-31,2024-12-24,1287246.6666666667,0.01595037660611431,Repeat Customer,Medium Value,Low Frequency,53.96190971694173,57.14285714285714,48.78945092952875,53.881702187233756,Medium Performance
C0019,43064130,2359,43,30,1,2019-01-19,2024-12-10,1001491.3953488372,0.018228062738448497,Repeat Customer,Medium Value,Medium Frequency,50.14627894633512,68.25396825396825,50.99437959360138,55.748205868078315,Medium Performance
C0020,38461450,2338,41,30,1,2019-01-26,2024-10-17,938084.1463414634,0.017536355859709155,Repeat Customer,Low Value,Medium Frequency,44.786661204592335,65.07936507936508,50.54042369217466,52.025224864540625,Low Performance
C0021,51375230,2628,47,30,1,2019-01-16,2024-11-01,1093090.0,0.017884322678843226,Repeat Customer,Medium Value,High Frequency,59.8241881239009,74.60317460317461,56.809338521400775,63.65491414718299,Medium Performance
C0022,44585750,2583,39,30,1,2019-01-13,2024-11-06,1143224.358974359,0.015098722415795587,Repeat Customer,Medium Value,Medium Frequency,51.91813828658702,61.904761904761905,55.83657587548638,55.69781288981936,Medium Performance
C0023,53343670,2461,37,30,1,2019-01-05,2024-12-27,1441720.810810811,0.015034538805363673,Repeat Customer,Medium Value,Medium Frequency,62.116349635793135,58.730158730158735,53.19930825767402,59.31708408847899,Medium Performance
C0024,49014090,2666,48,30,1,2019-01-22,2024-09-17,1021126.875,0.01800450112528132,Repeat Customer,Medium Value,High Frequency,57.07474479202934,76.19047619047619,57.63078253350626,62.920671759858784,Medium Performance
C0025,58809760,3107,44,30,1,2019-01-29,2024-09-21,1336585.4545454546,0.014161570646926296,Repeat Customer,High Value,High Frequency,68.48137021987955,69.84126984126983,67.16385646346735,68.6258373550142,High Performance
C0026,60102980,3118,41,30,1,2019-01-09,2024-12-29,1465926.3414634147,0.013149454778704297,Repeat Customer,High Value,Medium Frequency,69.98726783952215,65.07936507936508,67.40164288802421,67.99777202117545,High Performance
C0027,47252220,2664,44,30,1,2019-03-25,2024-12-26,1073914.0909090908,0.016516516516516516,Repeat Customer,Medium Value,High Frequency,55.023124929113756,69.84126984126983,57.58754863813229,59.981453144564284,Medium Performance
C0028,33463430,2094,34,30,1,2019-01-22,2024-11-13,984218.5294117647,0.01623686723973257,Repeat Customer,Low Value,Low Frequency,38.96668747937457,53.96825396825397,45.26588845654994,44.726997621473465,Low Performance
C0029,45653420,2565,38,30,1,2019-01-16,2024-06-30,1201405.7894736843,0.014814814814814815,Repeat Customer,Medium Value,Medium Frequency,53.16139288484859,60.317460317460316,55.447470817120625,55.76542870108651,Medium Performance
C0030,50515670,2832,38,30,1,2019-01-30,2024-09-02,1329359.7368421052,0.013418079096045197,Repeat Customer,Medium Value,Medium Frequency,58.82326843665512,60.317460317460316,61.21919584954605,59.75071148347486,Medium Performance
C0031,52182080,2659,40,30,1,2019-04-11,2024-08-13,1304552.0,0.01504324934185784,Repeat Customer,Medium Value,Medium Frequency,60.76372934226176,63.49206349206349,57.47946389969736,60.925376498689396,Medium Performance
C0032,58165930,3056,45,30,1,2019-01-23,2024-10-25,1292576.2222222222,0.014725130890052356,Repeat Customer,High Value,High Frequency,67.73165859737564,71.42857142857143,66.06139213143103,68.50667915354545,High Performance
C0033,45334540,2412,34,30,1,2019-03-05,2024-12-12,1333368.8235294118,0.014096185737976783,Repeat Customer,Medium Value,Low Frequency,52.790071197160785,53.96825396825397,52.14007782101168,53.01352735325892,Medium Performance
C0034,33729240,1992,33,30,1,2019-01-05,2024-10-06,1022098.1818181818,0.016566265060240965,Repeat Customer,Low Value,Low Frequency,39.27621149406442,52.38095238095239,43.060959792477306,43.96458341981338,Low Performance
C0035,54533770,3072,46,30,1,2019-01-07,2024-11-12,1185516.7391304348,0.014973958333333334,Repeat Customer,Medium Value,High Frequency,63.50216856616589,73.01587301587301,66.40726329442282,66.9372988467294,Medium Performance
C0036,47362410,2544,39,30,1,2019-03-26,2024-12-23,1214420.7692307692,0.015330188679245283,Repeat Customer,Medium Value,Medium Frequency,55.15143632138143,61.904761904761905,54.99351491569391,57.145849715258066,Medium Performance
C0037,38561970,2071,38,30,1,2019-06-12,2024-10-25,1014788.6842105263,0.01834862385321101,Repeat Customer,Low Value,Medium Frequency,44.9037123086013,60.317460317460316,44.76869865974925,49.5008339814886,Low Performance
C0038,52105520,2784,41,30,1,2019-01-08,2024-11-29,1270866.3414634147,0.014727011494252873,Repeat Customer,Medium Value,Medium Frequency,60.67457860088764,65.07936507936508,60.18158236057069,61.897415296367484,Medium Performance
C0039,53722520,3061,40,30,1,2019-04-17,2024-11-28,1343063.0,0.013067624959163672,Repeat Customer,Medium Value,Medium Frequency,62.557503741978934,63.49206349206349,66.16947686986597,63.56026629258171,Medium Performance
C0040,43439870,2696,45,30,1,2019-02-23,2024-12-21,965330.4444444445,0.01669139465875371,Repeat Customer,Medium Value,High Frequency,50.58381159476656,71.42857142857143,58.27929096411587,58.376335418777884,Medium Performance
C0041,60948700,3138,42,30,1,2019-01-11,2024-06-11,1451159.5238095238,0.01338432122370937,Repeat Customer,High Value,Medium Frequency,70.97207145753312,66.66666666666666,67.83398184176394,69.05283209711934,High Performance
C0042,61493750,3165,44,30,1,2019-01-25,2024-10-13,1397585.2272727273,0.013902053712480253,Repeat Customer,High Value,High Frequency,71.6067581292411,69.84126984126983,68.41763942931259,70.43928790286401,High Performance
C0043,39495710,2535,37,30,1,2019-04-04,2024-06-14,1067451.6216216215,0.014595660749506903,Repeat Customer,Low Value,Medium Frequency,45.99101133225163,58.730158730158735,54.79896238651103,51.574345762475645,Low Performance
C0044,43843570,2372,38,30,1,2019-01-05,2024-11-17,1153778.1578947369,0.016020236087689713,Repeat Customer,Medium Value,Medium Frequency,51.05390242931113,60.317460317460316,51.275399913532205,53.8772692926001,Medium Performance
C0045,60965470,2991,43,30,1,2019-02-02,2024-12-15,1417801.6279069767,0.014376462721497826,Repeat Customer,High Value,Medium Frequency,70.99159938246576,68.25396825396825,64.65629053177692,68.90324827377874,High Performance
C0046,76069120,3471,51,30,1,2019-02-03,2024-12-09,1491551.3725490195,0.014693171996542784,Repeat Customer,High Value,High Frequency,88.57913327686498,80.95238095238095,75.03242542153048,83.58176600845286,High Performance
C0047,50441290,2568,36,30,1,2019-04-06,2024-08-25,1401146.9444444445,0.014018691588785047,Repeat Customer,Medium Value,Low Frequency,58.736656209076656,57.14285714285714,55.512321660181584,57.613649579431794,Medium Performance
C0048,40336880,2181,34,30,1,2019-01-16,2024-10-06,1186378.8235294118,0.015589179275561669,Repeat Customer,Low Value,Low Frequency,46.970516676056064,53.96825396825397,47.146562905317765,49.10504710956778,Low Performance
C0049,66038070,3157,42,30,1,2019-01-25,2024-12-25,1572335.0,0.013303769401330377,Repeat Customer,High Value,Medium Frequency,76.8984182264359,66.66666666666666,68.2447038478167,72.09814988278129,High Performance
C0050,50086150,2194,30,30,1,2019-01-11,2024-12-14,1669538.3333333333,0.013673655423883319,Repeat Customer,Medium Value,Low Frequency,58.32311135155831,47.61904761904761,47.42758322524859,52.93278660654316,Medium Performance
C0051,47017080,2634,37,30,1,2019-02-15,2024-11-15,1270731.8918918918,0.01404707668944571,Repeat Customer,Medium Value,Medium Frequency,54.749314775943546,58.730158730158735,56.939040207522694,56.381513048523935,Medium Performance
C0052,45097920,2379,37,30,1,2019-02-12,2024-12-11,1218862.7027027027,0.015552753257671291,Repeat Customer,Medium Value,Medium Frequency,52.51453764930362,58.730158730158735,51.42671854734111,54.16166015316765,Medium Performance
C0053,38021810,2062,31,29,1,2019-05-16,2024-09-18,1226510.0,0.015033947623666343,Repeat Customer,Low Value,Low Frequency,44.274719826095506,49.2063492063492,44.57414613056637,45.81409390106579,Low Performance
C0054,56103080,2612,42,30,1,2019-01-31,2024-12-14,1335787.619047619,0.016079632465543645,Repeat Customer,Medium Value,Medium Frequency,65.32956080683749,66.66666666666666,56.46346735840899,63.95747387510055,Medium Performance
C0055,53940970,2941,37,30,1,2019-04-01,2024-12-11,1457864.054054054,0.012580754845290717,Repeat Customer,Medium Value,Medium Frequency,62.811879126686044,58.730158730158735,63.57544314742758,61.74007581187616,Medium Performance
C0056,51714180,2686,38,30,1,2019-01-08,2024-11-10,1360899.4736842106,0.014147431124348473,Repeat Customer,Medium Value,Medium Frequency,60.21888044089094,60.317460317460316,58.06312148724601,59.81730261313277,Medium Performance
C0057,41341790,2363,35,30,1,2019-03-20,2024-12-04,1181194.0,0.014811680067710538,Repeat Customer,Low Value,Low Frequency,48.14069002394354,55.55555555555556,51.080847384349326,50.953181155508304,Low Performance
C0058,44614910,2554,41,30,1,2019-01-23,2024-12-24,1088168.536585366,0.01605324980422866,Repeat Customer,Medium Value,Medium Frequency,51.95209381974363,65.07936507936508,55.20968439256377,56.541793312194095,Medium Performance
C0059,47904570,2659,39,30,1,2019-01-21,2024-12-20,1228322.3076923077,0.014667168108311396,Repeat Customer,Medium Value,Medium Frequency,55.782757715626374,61.904761904761905,57.47946389969736,57.95870020918123,Medium Performance
C0060,64410620,3565,50,30,1,2019-01-19,2024-11-24,1288212.4,0.014025245441795231,Repeat Customer,High Value,High Frequency,75.00332452150762,79.36507936507937,77.06441850410722,76.72406977109907,High Performance
C0061,31227160,1620,32,30,1,2019-01-29,2024-09-08,975848.75,0.019753086419753086,Repeat Customer,Low Value,Low Frequency,36.36264975193597,50.79365079365079,35.019455252918284,40.423311164646876,Low Performance
C0062,63839240,3113,38,30,1,2019-03-18,2024-10-31,1679980.0,0.012206874397687119,Repeat Customer,High Value,Medium Frequency,74.3379777267539,60.317460317460316,67.29355814958929,68.72293858853291,High Performance
C0063,60573240,2940,43,30,1,2019-02-28,2024-12-19,1408680.0,0.014625850340136054,Repeat Customer,High Value,Medium Frequency,70.53486485674514,68.25396825396825,63.55382619974059,68.45438814451117,High Performance
C0064,52021770,2521,39,30,1,2019-03-21,2024-12-14,1333891.5384615385,0.015470051566838556,Repeat Customer,Medium Value,Medium Frequency,60.57705542181133,61.904761904761905,54.49632511889321,59.75922130611288,Medium Performance
C0065,59050070,2912,41,30,1,2019-01-01,2024-12-12,1440245.6097560977,0.01407967032967033,Repeat Customer,High Value,Medium Frequency,68.7612006098954,65.07936507936508,62.94855166450497,66.49412016165822,Medium Performance
C0066,47238780,2739,38,30,1,2019-01-29,2024-10-11,1243125.7894736843,0.013873676524278934,Repeat Customer,Medium Value,Medium Frequency,55.00747464222676,60.317460317460316,59.20881971465629,57.44073935928274,Medium Performance
C0067,44311920,2337,33,30,1,2019-05-29,2024-12-30,1342785.4545454546,0.014120667522464698,Repeat Customer,Medium Value,Low Frequency,51.59927533582325,52.38095238095239,50.51880674448768,51.617684731094876,Low Performance
C0068,46858170,2597,42,30,1,2019-03-11,2024-12-06,1115670.7142857143,0.016172506738544475,Repeat Customer,Medium Value,Medium Frequency,54.564271093710516,66.66666666666666,56.13921314310419,58.5099781754761,Medium Performance
C0069,64878390,3746,52,30,1,2019-02-18,2024-12-11,1247661.3461538462,0.013881473571809931,Repeat Customer,High Value,High Frequency,75.54802204361539,82.53968253968253,80.97708603545179,78.73133299080281,High Performance
C0070,68783440,3393,48,30,1,2019-02-04,2024-12-20,1432988.3333333333,0.014146772767462422,Repeat Customer,High Value,High Frequency,80.09528043707152,76.19047619047619,73.34630350194551,77.57404377606773,High Performance
C0071,60419160,3399,47,30,1,2019-01-24,2024-11-26,1285514.0425531915,0.013827596351868197,Repeat Customer,High Value,High Frequency,70.35544549636212,74.60317460317461,73.47600518806745,72.25387616674693,High Performance
C0072,47027920,2183,30,30,1,2019-06-15,2024-12-23,1567597.3333333333,0.013742556115437472,Repeat Customer,Medium Value,Low Frequency,54.76193747756967,47.61904761904761,47.18979680069174,51.104642384637465,Low Performance
C0073,48992520,2361,36,30,1,2019-03-23,2024-11-12,1360903.3333333333,0.015247776365946633,Repeat Customer,Medium Value,Low Frequency,57.04962747892277,57.14285714285714,51.03761348897535,55.8751935801136,Medium Performance
C0074,46570120,2880,45,30,1,2019-01-10,2024-12-31,1034891.5555555555,0.015625,Repeat Customer,Medium Value,High Frequency,54.22884958048149,71.42857142857143,62.2568093385214,60.99435808651645,Medium Performance
C0075,43533480,2375,35,30,1,2019-04-17,2024-10-20,1243813.7142857143,0.014736842105263158,Repeat Customer,Medium Value,Low Frequency,50.692816308716814,55.55555555555556,51.340250756593164,52.281124972343704,Low Performance
C0076,68416560,3370,49,30,1,2019-01-12,2024-12-27,1396256.3265306123,0.014540059347181009,Repeat Customer,High Value,High Frequency,79.66806486764445,77.77777777777779,72.84911370514483,77.73718850818453,High Performance
C0077,49739710,2610,38,30,1,2019-02-05,2024-12-16,1308939.7368421052,0.014559386973180077,Repeat Customer,Medium Value,Medium Frequency,57.91969726010521,60.317460317460316,56.42023346303502,58.339133417897706,Medium Performance
C0078,34591140,2156,33,30,1,2019-01-31,2024-10-08,1048216.3636363636,0.015306122448979591,Repeat Customer,Low Value,Low Frequency,40.279856008044995,52.38095238095239,46.6061392131431,45.17544156093684,Low Performance
C0079,37415140,1990,33,30,1,2019-01-25,2024-11-28,1133792.121212121,0.016582914572864323,Repeat Customer,Low Value,Low Frequency,43.56827938370474,52.38095238095239,43.01772589710333,46.101970585558746,Low Performance
C0080,50588120,2978,46,30,1,2019-02-20,2024-11-03,1099741.7391304348,0.01544660846205507,Repeat Customer,Medium Value,High Frequency,58.90763326440531,73.01587301587301,64.37527021184609,64.23363257933377,Medium Performance
C0081,49127920,2922,40,30,1,2019-01-03,2024-12-23,1228198.0,0.013689253935660506,Repeat Customer,Medium Value,Medium Frequency,57.20729480366226,63.49206349206349,63.164721141374834,60.28421067772514,Medium Performance
C0082,63866170,3363,50,30,1,2019-03-17,2024-12-18,1277323.4,0.014867677668748141,Repeat Customer,High Value,High Frequency,74.36933652332137,79.36507936507937,72.69779507133592,75.53375108545168,High Performance
C0083,74075280,3739,50,30,1,2019-05-23,2024-10-04,1481505.6,0.013372559507889811,Repeat Customer,High Value,High Frequency,86.25739458588572,79.36507936507937,80.82576740164289,83.10337458279525,High Performance
C0084,71147780,3136,47,30,1,2019-04-29,2024-12-05,1513782.5531914893,0.014987244897959183,Repeat Customer,High Value,High Frequency,82.84845002772569,74.60317460317461,67.79074794638997,77.36332698409322,High Performance
C0085,55654550,2714,44,30,1,2019-01-01,2024-09-20,1264876.1363636365,0.016212232866617538,Repeat Customer,Medium Value,High Frequency,64.8072674156602,69.84126984126983,58.66839602248163,65.08969386470739,Medium Performance
C0086,47920240,2141,30,30,1,2019-01-12,2024-11-22,1597341.3333333333,0.014012143858010275,Repeat Customer,Medium Value,Low Frequency,55.8010047391025,47.61904761904761,46.281884997838304,51.442593654833196,Low Performance
C0087,41444460,2659,41,30,1,2019-01-22,2024-12-17,1010840.487804878,0.015419330575404287,Repeat Customer,Low Value,Medium Frequency,48.26024470807207,65.07936507936508,57.47946389969736,55.14982465778503,Medium Performance
C0088,49923700,2536,39,30,1,2019-01-26,2024-12-12,1280094.8717948718,0.015378548895899053,Repeat Customer,Medium Value,Medium Frequency,58.133945495547,61.904761904761905,54.820579334198015,58.60251718604168,Medium Performance
C0089,40101850,2383,40,30,1,2019-01-02,2024-11-14,1002546.25,0.01678556441460344,Repeat Customer,Low Value,Medium Frequency,46.69683461303152,63.49206349206349,51.51318633808906,52.69867362175262,Low Performance
C0090,44051020,2830,45,30,1,2019-03-16,2024-10-22,978911.5555555555,0.015901060070671377,Repeat Customer,Medium Value,High Frequency,51.29546879945298,71.42857142857143,61.175961954172074,59.31149821913233,Medium Performance
C0091,33399030,2175,32,30,1,2019-01-09,2024-09-07,1043719.6875,0.014712643678160919,Repeat Customer,Low Value,Low Frequency,38.8916965213744,50.79365079365079,47.016861219195846,44.08731574262161,Low Performance
C0092,38901670,2301,41,30,1,2019-01-17,2024-07-30,948821.2195121951,0.017818339852238158,Repeat Customer,Low Value,Medium Frequency,45.299277967493516,65.07936507936508,49.74059662775616,52.12156783310751,Low Performance
C0093,49642790,2768,41,30,1,2019-01-24,2024-12-01,1210799.756097561,0.014812138728323699,Repeat Customer,Medium Value,Medium Frequency,57.80683819722668,65.07936507936508,59.8357111975789,60.39437086193864,Medium Performance
C0094,39474600,2188,33,30,1,2019-01-18,2024-09-20,1196200.0,0.015082266910420476,Repeat Customer,Low Value,Low Frequency,45.96642966884505,52.38095238095239,47.29788153912667,48.15707685653358,Low Performance
C0095,46147160,2419,31,30,1,2019-01-16,2024-12-26,1488618.064516129,0.012815212897891691,Repeat Customer,Medium Value,Low Frequency,53.73633132588904,49.2063492063492,52.291396454820585,52.08834971581339,Low Performance
C0096,47646050,2626,40,30,1,2019-01-02,2024-12-30,1191151.25,0.015232292460015232,Repeat Customer,Medium Value,Medium Frequency,55.48172258422568,63.49206349206349,56.7661046260268,58.14170126493725,Medium Performance
C0097,43037580,2152,30,30,1,2019-03-22,2024-12-16,1434586.0,0.013940520446096654,Repeat Customer,Medium Value,Low Frequency,50.11536264299809,47.61904761904761,46.519671422395156,48.647329891692365,Low Performance
C0098,45007740,2478,37,30,1,2019-03-14,2024-12-18,1216425.4054054054,0.01493139628732849,Repeat Customer,Medium Value,Medium Frequency,52.40952701898599,58.730158730158735,53.56679636835279,54.537170402211174,Medium Performance
C0099,52019750,3268,52,30,1,2019-01-10,2024-12-26,1000379.8076923077,0.01591187270501836,Repeat Customer,Medium Value,High Frequency,60.57470322095481,82.53968253968253,70.6441850410722,69.17809338059661,High Performance
C0100,40056040,2513,42,30,1,2019-01-25,2024-11-10,953715.2380952381,0.016713091922005572,Repeat Customer,Low Value,Medium Frequency,46.643490889646614,66.66666666666666,54.32338953739732,54.18642335230277,Medium Performance
C0101,52693260,3023,43,30,1,2019-02-26,2024-10-10,1225424.6511627906,0.014224280516043665,Repeat Customer,Medium Value,Medium Frequency,61.35897589366748,68.25396825396825,65.34803285776049,64.22528499457631,Medium Performance
C0102,62773480,2984,38,30,1,2019-03-11,2024-10-24,1651933.6842105263,0.012734584450402145,Repeat Customer,High Value,Medium Frequency,73.09694723920323,60.317460317460316,64.504971897968,67.54470609443331,High Performance
C0103,62476630,3102,42,30,1,2019-02-21,2024-08-29,1487538.8095238095,0.013539651837524178,Repeat Customer,High Value,Medium Frequency,72.751278514322,66.66666666666666,67.05577172503241,69.78679360216748,High Performance
C0104,35121810,2259,36,30,1,2019-02-27,2024-12-30,975605.8333333334,0.01593625498007968,Repeat Customer,Low Value,Low Frequency,40.89779780434859,57.14285714285714,48.83268482490272,47.358293010011984,Low Performance
C0105,52573780,2885,46,30,1,2019-03-29,2024-11-26,1142908.2608695652,0.015944540727902946,Repeat Customer,Medium Value,High Frequency,61.219846706371506,73.01587301587301,62.36489407695633,64.98766407333892,Medium Performance
C0106,47644410,2876,42,30,1,2019-03-29,2024-11-12,1134390.7142857143,0.014603616133518776,Repeat Customer,Medium Value,Medium Frequency,55.47981287659959,66.66666666666666,62.170341547773454,60.17397474785448,Medium Performance
C0107,70691460,4068,52,30,1,2019-01-01,2024-12-11,1359451.1538461538,0.012782694198623401,Repeat Customer,High Value,High Frequency,82.31708552532447,82.53968253968253,87.93774319066148,83.5079961626993,High Performance
C0108,33566370,1870,26,30,1,2019-01-03,2024-12-29,1291014.2307692308,0.013903743315508022,Repeat Customer,Low Value,Low Frequency,39.086556566587895,41.269841269841265,40.423692174664936,40.00896909917931,Low Performance
C0109,57909360,3451,48,30,1,2019-01-14,2024-12-09,1206445.0,0.013909011880614315,Repeat Customer,High Value,High Frequency,67.4328941549206,76.19047619047619,74.60008646779075,71.49360722816131,High Performance
C0110,74097790,3776,44,30,1,2019-01-25,2024-06-21,1684040.6818181819,0.011652542372881356,Repeat Customer,High Value,High Frequency,86.2836064875097,69.84126984126983,81.62559446606139,80.41930308934808,High Performance
C0111,46609900,2663,39,30,1,2019-04-09,2024-12-16,1195125.641025641,0.01464513706346226,Repeat Customer,Medium Value,Medium Frequency,54.2751716349729,61.904761904761905,57.565931690445304,57.222200727004086,Medium Performance
C0112,47047550,2724,40,30,1,2019-02-27,2024-12-01,1176188.75,0.014684287812041116,Repeat Customer,Medium Value,Medium Frequency,54.784795746289284,63.49206349206349,58.884565499351496,58.21693002063398,Medium Performance
C0113,65271430,2941,42,30,1,2019-01-13,2024-12-23,1554081.6666666667,0.014280856851411085,Repeat Customer,High Value,Medium Frequency,76.00569977859037,66.66666666666666,63.57544314742758,70.7179385187807,High Performance
C0114,43340450,2643,36,30,1,2019-01-03,2024-09-27,1203901.388888889,0.01362088535754824,Repeat Customer,Medium Value,Low Frequency,50.468041392214126,57.14285714285714,57.13359273670557,53.80359638630532,Medium Performance
C0115,38312450,2177,33,30,1,2019-05-07,2024-11-28,1160983.3333333333,0.01515847496554892,Repeat Customer,Low Value,Low Frequency,44.61315728002672,52.38095238095239,47.06009511456982,47.432883377213045,Low Performance
C0116,60134220,3001,40,30,1,2019-01-06,2024-09-25,1503355.5,0.013328890369876709,Repeat Customer,High Value,Medium Frequency,70.02364544088745,63.49206349206349,64.87246000864678,67.03393376979213,High Performance
C0117,35972400,2207,35,30,1,2019-01-01,2024-10-08,1027782.8571428572,0.0158586316266425,Repeat Customer,Low Value,Low Frequency,41.88827232244435,55.55555555555556,47.70860354517942,47.15252353692473,Low Performance
C0118,42906280,2549,39,30,1,2019-01-16,2024-12-30,1100161.0256410257,0.015300117693213025,Repeat Customer,Low Value,Medium Frequency,49.962469587323824,61.904761904761905,55.10159965412884,54.57298329591625,Medium Performance
C0119,65855380,3605,58,30,1,2019-01-07,2024-11-23,1135437.5862068965,0.01608876560332871,Repeat Customer,High Value,High Frequency,76.68568378362454,92.06349206349206,77.92909641158668,81.54770879317724,High Performance
C0120,41105250,2534,36,30,1,2019-01-02,2024-11-15,1141812.5,0.014206787687450671,Repeat Customer,Low Value,Low Frequency,47.86524963255595,57.14285714285714,54.77734543882404,52.03095104689993,Low Performance
C0121,39128960,1978,36,30,1,2019-01-22,2024-12-01,1086915.5555555555,0.01820020222446916,Repeat Customer,Low Value,Low Frequency,45.5639471420876,57.14285714285714,42.75832252485949,48.47649521887284,Low Performance
C0122,42300750,2233,33,29,1,2019-01-12,2024-11-05,1281840.9090909092,0.014778325123152709,Repeat Customer,Low Value,Low Frequency,49.25735662462438,52.38095238095239,48.27064418504107,49.99709286360612,Low Performance
C0123,55075400,2661,37,30,1,2019-01-16,2024-11-04,1488524.3243243243,0.013904547162720781,Repeat Customer,Medium Value,Medium Frequency,64.13287279879995,58.730158730158735,57.52269779507133,61.190023577461865,Medium Performance
C0124,51329600,3341,47,30,1,2019-01-11,2024-12-22,1092119.1489361702,0.01406764441783897,Repeat Customer,Medium Value,High Frequency,59.77105400257252,74.60317460317461,72.22222222222221,66.71092382668309,Medium Performance
C0125,38490080,2036,36,30,1,2019-02-17,2024-12-09,1069168.888888889,0.01768172888015717,Repeat Customer,Low Value,Low Frequency,44.819999576138066,57.14285714285714,44.01210549070471,48.35527802906712,Low Performance
C0126,55322000,2621,39,30,1,2019-03-05,2024-04-05,1418512.8205128205,0.014879816863792446,Repeat Customer,Medium Value,Medium Frequency,64.4200276162354,61.904761904761905,56.65801988759187,62.11304635706465,Medium Performance
C0127,43586400,2386,31,30,1,2019-03-01,2024-06-25,1406012.9032258065,0.012992455993294216,Repeat Customer,Medium Value,Low Frequency,50.754439313334345,49.2063492063492,51.57803718115003,50.454731854801935,Low Performance
C0128,57387360,2697,39,30,1,2019-01-02,2024-12-18,1471470.7692307692,0.014460511679644048,Repeat Customer,Medium Value,Medium Frequency,66.82504819100616,61.904761904761905,58.30090791180286,63.64413424929222,Medium Performance
C0129,64690070,3191,40,30,1,2019-01-06,2024-12-18,1617251.75,0.012535255405828893,Repeat Customer,High Value,Medium Frequency,75.32873171425837,63.49206349206349,68.97968006917424,70.50792091858307,High Performance
C0130,47762000,2666,41,30,1,2019-02-17,2024-11-16,1164926.8292682928,0.015378844711177795,Repeat Customer,Medium Value,Medium Frequency,55.61674124230207,65.07936507936508,57.63078253350626,58.858336651661816,Medium Performance
C0131,57656260,2892,39,30,1,2019-02-21,2024-06-14,1478365.641025641,0.013485477178423237,Repeat Customer,Medium Value,Medium Frequency,67.13817037433297,61.904761904761905,62.51621271076524,64.64375630074811,Medium Performance
C0132,40004370,2419,39,30,1,2019-02-22,2024-10-01,1025753.0769230769,0.016122364613476645,Repeat Customer,Low Value,Medium Frequency,46.58332345486604,61.904761904761905,52.291396454820585,52.32136958982571,Low Performance
C0133,42807750,2030,31,30,1,2019-03-27,2024-04-07,1380895.1612903227,0.015270935960591134,Repeat Customer,Low Value,Low Frequency,49.8477357504953,49.2063492063492,43.88240380458279,48.46225339806897,Low Performance
C0134,71908050,3863,50,30,1,2019-03-03,2024-11-24,1438161.0,0.012943308309603935,Repeat Customer,High Value,High Frequency,83.73375089168208,79.36507936507937,83.50626891482923,82.3776530383307,High Performance
C0135,61465530,3145,45,30,1,2019-03-09,2024-08-27,1365900.6666666667,0.014308426073131956,Repeat Customer,High Value,High Frequency,71.57389718460189,71.42857142857143,67.98530047557286,70.81258011598695,High Performance
C0136,41124050,2411,42,30,1,2019-03-23,2024-11-13,979144.0476190476,0.017420157610949814,Repeat Customer,Low Value,Medium Frequency,47.88714140290383,66.66666666666666,52.11846087332469,54.367262876116854,Medium Performance
C0137,44868410,2094,28,30,1,2019-06-13,2024-12-12,1602443.2142857143,0.013371537726838587,Repeat Customer,Medium Value,Low Frequency,52.247283382679086,44.44444444444444,45.26588845654994,48.51015271598286,Low Performance
C0138,54457080,2943,41,30,1,2019-01-10,2024-12-25,1328221.463414634,0.013931362555215767,Repeat Customer,Medium Value,Medium Frequency,63.412866445528735,65.07936507936508,63.61867704280155,63.9539781551342,Medium Performance
C0139,38021440,2222,36,30,1,2019-03-13,2024-11-10,1056151.111111111,0.016201620162016202,Repeat Customer,Low Value,Low Frequency,44.274288977423765,57.14285714285714,48.03285776048422,48.88657318366587,Low Performance
C0140,58201560,3053,44,30,1,2019-01-12,2024-11-24,1322762.7272727273,0.014412053717654767,Repeat Customer,High Value,High Frequency,67.77314816000835,69.84126984126983,65.99654128837008,68.03826329005913,High Performance
C0141,59888120,2727,40,30,1,2019-04-06,2024-11-15,1497203.0,0.014668133480014669,Repeat Customer,High Value,Medium Frequency,69.73707285138678,63.49206349206349,58.949416342412455,65.70603874179493,Medium Performance
C0142,68942040,3418,48,30,1,2019-02-06,2024-12-08,1436292.5,0.014043300175541252,Repeat Customer,High Value,High Frequency,80.27996313798499,76.19047619047619,73.8867271941202,77.7744698649594,High Performance
C0143,39164970,2049,29,30,1,2019-01-11,2024-08-02,1350516.2068965517,0.014153245485602733,Repeat Customer,Low Value,Low Frequency,45.60587919795074,46.03174603174603,44.29312581063554,45.47108857062629,Low Performance
C0144,42387320,2282,31,30,1,2019-03-14,2024-09-13,1367332.9032258065,0.013584574934268186,Repeat Customer,Low Value,Low Frequency,49.358163569252866,49.2063492063492,49.32987462170342,49.306961470871876,Low Performance
C0145,29769500,1984,37,30,1,2019-04-01,2024-12-29,804581.0810810811,0.018649193548387098,Repeat Customer,Low Value,Medium Frequency,34.66526900910162,58.730158730158735,42.888024210981406,43.52928696579471,Low Performance
C0146,49274960,2579,33,30,1,2019-01-20,2024-12-31,1493180.606060606,0.012795657231485071,Repeat Customer,Medium Value,Low Frequency,57.37851639472352,52.38095238095239,55.750108084738436,55.553565528595165,Medium Performance
C0147,45513830,2494,36,30,1,2019-02-05,2024-12-22,1264273.0555555555,0.014434643143544507,Repeat Customer,Medium Value,Low Frequency,52.99884649001561,57.14285714285714,53.912667531344574,54.42481389413386,Medium Performance
C0148,46876850,2357,40,30,1,2019-01-28,2024-12-09,1171921.25,0.01697072549851506,Repeat Customer,Medium Value,Medium Frequency,54.58602312935405,63.49206349206349,50.95114569822741,56.53085975194155,Medium Performance
C0149,57543220,2828,42,30,1,2019-02-28,2024-12-12,1370076.6666666667,0.01485148514851485,Repeat Customer,Medium Value,Medium Frequency,67.00654028283701,66.66666666666666,61.1327280587981,65.72981575317812,Medium Performance
C0150,35468440,2121,34,29,1,2019-07-12,2024-11-09,1043189.4117647059,0.01603017444601603,Repeat Customer,Low Value,Low Frequency,41.30143314241691,53.96825396825397,45.849546044098574,46.01110197050436,Low Performance
C0151,35615980,2127,31,30,1,2019-03-03,2024-11-28,1148902.5806451612,0.01457451810061119,Repeat Customer,Low Value,Low Frequency,41.473236961412965,49.2063492063492,45.97924773022049,44.69437278865534,Low Performance
C0152,49749000,3018,41,30,1,2019-03-10,2024-11-18,1213390.243902439,0.013585155732273028,Repeat Customer,Medium Value,Medium Frequency,57.93051505513349,65.07936507936508,65.23994811932555,61.537056675241374,Medium Performance
C0153,85877020,4256,59,30,1,2019-01-17,2024-12-12,1455542.7118644067,0.013862781954887217,Repeat Customer,High Value,High Frequency,100.0,93.65079365079364,92.00172935581496,96.49558396640109,High Performance
C0154,61178520,3157,46,30,1,2019-01-29,2024-12-16,1329967.8260869565,0.014570795058599937,Repeat Customer,High Value,High Frequency,71.2396867054772,73.01587301587301,68.2447038478167,71.17354602706384,High Performance
C0155,35744630,2002,36,30,1,2019-03-24,2024-12-17,992906.3888888889,0.017982017982017984,Repeat Customer,Low Value,Low Frequency,41.62304420903287,57.14285714285714,43.27712926934717,46.60980510124301,Low Performance
C0156,53295180,2505,36,30,1,2019-01-14,2024-09-17,1480421.6666666667,0.01437125748502994,Repeat Customer,Medium Value,Low Frequency,62.05988517067779,57.14285714285714,54.150453955901426,59.00289051937632,Medium Performance
C0157,51879830,2754,38,30,1,2019-02-15,2024-12-30,1365258.6842105263,0.013798111837327523,Repeat Customer,Medium Value,Medium Frequency,60.41177255568486,60.317460317460316,59.53307392996109,60.207739159072744,Medium Performance
C0158,48735540,2445,37,30,1,2019-02-25,2024-09-26,1317176.7567567567,0.015132924335378323,Repeat Customer,Medium Value,Medium Frequency,56.75038560956121,58.730158730158735,52.853437094682235,56.564927842764675,Medium Performance
C0159,44984320,2691,36,30,1,2019-02-02,2024-12-26,1249564.4444444445,0.013377926421404682,Repeat Customer,Medium Value,Low Frequency,52.38225546252071,57.14285714285714,58.17120622568094,54.968226119253686,Medium Performance
C0160,59980970,3197,49,30,1,2019-02-19,2024-11-23,1224101.4285714286,0.015326868939630905,Repeat Customer,High Value,High Frequency,69.84519257887617,77.77777777777779,69.10938175529616,72.07780597383065,High Performance
C0161,54232700,3152,43,30,1,2019-03-24,2024-11-17,1261225.5813953488,0.01364213197969543,Repeat Customer,Medium Value,Medium Frequency,63.15158583751509,68.25396825396825,68.13661910938175,65.67930721682438,Medium Performance
C0162,53940730,2375,30,30,1,2019-07-05,2024-10-14,1798024.3333333333,0.01263157894736842,Repeat Customer,Medium Value,Low Frequency,62.81159965727735,47.61904761904761,51.340250756593164,55.95956426567159,Medium Performance
C0163,40457330,2598,40,30,1,2019-06-02,2024-08-05,1011433.25,0.015396458814472672,Repeat Customer,Low Value,Medium Frequency,47.110775385545516,63.49206349206349,56.16083009079118,53.835172758550044,Medium Performance
C0164,46613620,2466,39,30,1,2019-01-11,2024-11-13,1195221.0256410257,0.015815085158150853,Repeat Customer,Medium Value,Medium Frequency,54.279503410807685,61.904761904761905,53.30739299610895,56.3726588760542,Medium Performance
C0165,63180540,3586,51,30,1,2019-02-27,2024-12-24,1238834.1176470588,0.01422197434467373,Repeat Customer,High Value,High Frequency,73.57095064546954,80.95238095238095,77.51837440553395,76.57486448955584,High Performance
C0166,58111030,2812,34,30,1,2019-01-18,2024-12-08,1709147.9411764706,0.01209103840682788,Repeat Customer,High Value,Low Frequency,67.66772997013636,53.96825396825397,60.78685689580631,62.18171255470563,Medium Performance
C0167,41587150,2402,35,30,1,2019-01-03,2024-12-28,1188204.2857142857,0.014571190674437969,Repeat Customer,Low Value,Low Frequency,48.42640091610072,55.55555555555556,51.923908344141815,51.26464879354539,Low Performance
C0168,61195700,3157,38,30,1,2019-06-02,2024-12-18,1610413.1578947369,0.012036743744060817,Repeat Customer,High Value,Medium Frequency,71.25969205731639,60.317460317460316,68.2447038478167,67.37402489345962,High Performance
C0169,63375830,3130,44,30,1,2019-03-25,2024-10-27,1440359.7727272727,0.014057507987220448,Repeat Customer,High Value,High Frequency,73.79835723223745,69.84126984126983,67.66104626026805,71.38376882055329,High Performance
C0170,37935380,2167,32,30,1,2019-03-21,2024-12-20,1185480.625,0.014766958929395477,Repeat Customer,Low Value,Low Frequency,44.17407590528875,50.79365079365079,46.843925637699954,46.69391831827961,Low Performance
C0171,53338800,2524,36,30,1,2019-04-27,2024-12-05,1481633.3333333333,0.014263074484944533,Repeat Customer,Medium Value,Low Frequency,62.11067873570835,57.14285714285714,54.56117596195417,59.11043170310215,Medium Performance
C0172,56707730,2786,42,30,1,2019-04-26,2024-11-27,1350184.0476190476,0.01507537688442211,Repeat Customer,Medium Value,Medium Frequency,66.03364904837173,66.66666666666666,60.22481625594466,65.0617877753748,Medium Performance
C0173,50058960,2876,36,30,1,2019-03-29,2024-11-08,1390526.6666666667,0.012517385257301807,Repeat Customer,Medium Value,Low Frequency,58.291449796464754,57.14285714285714,62.170341547773454,58.72265035064421,Medium Performance
C0174,29047310,1916,34,30,1,2019-01-11,2024-12-21,854332.6470588235,0.017745302713987474,Repeat Customer,Low Value,Low Frequency,33.824310624658374,53.96825396825397,41.41807176826632,41.38624585645864,Low Performance
C0175,53235590,2665,41,30,1,2019-01-24,2024-11-04,1298429.024390244,0.015384615384615385,Repeat Customer,Medium Value,Medium Frequency,61.99049524541024,65.07936507936508,57.60916558581928,62.0408902636785,Medium Performance
C0176,54048740,2963,44,30,1,2019-01-14,2024-08-07,1228380.4545454546,0.014849814377320284,Repeat Customer,Medium Value,High Frequency,62.93737253574938,69.84126984126983,64.05101599654128,65.2312704195639,Medium Performance
C0177,31520790,2178,30,30,1,2019-04-01,2024-12-25,1050693.0,0.013774104683195593,Repeat Customer,Low Value,Low Frequency,36.70456892891718,47.61904761904761,47.081712062256805,42.05434116262424,Low Performance
C0178,76367620,3957,58,30,1,2019-01-22,2024-12-09,1316683.103448276,0.014657568865301996,Repeat Customer,High Value,High Frequency,88.92672335393101,92.06349206349206,85.53826199740597,89.19006169549432,High Performance
C0179,35257010,2354,35,30,1,2019-05-20,2024-07-21,1007343.1428571428,0.014868309260832626,Repeat Customer,Low Value,Low Frequency,41.05523223791417,55.55555555555556,50.88629485516645,47.371541756657045,Low Performance
C0180,26408930,2147,31,29,1,2019-01-04,2024-12-10,851900.9677419355,0.014438751746623195,Repeat Customer,Low Value,Low Frequency,30.752033547507818,49.2063492063492,46.41158668396022,39.42023887245072,Low Performance
C0181,47189990,2681,40,30,1,2019-04-13,2024-12-15,1179749.75,0.014919806042521447,Repeat Customer,Medium Value,Medium Frequency,54.95066084035054,63.49206349206349,57.955036748811075,58.11395681755653,Medium Performance
C0182,35873070,2103,32,30,1,2019-03-03,2024-08-03,1121033.4375,0.015216357584403234,Repeat Customer,Low Value,Low Frequency,41.77260692092017,50.79365079365079,45.460440985732816,45.21648689570189,Low Performance
C0183,32501510,2115,32,30,1,2019-01-17,2024-12-05,1015672.1875,0.015130023640661938,Repeat Customer,Low Value,Low Frequency,37.846574089319816,50.79365079365079,45.719844357976655,43.305351154350475,Low Performance
C0184,57050360,2846,35,30,1,2019-03-12,2024-11-28,1630010.2857142857,0.012297962052002811,Repeat Customer,Medium Value,Low Frequency,66.43262656296179,55.55555555555556,61.52183311716386,62.187346571580335,Medium Performance
C0185,45894360,2520,39,30,1,2019-03-25,2024-09-16,1176778.4615384615,0.015476190476190477,Repeat Customer,Medium Value,Medium Frequency,53.44195688206228,61.904761904761905,54.474708171206224,56.187348646700954,Medium Performance
C0186,60717650,2994,42,30,1,2019-02-17,2024-12-11,1445658.3333333333,0.014028056112224449,Repeat Customer,High Value,Medium Frequency,70.70302392886944,66.66666666666666,64.72114137483787,68.29574023940229,High Performance
C0187,38937400,2049,31,30,1,2019-05-02,2024-11-08,1256045.1612903227,0.015129331381161543,Repeat Customer,Low Value,Low Frequency,45.340883975713176,49.2063492063492,44.29312581063554,46.29097191188846,Low Performance
C0188,48293510,2764,45,30,1,2019-01-28,2024-12-27,1073189.111111111,0.016280752532561504,Repeat Customer,Medium Value,High Frequency,56.23566118153611,71.42857142857143,59.749243406830956,61.49625070070567,Medium Performance
C0189,54638690,3262,41,30,1,2019-03-03,2024-11-11,1332650.975609756,0.012568976088289392,Repeat Customer,Medium Value,Medium Frequency,63.624343276000964,65.07936507936508,70.51448335495029,65.43887783280006,Medium Performance
C0190,49869830,2539,38,30,1,2019-05-15,2024-12-29,1312363.9473684211,0.014966522252855455,Repeat Customer,Medium Value,Medium Frequency,58.071216257853386,60.317460317460316,54.885430177258975,58.10793225961658,Medium Performance
C0191,56028890,2309,31,30,1,2019-02-03,2024-12-12,1807383.5483870967,0.013425725422260719,Repeat Customer,Medium Value,Low Frequency,65.24316982587426,49.2063492063492,49.913532209252054,57.3661961166923,Medium Performance
C0192,59390920,2799,43,30,1,2019-01-19,2024-10-25,1381184.1860465116,0.015362629510539478,Repeat Customer,High Value,Medium Frequency,69.15810539303763,68.25396825396825,60.505836575875485,67.15641048788439,High Performance
C0193,57786600,3001,44,30,1,2019-01-10,2024-11-30,1313331.8181818181,0.014661779406864379,Repeat Customer,High Value,High Frequency,67.28994555237246,69.84126984126983,64.87246000864678,67.57184573029653,High Performance
C0194,39279180,1845,36,30,1,2019-04-15,2024-12-26,1091088.3333333333,0.01951219512195122,Repeat Customer,Low Value,Low Frequency,45.738871702814095,57.14285714285714,39.88326848249027,47.98894669076224,Low Performance
C0195,46367090,2247,33,30,1,2019-02-15,2024-12-28,1405063.3333333333,0.014686248331108143,Repeat Customer,Medium Value,Low Frequency,53.99243010528312,52.38095238095239,48.57328145265888,52.42515705745905,Low Performance
C0196,61286970,3483,54,30,1,2019-01-09,2024-10-28,1134943.888888889,0.015503875968992248,Repeat Customer,High Value,High Frequency,71.36597194453185,85.71428571428571,75.29182879377431,76.4556374453065,High Performance
C0197,66821570,3431,50,30,1,2019-02-22,2024-10-18,1336431.4,0.01457301078402798,Repeat Customer,High Value,High Frequency,77.81076940024234,79.36507936507937,74.16774751405102,77.54845801245519,High Performance
C0198,51107370,2497,38,30,1,2019-03-27,2024-10-19,1344930.7894736843,0.015218261914297157,Repeat Customer,Medium Value,Medium Frequency,59.51227697467844,60.317460317460316,53.977518374405534,58.64688025745842,Medium Performance
C0199,41788400,2572,38,30,1,2019-01-19,2024-10-21,1099694.7368421052,0.014774494556765163,Repeat Customer,Low Value,Medium Frequency,48.66074765985126,60.317460317460316,55.59878945092953,53.54536981534963,Medium Performance
C0200,73304770,3792,52,30,1,2019-02-09,2024-11-25,1409707.1153846155,0.013713080168776372,Repeat Customer,High Value,High Frequency,85.36016969382496,82.53968253968253,81.97146562905317,83.83628273462787,High Performance
C0201,66387120,3466,49,30,1,2019-02-01,2024-12-13,1354839.1836734693,0.01413733410271206,Repeat Customer,High Value,High Frequency,77.30487154770857,77.77777777777779,74.92434068309555,76.97063724380673,High Performance
C0202,46256330,2704,35,30,1,2019-09-19,2024-09-21,1321609.4285714286,0.012943786982248521,Repeat Customer,Medium Value,Low Frequency,53.86345497316978,55.55555555555556,58.452226545611765,55.288839462373915,Medium Performance
C0203,43333790,2453,37,30,1,2019-02-25,2024-11-19,1171183.5135135136,0.015083571137382797,Repeat Customer,Medium Value,Medium Frequency,50.4602861161228,58.730158730158735,53.02637267617813,53.454465212344644,Medium Performance
C0204,34104450,2029,33,30,1,2019-03-02,2024-12-08,1033468.1818181818,0.016264169541646133,Repeat Customer,Low Value,Low Frequency,39.71312698088499,52.38095238095239,43.86078685689581,44.34300657610737,Low Performance
C0205,53896570,2580,39,30,1,2019-01-10,2024-11-15,1381963.3333333333,0.015116279069767442,Repeat Customer,Medium Value,Medium Frequency,62.76017728607724,61.904761904761905,55.77172503242542,61.105862220952275,Medium Performance
C0206,75741580,3567,46,30,1,2019-01-08,2024-12-11,1646556.0869565217,0.012895991028875805,Repeat Customer,High Value,High Frequency,88.19772740134671,73.01587301587301,77.1076523994812,81.42515608533151,High Performance
C0207,79795630,3583,51,30,1,2019-02-10,2024-10-13,1564620.1960784313,0.014233882221602009,Repeat Customer,High Value,High Frequency,92.91848971936847,80.95238095238095,77.45352356247298,86.23566385789312,High Performance
C0208,40653790,2464,34,30,1,2019-01-20,2024-12-30,1195699.705882353,0.013798701298701298,Repeat Customer,Low Value,Low Frequency,47.339544385680824,53.96825396825397,53.26415910073498,50.5130802034636,Low Performance
C0209,56741580,3052,46,30,1,2019-10-18,2024-11-22,1233512.608695652,0.01507208387942333,Repeat Customer,Medium Value,High Frequency,66.07306587955661,73.01587301587301,65.97492434068309,68.13627971267682,High Performance
C0210,42817450,2125,32,30,1,2019-02-20,2024-12-28,1338045.3125,0.015058823529411765,Repeat Customer,Low Value,Low Frequency,49.859030972430105,50.79365079365079,45.93601383484652,49.3548134912796,Low Performance
C0211,50253990,3416,45,30,1,2019-03-06,2024-11-20,1116755.3333333333,0.013173302107728338,Repeat Customer,Medium Value,High Frequency,58.518553624706584,71.42857142857143,73.84349329874622,65.45654690067397,Medium Performance
C0212,38459600,2096,35,30,1,2019-02-01,2024-11-15,1098845.7142857143,0.016698473282442748,Repeat Customer,Low Value,Low Frequency,44.78450696123363,55.55555555555556,45.30912235192391,48.12074461766827,Low Performance
C0213,53323570,2288,32,30,1,2019-02-26,2024-08-31,1666361.5625,0.013986013986013986,Repeat Customer,Medium Value,Low Frequency,62.092944072814824,50.79365079365079,49.45957630782534,56.17648253606772,Medium Performance
C0214,42524620,2449,35,30,1,2019-01-12,2024-12-26,1214989.142857143,0.014291547570436913,Repeat Customer,Low Value,Low Frequency,49.518043360144546,55.55555555555556,52.93990488543018,52.01366932382497,Low Performance
C0215,62827530,3911,53,30,1,2019-02-28,2024-12-24,1185425.0943396227,0.013551521350038353,Repeat Customer,High Value,High Frequency,73.15988607895338,84.12698412698413,84.54388240380459,78.72681475833285,High Performance
C0216,60089830,3001,46,30,1,2019-01-27,2024-11-20,1306300.652173913,0.015328223925358214,Repeat Customer,High Value,High Frequency,69.97195524483732,73.01587301587301,64.87246000864678,69.86523152890992,High Performance
C0217,49708160,2466,38,30,1,2019-01-19,2024-12-18,1308109.4736842106,0.015409570154095702,Repeat Customer,Medium Value,Medium Frequency,57.88295867742034,60.317460317460316,53.30739299610895,57.69819603317006,Medium Performance
C0218,43621310,2735,45,30,1,2019-02-02,2024-10-16,969362.4444444445,0.016453382084095063,Repeat Customer,Medium Value,High Frequency,50.79509046774097,71.42857142857143,59.12235192390835,58.65058704722358,Medium Performance
C0219,62317920,3279,48,30,1,2019-01-09,2024-12-21,1298290.0,0.01463860933211345,Repeat Customer,High Value,High Frequency,72.56646772326287,76.19047619047619,70.88197146562905,73.3167710119001,High Performance
C0220,43066280,2805,47,30,1,2019-01-19,2024-11-06,916303.8297872341,0.01675579322638146,Repeat Customer,Medium Value,High Frequency,50.148782526454696,74.60317460317461,60.635538261997404,59.582451296579215,Medium Performance
C0221,64336800,2968,44,30,1,2019-01-17,2024-09-05,1462200.0,0.014824797843665768,Repeat Customer,High Value,High Frequency,74.91736438921612,69.84126984126983,64.15910073497622,71.24288329398425,High Performance
C0222,48043620,2779,44,30,1,2019-01-30,2024-12-13,1091900.4545454546,0.01583303346527528,Repeat Customer,Medium Value,High Frequency,55.94467530428978,69.84126984126983,60.073497622135754,60.93941812895299,Medium Performance
C0223,43216770,2430,34,30,1,2019-03-01,2024-10-15,1271081.4705882352,0.013991769547325103,Repeat Customer,Medium Value,Low Frequency,50.32402149026597,53.96825396825397,52.52918287937744,51.85832351148467,Low Performance
C0224,45785060,2639,40,30,1,2019-01-30,2024-12-14,1144626.5,0.015157256536566882,Repeat Customer,Medium Value,Medium Frequency,53.31468185551851,63.49206349206349,57.04712494595763,57.11438496456983,Medium Performance
C0225,56839930,2972,51,30,1,2019-03-17,2024-07-17,1114508.431372549,0.017160161507402422,Repeat Customer,Medium Value,High Frequency,66.18759011432861,80.95238095238095,64.24556852572417,70.22862304802342,High Performance
C0226,39194740,2327,28,30,1,2019-01-22,2024-09-28,1399812.142857143,0.012032660077352814,Repeat Customer,Low Value,Low Frequency,45.64054504918778,44.44444444444444,50.30263726761781,46.21413331145078,Low Performance
C0227,51113410,2412,39,30,1,2019-02-13,2024-10-24,1310600.2564102565,0.01616915422885572,Repeat Customer,Medium Value,Medium Frequency,59.51931028813063,61.904761904761905,52.14007782101168,58.75909927969623,Medium Performance
C0228,51601040,2375,36,30,1,2019-03-27,2024-09-10,1433362.2222222222,0.015157894736842105,Repeat Customer,Medium Value,Low Frequency,60.08713390380803,57.14285714285714,51.340250756593164,57.45447424607979,Medium Performance
C0229,36130700,1653,29,30,1,2019-05-15,2024-11-29,1245886.2068965517,0.017543859649122806,Repeat Customer,Low Value,Low Frequency,42.07260568659695,46.03174603174603,35.73281452658885,41.992389558140054,Low Performance
C0230,53600640,3170,41,30,1,2019-02-19,2024-10-31,1307332.6829268292,0.012933753943217666,Repeat Customer,Medium Value,Medium Frequency,62.415579860596004,65.07936507936508,68.52572416774751,64.43674428765704,Medium Performance
C0231,52413100,2916,39,30,1,2019-02-15,2024-11-08,1343925.641025641,0.013374485596707819,Repeat Customer,Medium Value,Medium Frequency,61.032741937249334,61.904761904761905,63.035019455252915,61.69480343110382,Medium Performance
C0232,49272940,2856,41,30,1,2019-01-24,2024-12-29,1201779.024390244,0.014355742296918767,Repeat Customer,Medium Value,Medium Frequency,57.376164193867,65.07936507936508,61.73800259403372,60.55949213954976,Medium Performance
C0233,42607030,2463,34,30,1,2019-02-15,2024-10-21,1253147.9411764706,0.013804303694681283,Repeat Customer,Low Value,Low Frequency,49.61400616835564,53.96825396825397,53.24254215304799,51.64598770526361,Low Performance
C0234,63256170,2845,33,30,1,2019-01-09,2024-12-26,1916853.6363636365,0.011599297012302284,Repeat Customer,High Value,Low Frequency,73.65901844288494,52.38095238095239,61.50021616947687,64.84383816962357,Medium Performance
C0235,53090300,2933,43,30,1,2019-05-08,2024-09-10,1234658.1395348837,0.014660756904193658,Repeat Customer,Medium Value,Medium Frequency,61.82131145212072,68.25396825396825,63.402507565931685,64.06734771543718,Medium Performance
C0236,55730670,2825,47,30,1,2019-03-21,2024-10-25,1185758.9361702127,0.01663716814159292,Repeat Customer,Medium Value,High Frequency,64.89590579645171,74.60317460317461,61.06787721573714,67.04248072232568,High Performance
C0237,59754510,2776,46,30,1,2019-01-28,2024-10-15,1299011.0869565217,0.016570605187319884,Repeat Customer,High Value,High Frequency,69.58148990265381,73.01587301587301,60.008646779074795,68.69723621190377,High Performance
C0238,30976180,1995,32,30,1,2019-01-22,2024-09-01,968005.625,0.016040100250626566,Repeat Customer,Low Value,Low Frequency,36.07039461779181,50.79365079365079,43.125810635538265,41.8984546740988,Low Performance
C0239,43671220,2334,38,30,1,2019-10-11,2024-10-27,1149242.6315789474,0.016281062553556127,Repeat Customer,Medium Value,Medium Frequency,50.8532084601911,60.317460317460316,50.45395590142672,53.61263350561899,Medium Performance
C0240,81776260,3799,50,30,1,2019-02-19,2024-11-10,1635525.2,0.013161358252171624,Repeat Customer,High Value,High Frequency,95.22484594831073,79.36507936507937,82.12278426286208,87.8465036362516,High Performance
C0241,71234710,3441,46,30,1,2019-02-01,2024-10-31,1548580.652173913,0.013368206916594013,Repeat Customer,High Value,High Frequency,82.94967617646724,73.01587301587301,74.38391699092088,78.2563833911797,High Performance
C0242,60722930,3189,50,30,1,2019-01-30,2024-11-18,1214458.6,0.01567889620570712,Repeat Customer,High Value,High Frequency,70.70917225586076,79.36507936507937,68.93644617380026,72.95139917221425,High Performance
C0243,39757700,2421,34,30,1,2019-07-13,2024-12-10,1169344.1176470588,0.014043783560512184,Repeat Customer,Low Value,Low Frequency,46.296087125519726,53.96825396825397,52.33463035019456,49.805445823274965,Low Performance
C0244,64972160,3292,48,30,1,2019-05-06,2024-12-09,1353586.6666666667,0.014580801944106925,Repeat Customer,High Value,High Frequency,75.65721307050478,76.19047619047619,71.16299178555988,74.91834774950723,High Performance
C0245,46663320,2417,37,30,1,2019-01-01,2024-11-30,1261170.810810811,0.015308233347124535,Repeat Customer,Medium Value,Medium Frequency,54.33737686752521,58.730158730158735,52.24816255944661,55.23736856469955,Medium Performance
C0246,61368980,2548,37,30,1,2019-01-26,2024-11-02,1658621.0810810812,0.014521193092621664,Repeat Customer,High Value,Medium Frequency,71.4614689703951,58.730158730158735,55.079982706441854,64.36577864553354,Medium Performance
C0247,55849110,2998,42,30,1,2019-02-14,2024-11-13,1329740.7142857143,0.014009339559706471,Repeat Customer,Medium Value,Medium Frequency,65.03382394964335,66.66666666666666,64.80760916558582,65.47843380793883,Medium Performance
C0248,35510400,1809,30,30,1,2019-01-10,2024-12-04,1183680.0,0.01658374792703151,Repeat Customer,Low Value,Low Frequency,41.35029371070399,47.61904761904761,39.10505836575876,42.781872814218026,Low Performance
C0249,52709760,2725,40,30,1,2019-01-16,2024-10-01,1317744.0,0.014678899082568808,Repeat Customer,Medium Value,Medium Frequency,61.37818941551535,63.49206349206349,58.90618244703848,61.517950244784416,Medium Performance
C0250,63230590,3308,45,30,1,2019-03-08,2024-12-20,1405124.2222222222,0.013603385731559855,Repeat Customer,High Value,High Frequency,73.6292316617414,71.42857142857143,71.50886294855167,72.54495984915246,High Performance
C0251,50171060,2446,39,30,1,2019-01-09,2024-07-06,1286437.435897436,0.015944399018806215,Repeat Customer,Medium Value,Medium Frequency,58.42198529944332,61.904761904761905,52.87505404236922,58.35743202962408,Medium Performance
C0252,39885550,2324,38,30,1,2019-08-03,2024-11-07,1049619.7368421052,0.016351118760757316,Repeat Customer,Low Value,Medium Frequency,46.44496280844398,60.317460317460316,50.23778642455685,51.36527678437145,Low Performance
C0253,59006480,3155,40,30,1,2019-03-28,2024-11-27,1475162.0,0.012678288431061807,Repeat Customer,High Value,Medium Frequency,68.71044197854094,63.49206349206349,68.20146995244272,67.04313402737806,High Performance
C0254,75547750,3634,52,30,1,2019-07-01,2024-09-25,1452841.3461538462,0.014309301045679693,Repeat Customer,High Value,High Frequency,87.97202092014838,82.53968253968253,78.5559878945093,84.45911280088082,High Performance
C0255,60102490,3492,49,30,1,2019-01-05,2024-11-11,1226581.4285714286,0.014032073310423826,Repeat Customer,High Value,High Frequency,69.98669725614606,77.77777777777779,75.4863813229572,73.42395822599781,High Performance
C0256,49845250,2639,34,30,1,2019-01-03,2024-09-19,1466036.7647058824,0.012883668056081848,Repeat Customer,Medium Value,Low Frequency,58.0425939325794,53.96825396825397,57.04712494595763,56.621198145957415,Medium Performance
C0257,60172930,3363,45,30,1,2019-01-18,2024-12-23,1337176.2222222222,0.013380909901873328,Repeat Customer,High Value,High Frequency,70.06872152759843,71.42857142857143,72.69779507133592,71.00249120663783,High Performance
C0258,54371200,2559,31,30,1,2019-02-04,2024-10-10,1753909.677419355,0.01211410707307542,Repeat Customer,Medium Value,Low Frequency,63.312862975450244,49.2063492063492,55.317769130998705,57.481890075829625,Medium Performance
C0259,52219040,2602,37,30,1,2019-02-02,2024-12-13,1411325.4054054054,0.014219830899308224,Repeat Customer,Medium Value,Medium Frequency,60.806767631200984,58.730158730158735,56.247297881539126,59.27189101095594,Medium Performance
C0260,52018150,2743,38,30,1,2019-01-30,2024-09-05,1368898.6842105263,0.013853445133065986,Repeat Customer,Medium Value,Medium Frequency,60.57284009156349,60.317460317460316,59.29528750540424,60.24071564210069,Medium Performance
C0261,57586180,3010,40,30,1,2019-05-06,2024-12-06,1439654.5,0.013289036544850499,Repeat Customer,Medium Value,Medium Frequency,67.05656530699365,63.49206349206349,65.06701253782965,65.5893042086818,Medium Performance
C0262,38179240,2116,30,30,1,2019-02-26,2024-12-04,1272641.3333333333,0.014177693761814745,Repeat Customer,Low Value,Low Frequency,44.45804011364158,47.61904761904761,45.74146130566364,45.6630266036678,Low Performance
C0263,55123450,2906,40,30,1,2019-03-06,2024-11-01,1378086.25,0.013764624913971095,Repeat Customer,Medium Value,Medium Frequency,64.1888249033327,63.49206349206349,62.81884997838305,63.705801494962,Medium Performance
C0264,56501370,2551,39,30,1,2019-01-02,2024-11-02,1448753.076923077,0.01528812230497844,Repeat Customer,Medium Value,Medium Frequency,65.7933519351277,61.904761904761905,55.14483354950281,62.497071248892986,Medium Performance
C0265,44129000,2390,33,30,1,2019-02-19,2024-09-27,1337242.4242424243,0.013807531380753139,Repeat Customer,Medium Value,Low Frequency,51.38627306816189,52.38095238095239,51.664504971897976,51.74032324274626,Low Performance
C0266,46658690,2667,37,30,1,2019-01-22,2024-09-24,1261045.6756756757,0.013873265841769778,Repeat Customer,Medium Value,Medium Frequency,54.331985436849116,58.730158730158735,57.65239948119325,56.315520233710835,Medium Performance
C0267,38686930,2205,33,30,1,2019-03-07,2024-03-25,1172331.2121212122,0.014965986394557823,Repeat Customer,Low Value,Low Frequency,45.0492227140625,52.38095238095239,47.66536964980545,47.77197100127806,Low Performance
C0268,54298750,2712,37,30,1,2019-01-21,2024-10-07,1467533.7837837837,0.01364306784660767,Repeat Customer,Medium Value,Medium Frequency,63.22849814770005,58.730158730158735,58.62516212710766,60.95832911831918,Medium Performance
C0269,58480890,3360,48,30,1,2019-01-12,2024-11-22,1218351.875,0.014285714285714285,Repeat Customer,High Value,High Frequency,68.09841561805476,76.19047619047619,72.63294422827497,71.43293951182524,High Performance
C0270,57707880,3044,46,30,1,2019-03-27,2024-12-20,1254519.1304347827,0.015111695137976347,Repeat Customer,High Value,High Frequency,67.19827958632007,73.01587301587301,65.8019887591872,68.66429944975937,High Performance
C0271,34224570,1929,28,29,1,2019-06-05,2024-11-26,1222306.0714285714,0.014515292897874546,Repeat Customer,Low Value,Low Frequency,39.85300141993749,44.44444444444444,41.69909208819715,41.599652460941506,Low Performance
C0272,64345280,3277,43,30,1,2019-09-01,2024-12-13,1496401.8604651163,0.013121757705218187,Repeat Customer,High Value,Medium Frequency,74.92723897499005,68.25396825396825,70.83873757025508,72.10755747773652,High Performance
C0273,50756990,2755,40,30,1,2019-05-04,2024-12-31,1268924.75,0.014519056261343012,Repeat Customer,Medium Value,Medium Frequency,59.10427492709924,63.49206349206349,59.55469087764808,60.51069468669828,Medium Performance
C0274,50332620,2573,42,30,1,2019-01-08,2024-06-27,1198395.7142857143,0.016323357947920714,Repeat Customer,Medium Value,Medium Frequency,58.6101147897307,66.66666666666666,55.62040639861652,60.42913867458865,Medium Performance
C0275,52499270,2920,47,30,1,2019-06-17,2024-11-09,1117005.744680851,0.016095890410958904,Repeat Customer,Medium Value,High Frequency,61.133083099530005,74.60317460317461,63.12148724600086,65.57179137991756,Medium Performance
C0276,62626530,3459,49,30,1,2019-01-08,2024-12-29,1278092.448979592,0.014165943914426134,Repeat Customer,High Value,High Frequency,72.92583044917022,77.77777777777779,74.77302204928664,74.75085296777577,High Performance
C0277,35987190,2337,38,30,1,2019-05-28,2024-09-14,947031.3157894737,0.016260162601626018,Repeat Customer,Low Value,Medium Frequency,41.90549462475526,60.317460317460316,50.51880674448768,49.15174675651326,Low Performance
C0278,47124980,3072,45,30,1,2019-03-23,2024-12-03,1047221.7777777778,0.0146484375,Repeat Customer,Medium Value,High Frequency,54.87495956426993,71.42857142857143,66.40726329442282,62.14750386959095,Medium Performance
C0279,30576800,2104,28,30,1,2019-05-12,2024-11-12,1092028.5714285714,0.013307984790874524,Repeat Customer,Low Value,Low Frequency,35.60533423260379,44.44444444444444,45.4820579334198,40.23241203631919,Low Performance
C0280,50723520,3026,47,30,1,2019-01-12,2024-11-05,1079223.829787234,0.015532055518836747,Repeat Customer,Medium Value,High Frequency,59.0653005891448,74.60317460317461,65.41288370082144,64.99617941568907,Medium Performance
C0281,41345180,2247,31,30,1,2019-01-01,2024-06-25,1333715.4838709678,0.013796172674677348,Repeat Customer,Low Value,Low Frequency,48.14463752934138,49.2063492063492,48.57328145265888,48.54887981710723,Low Performance
C0282,61527530,3781,51,30,1,2019-01-17,2024-12-24,1206422.156862745,0.01348849510711452,Repeat Customer,High Value,High Frequency,71.6460934485151,80.95238095238095,81.73367920449633,76.4554968508711,High Performance
C0283,36153120,2160,33,30,1,2019-04-14,2024-09-04,1095549.0909090908,0.015277777777777777,Repeat Customer,Low Value,Low Frequency,42.09871278719266,52.38095238095239,46.69260700389105,46.10216350866026,Low Performance
C0284,61309650,3369,45,30,1,2019-01-09,2024-12-23,1362436.6666666667,0.013357079252003561,Repeat Customer,High Value,High Frequency,71.39238180365365,71.42857142857143,72.82749675745784,71.69026168188982,High Performance
C0285,44949370,2931,51,30,1,2019-02-11,2024-12-05,881360.1960784313,0.017400204708290685,Repeat Customer,Medium Value,High Frequency,52.341557729879305,80.95238095238095,63.35927367055771,63.12834788476548,Medium Performance
C0286,50682130,2975,39,30,1,2019-01-06,2024-12-29,1299541.7948717948,0.01310924369747899,Repeat Customer,Medium Value,Medium Frequency,59.017103760703385,61.904761904761905,64.31041936878513,60.94206432553729,Medium Performance
C0287,43261120,2332,36,30,1,2019-03-22,2024-11-27,1201697.7777777778,0.015437392795883362,Repeat Customer,Medium Value,Low Frequency,50.3756651080813,57.14285714285714,50.410722006052744,52.41283409810834,Low Performance
C0288,84094790,4626,63,30,1,2019-02-21,2024-10-18,1334837.9365079366,0.013618677042801557,Repeat Customer,High Value,High Frequency,97.92467181558,100.0,100.0,98.96233590778999,High Performance
C0289,45171030,2569,40,30,1,2019-02-07,2024-10-29,1129275.75,0.015570260801868432,Repeat Customer,Medium Value,Medium Frequency,52.59967101792773,63.49206349206349,55.53393860786857,56.45424227815663,Medium Performance
C0290,51960040,2872,46,30,1,2019-03-04,2024-11-15,1129566.0869565217,0.016016713091922007,Repeat Customer,Medium Value,High Frequency,60.505173560982904,73.01587301587301,62.08387375702551,64.57412343665845,Medium Performance
C0291,73179030,3766,54,30,1,2019-03-13,2024-12-03,1355167.2222222222,0.014338821030270845,Repeat Customer,High Value,High Frequency,85.2137510127855,85.71428571428571,81.40942498919152,84.60304621851677,High Performance
C0292,30669960,1714,31,30,1,2019-01-11,2024-09-19,989353.5483870967,0.01808634772462077,Repeat Customer,Low Value,Low Frequency,35.71381494141273,49.2063492063492,37.05144833549503,40.02910189971013,Low Performance
C0293,57398730,3173,42,30,1,2019-01-19,2024-09-25,1366636.4285714286,0.013236684525685471,Repeat Customer,Medium Value,Medium Frequency,66.83828805424315,66.66666666666666,68.59057501080848,67.13725902928327,High Performance
C0294,69115310,4025,51,30,1,2019-03-26,2024-12-27,1355202.156862745,0.01267080745341615,Repeat Customer,High Value,High Frequency,80.48172840650503,80.95238095238095,87.00821444012105,81.92822137699102,High Performance
C0295,63205470,3270,46,30,1,2019-03-07,2024-10-09,1374031.956521739,0.014067278287461774,Repeat Customer,High Value,High Frequency,73.59998053029786,73.01587301587301,70.68741893644618,72.84223595720007,High Performance
C0296,46533710,2593,41,30,1,2019-01-02,2024-11-07,1134968.536585366,0.015811801002699577,Repeat Customer,Medium Value,Medium Frequency,54.18645174227051,65.07936507936508,56.05274535235625,57.82758446541603,Medium Performance
C0297,62422580,3033,39,30,1,2019-01-19,2024-07-01,1600578.9743589743,0.012858555885262116,Repeat Customer,High Value,Medium Frequency,72.68833967457185,61.904761904761905,65.56420233463035,68.02843887564056,High Performance
C0298,42797160,2423,37,30,1,2019-01-05,2024-11-20,1156680.0,0.015270326042096575,Repeat Customer,Low Value,Medium Frequency,49.835404162836575,58.730158730158735,52.37786424556853,53.01232254957961,Medium Performance
C0299,42381340,2565,37,30,1,2019-01-24,2024-08-30,1145441.6216216215,0.01442495126705653,Repeat Customer,Low Value,Medium Frequency,49.35120012315286,58.730158730158735,55.447470817120625,53.38414184404818,Medium Performance
C0300,60578170,3058,44,30,1,2019-05-05,2024-11-30,1376776.5909090908,0.014388489208633094,Repeat Customer,High Value,High Frequency,70.54060562418212,69.84126984126983,66.10462602680501,69.44360896983301,High Performance
C0301,50854440,2645,47,30,1,2019-01-13,2024-12-19,1082009.3617021276,0.01776937618147448,Repeat Customer,Medium Value,High Frequency,59.21775115158863,74.60317460317461,57.176826632079546,63.425193283162606,Medium Performance
C0302,51978350,2575,42,30,1,2019-02-05,2024-12-24,1237579.761904762,0.016310679611650485,Repeat Customer,Medium Value,Medium Frequency,60.52649474795469,66.66666666666666,55.66364029399049,61.395975432775444,Medium Performance
C0303,30524560,1997,31,30,1,2019-04-05,2024-12-01,984663.2258064516,0.015523284927391086,Repeat Customer,Low Value,Low Frequency,35.544503057977565,49.2063492063492,43.16904453091224,41.167965197075986,Low Performance
C0304,71638560,3790,51,30,1,2019-01-26,2024-12-25,1404677.6470588236,0.01345646437994723,Repeat Customer,High Value,High Frequency,83.41994167939222,80.95238095238095,81.9282317336792,82.38133147214624,High Performance
C0305,41460360,2044,33,30,1,2019-05-16,2024-11-27,1256374.5454545454,0.01614481409001957,Repeat Customer,Low Value,Low Frequency,48.27875955639821,52.38095238095239,44.185041072200605,48.69067370692494,Low Performance
C0306,57049240,2868,47,30,1,2019-07-19,2024-12-16,1213813.6170212766,0.016387726638772665,Repeat Customer,Medium Value,High Frequency,66.43132237238787,74.60317460317461,61.99740596627756,67.99609476040183,High Performance
C0307,68834490,3291,48,30,1,2019-01-15,2024-11-24,1434051.875,0.014585232452142206,Repeat Customer,High Value,High Frequency,80.15472590921297,76.19047619047619,71.14137483787289,77.16278077932392,High Performance
C0308,42189220,2371,36,30,1,2019-02-19,2024-12-12,1171922.7777777778,0.015183466891606916,Repeat Customer,Low Value,Low Frequency,49.12748486149147,57.14285714285714,51.25378296584522,51.957356166771916,Low Performance
C0309,30418360,1893,32,30,1,2019-03-04,2024-12-17,950573.75,0.016904384574749076,Repeat Customer,Low Value,Low Frequency,35.420837844629446,50.79365079365079,40.920881971465626,41.13269055470308,Low Performance
C0310,51400980,2987,41,30,1,2019-05-30,2024-11-07,1253682.4390243902,0.013726146635420154,Repeat Customer,Medium Value,Medium Frequency,59.85417286254228,65.07936507936508,64.56982274102897,62.36486050328646,Medium Performance
C0311,61951490,3214,46,30,1,2019-02-03,2024-09-17,1346771.5217391304,0.01431238332296204,Repeat Customer,High Value,High Frequency,72.13977615897711,73.01587301587301,69.47686986597492,71.87002395744545,High Performance
C0312,52920140,2866,40,30,1,2019-04-16,2024-11-17,1323003.5,0.013956734124214934,Repeat Customer,Medium Value,Medium Frequency,61.623167641355046,63.49206349206349,61.95417207090359,62.25003728247728,Medium Performance
C0313,41705840,2205,32,30,1,2019-05-28,2024-09-02,1303307.5,0.014512471655328799,Repeat Customer,Low Value,Low Frequency,48.56461018325974,50.79365079365079,47.66536964980545,49.0534742596862,Low Performance
C0314,54595560,2829,45,30,1,2019-01-22,2024-09-26,1213234.6666666667,0.015906680805938492,Repeat Customer,Medium Value,High Frequency,63.57412029434649,71.42857142857143,61.15434500648509,65.44650057704169,Medium Performance
C0315,50056680,2834,42,30,1,2019-01-09,2024-12-17,1191825.7142857143,0.014820042342978124,Repeat Customer,Medium Value,Medium Frequency,58.28879483708215,66.66666666666666,61.26242974492002,61.39688336752508,Medium Performance
C0316,40257180,2180,38,30,1,2019-03-08,2024-09-22,1059399.4736842106,0.01743119266055046,Repeat Customer,Low Value,Medium Frequency,46.8777095432515,60.317460317460316,47.12494595763078,50.95908205839,Low Performance
C0317,40944770,2529,38,30,1,2019-01-17,2024-12-25,1077493.9473684211,0.015025701858442072,Repeat Customer,Low Value,Medium Frequency,47.678377754607695,60.317460317460316,54.6692607003891,52.86827911261976,Medium Performance
C0318,58005460,2957,41,30,1,2019-01-08,2024-11-09,1414767.3170731708,0.013865404125803178,Repeat Customer,High Value,Medium Frequency,67.54479836398608,65.07936507936508,63.92131431041936,66.08047156788643,Medium Performance
C0319,54752580,2936,37,30,1,2019-05-16,2024-12-08,1479799.4594594594,0.012602179836512262,Repeat Customer,Medium Value,Medium Frequency,63.756963154986046,58.730158730158735,63.467358408992645,62.19100087833917,Medium Performance
C0320,42807100,2146,35,30,1,2019-04-01,2024-12-30,1223060.0,0.016309412861136997,Repeat Customer,Low Value,Low Frequency,49.84697885418008,55.55555555555556,46.38996973627324,50.868150041011354,Low Performance
C0321,48683300,2813,42,30,1,2019-01-04,2024-12-22,1159126.1904761905,0.014930678990401706,Repeat Customer,Medium Value,Medium Frequency,56.68955443493498,66.66666666666666,60.808473843493296,60.50647198616615,Medium Performance
C0322,32591500,1995,29,30,1,2019-04-10,2024-12-10,1123844.8275862068,0.014536340852130326,Repeat Customer,Low Value,Low Frequency,37.95136347302224,46.03174603174603,43.125810635538265,41.41036767314259,Low Performance
C0323,45380540,2573,40,30,1,2019-01-11,2024-12-22,1134513.5,0.01554605518849592,Repeat Customer,Medium Value,Medium Frequency,52.8436361671609,63.49206349206349,55.62040639861652,56.593518410922805,Medium Performance
C0324,43386470,2585,38,30,1,2019-01-24,2024-08-24,1141749.2105263157,0.014700193423597678,Repeat Customer,Medium Value,Medium Frequency,50.52162965133164,60.317460317460316,55.879809770860355,54.53201487507599,Medium Performance
C0325,44540760,1858,33,30,1,2019-03-03,2024-11-09,1349720.0,0.01776103336921421,Repeat Customer,Medium Value,Low Frequency,51.865749417015174,52.38095238095239,40.1642888024211,49.680018183277525,Low Performance
C0326,55349670,3035,47,30,1,2019-03-14,2024-12-30,1177652.5531914893,0.015485996705107084,Repeat Customer,Medium Value,High Frequency,64.45224811014634,74.60317460317461,65.60743623000432,67.72856368202642,High Performance
C0327,48891270,2718,45,30,1,2019-02-01,2024-12-06,1086472.6666666667,0.016556291390728478,Repeat Customer,Medium Value,High Frequency,56.931726322129016,71.42857142857143,58.754863813229576,61.64540735228185,Medium Performance
C0328,53610980,2732,40,30,1,2019-01-03,2024-12-05,1340274.5,0.014641288433382138,Repeat Customer,Medium Value,Medium Frequency,62.42762033428734,63.49206349206349,59.05750108084739,62.07292943093219,Medium Performance
C0329,50414010,2480,36,30,1,2019-01-03,2024-12-26,1400389.1666666667,0.014516129032258065,Repeat Customer,Medium Value,Low Frequency,58.70488985295484,57.14285714285714,53.61003026372676,57.21730812207991,Medium Performance
C0330,45803070,2863,41,30,1,2019-02-12,2024-08-10,1117148.0487804879,0.014320642682500873,Repeat Customer,Medium Value,Medium Frequency,53.33565370572943,65.07936507936508,61.88932122784263,58.569500622242764,Medium Performance
C0331,54547840,3434,44,30,1,2019-04-12,2024-12-15,1239723.6363636365,0.0128130460104834,Repeat Customer,Medium Value,High Frequency,63.518552460250724,69.84126984126983,74.23259835711198,67.55817685392871,High Performance
C0332,41463910,2412,39,30,1,2019-01-19,2024-11-23,1063177.1794871795,0.01616915422885572,Repeat Customer,Low Value,Medium Frequency,48.282893374735174,61.904761904761905,52.14007782101168,53.1408908229985,Medium Performance
C0333,51934490,2957,42,30,1,2019-01-09,2024-12-02,1236535.4761904762,0.014203584714237404,Repeat Customer,Medium Value,Medium Frequency,60.475421713515445,66.66666666666666,63.92131431041936,63.021973718841586,Medium Performance
C0334,34503010,2057,37,30,1,2019-01-03,2024-08-24,932513.7837837838,0.01798736023334954,Repeat Customer,Low Value,Medium Frequency,40.17723251225998,58.730158730158735,44.46606139213143,46.60087615360389,Low Performance
C0335,52685710,3174,43,30,1,2019-01-31,2024-11-03,1225249.0697674418,0.013547574039067423,Repeat Customer,Medium Value,Medium Frequency,61.35018425185225,68.25396825396825,68.61219195849546,64.87372099381568,Medium Performance
C0336,36133900,2261,39,30,1,2019-01-13,2024-10-26,926510.2564102564,0.017249004865103935,Repeat Customer,Low Value,Medium Frequency,42.07633194537957,61.904761904761905,48.875918720276694,49.38477828817369,Low Performance
C0337,58199500,2775,35,30,1,2019-04-15,2024-08-25,1662842.857142857,0.012612612612612612,Repeat Customer,High Value,Low Frequency,67.77074938091704,55.55555555555556,59.98702983138781,62.54944732340275,Medium Performance
C0338,43157630,2320,38,30,1,2019-02-01,2024-11-23,1135727.105263158,0.016379310344827588,Repeat Customer,Medium Value,Medium Frequency,50.25515557013972,60.317460317460316,50.151318633808906,53.253079607069736,Medium Performance
C0339,40846800,1972,27,30,1,2019-05-01,2024-08-16,1512844.4444444445,0.013691683569979716,Repeat Customer,Low Value,Low Frequency,47.56429601306613,42.857142857142854,42.62862083873757,45.16501503142343,Low Performance
C0340,55130110,2785,39,30,1,2019-01-05,2024-12-04,1413592.564102564,0.01400359066427289,Repeat Customer,Medium Value,Medium Frequency,64.19658017942402,61.904761904761905,60.20319930825767,62.71035852279211,Medium Performance
C0341,55626730,2834,38,30,1,2019-03-10,2024-10-07,1463861.3157894737,0.013408609738884969,Repeat Customer,Medium Value,Medium Frequency,64.77487225336883,60.317460317460316,61.26242974492002,62.73516017090651,Medium Performance
C0342,78469470,3725,44,30,1,2019-04-12,2024-10-09,1783397.0454545454,0.011812080536912751,Repeat Customer,High Value,High Frequency,91.3742349233823,69.84126984126983,80.52313013402508,82.74412444087713,High Performance
C0343,59151480,2906,45,30,1,2019-02-28,2024-11-21,1314477.3333333333,0.015485203028217482,Repeat Customer,High Value,High Frequency,68.87928807962828,71.42857142857143,62.81884997838305,68.43198546406218,High Performance
C0344,39253370,2125,30,30,1,2019-01-04,2024-06-17,1308445.6666666667,0.01411764705882353,Repeat Customer,Low Value,Low Frequency,45.708817096820546,47.61904761904761,45.93601383484652,46.32732560109386,Low Performance
C0345,44678620,2735,44,30,1,2019-02-15,2024-11-20,1015423.1818181818,0.016087751371115174,Repeat Customer,Medium Value,High Frequency,52.0262813031938,69.84126984126983,59.12235192390835,58.78999198875952,Medium Performance
C0346,42873560,2411,39,30,1,2019-01-21,2024-11-15,1099322.0512820513,0.016175860638739114,Repeat Customer,Low Value,Medium Frequency,49.924368591271566,61.904761904761905,52.11846087332469,53.957305041729285,Medium Performance
C0347,22852400,1584,27,30,1,2019-03-04,2024-12-03,846385.1851851852,0.017045454545454544,Repeat Customer,Low Value,Low Frequency,26.610611313713495,42.857142857142854,34.24124513618677,33.01069754123696,Low Performance
C0348,43554630,2618,35,30,1,2019-04-15,2024-10-24,1244418.0,0.013368983957219251,Repeat Customer,Medium Value,Low Frequency,50.717444550358174,55.55555555555556,56.59316904453091,53.34402275075194,Medium Performance
C0349,51806430,2751,36,30,1,2019-01-31,2024-10-19,1439067.5,0.013086150490730643,Repeat Customer,Medium Value,Low Frequency,60.32630149485858,57.14285714285714,59.46822308690013,59.199652507666464,Medium Performance
C0350,39052200,2189,37,30,1,2019-05-03,2024-11-25,1055464.8648648649,0.016902695294655094,Repeat Customer,Low Value,Medium Frequency,45.47456350953957,58.730158730158735,47.31949848681366,49.82022907118014,Low Performance
C0351,37753190,2488,38,30,1,2019-03-29,2024-09-12,993505.0,0.01527331189710611,Repeat Customer,Low Value,Medium Frequency,43.96192369041218,60.317460317460316,53.782965845222655,50.83279310948872,Low Performance
C0352,41846330,2463,37,30,1,2019-02-23,2024-11-11,1130981.8918918918,0.015022330491270807,Repeat Customer,Low Value,Medium Frequency,48.72820458837533,58.730158730158735,53.24254215304799,52.631658343844876,Low Performance
C0353,28192110,1935,30,30,1,2019-01-16,2024-10-08,939737.0,0.015503875968992248,Repeat Customer,Low Value,Low Frequency,32.82846796500391,47.61904761904761,41.82879377431907,39.06570702308005,Low Performance
C0354,48835850,2800,41,30,1,2019-01-06,2024-12-25,1191118.2926829269,0.014642857142857143,Repeat Customer,Medium Value,Medium Frequency,56.867192177837566,65.07936507936508,60.52745352356247,60.0628963174408,Medium Performance
C0355,57761570,2851,40,30,1,2019-01-03,2024-12-18,1444039.25,0.01403016485443704,Repeat Customer,High Value,Medium Frequency,67.26079922195717,63.49206349206349,61.62991785559879,65.00400222971739,Medium Performance
C0356,62479450,3218,45,30,1,2019-03-16,2024-12-05,1388432.2222222222,0.013983840894965818,Repeat Customer,High Value,High Frequency,72.75456227987416,71.42857142857143,69.56333765672287,71.7185200998531,High Performance
C0357,48125180,2173,32,30,1,2019-01-05,2024-11-17,1503911.875,0.014726184997699034,Repeat Customer,Medium Value,Low Frequency,56.03964832501175,50.79365079365079,46.97362732382187,52.65264486536549,Low Performance
C0358,53790030,2669,40,30,1,2019-04-17,2024-10-01,1344750.75,0.014986886474334956,Repeat Customer,Medium Value,Medium Frequency,62.63611615773347,63.49206349206349,57.69563337656722,61.904803801799225,Medium Performance
C0359,78412380,3851,52,30,1,2019-02-12,2024-11-28,1507930.3846153845,0.01350298623734095,Repeat Customer,High Value,High Frequency,91.30775613778866,82.53968253968253,83.2468655425854,87.06515593931617,High Performance
C0360,47187810,2454,34,30,1,2019-05-25,2024-11-17,1387876.7647058824,0.013854930725346373,Repeat Customer,Medium Value,Low Frequency,54.94812232655488,53.96825396825397,53.047989623865114,54.27413527852666,Medium Performance
C0361,46126450,2366,35,30,1,2019-01-15,2024-09-26,1317898.5714285714,0.014792899408284023,Repeat Customer,Medium Value,Low Frequency,53.71221544483029,55.55555555555556,51.145698227410286,53.751914034563875,Medium Performance
C0362,44698950,2667,42,30,1,2019-02-19,2024-10-11,1064260.7142857143,0.015748031496062992,Repeat Customer,Medium Value,Medium Frequency,52.049954691022116,66.66666666666666,57.65239948119325,57.55545724174971,Medium Performance
C0363,50237880,2801,37,30,1,2019-02-24,2024-11-07,1357780.5405405406,0.013209568011424491,Repeat Customer,Medium Value,Medium Frequency,58.49979424064785,58.730158730158735,60.54907047124946,58.978758833621434,Medium Performance
C0364,48290310,2656,38,30,1,2019-01-04,2024-11-18,1270797.6315789474,0.01430722891566265,Repeat Customer,Medium Value,Medium Frequency,56.23193492275349,60.317460317460316,57.4146130566364,57.694128167942125,Medium Performance
C0365,52500540,3234,47,30,1,2019-01-04,2024-11-05,1117032.7659574468,0.01453308596165739,Repeat Customer,Medium Value,High Frequency,61.134561958484355,74.60317460317461,69.90920881971465,66.93007512413749,Medium Performance
C0366,36772070,1771,30,30,1,2019-03-09,2024-10-26,1225735.6666666667,0.01693958215697346,Repeat Customer,Low Value,Low Frequency,42.819452747661714,47.61904761904761,38.28361435365327,43.352163530275796,Low Performance
C0367,48346630,2403,31,30,1,2019-02-28,2024-11-04,1559568.7096774194,0.012900540990428632,Repeat Customer,Medium Value,Low Frequency,56.297517077327555,49.2063492063492,51.9455252918288,53.2997683589343,Medium Performance
C0368,42468360,2185,33,30,1,2019-02-17,2024-11-30,1286920.0,0.015102974828375287,Repeat Customer,Low Value,Low Frequency,49.45253107292265,52.38095238095239,47.23303069606571,49.88715738996019,Low Performance
C0369,59977870,3047,46,30,1,2019-01-26,2024-12-13,1303866.7391304348,0.015096816540859863,Repeat Customer,High Value,High Frequency,69.84158276568051,73.01587301587301,65.86683960224816,69.9989212080518,High Performance
C0370,45980090,2621,41,30,1,2019-02-18,2024-12-18,1121465.6097560977,0.01564288439526898,Repeat Customer,Medium Value,Medium Frequency,53.54178568376034,65.07936507936508,56.65801988759187,57.626306343208064,Medium Performance
C0371,71366470,3092,51,30,1,2019-01-03,2024-11-02,1399342.549019608,0.016494178525226392,Repeat Customer,High Value,High Frequency,83.10310488184149,80.95238095238095,66.83960224816255,79.20518717626753,High Performance
C0372,41848360,2270,37,30,1,2019-02-15,2024-07-10,1131036.7567567567,0.01629955947136564,Repeat Customer,Low Value,Medium Frequency,48.73056843379055,58.730158730158735,49.07047124945957,51.79842608583481,Low Performance
C0373,60942770,3071,43,30,1,2019-04-03,2024-09-02,1417273.7209302327,0.014001953760989906,Repeat Customer,High Value,Medium Frequency,70.96516623422657,68.25396825396825,66.38564634673584,69.23590286265093,High Performance
C0374,58464410,3203,46,30,1,2019-03-07,2024-12-10,1270965.4347826086,0.014361536059943803,Repeat Customer,High Value,High Frequency,68.07922538532426,73.01587301587301,69.23908344141807,69.79219128570764,High Performance
C0375,65579710,3155,44,30,1,2019-02-20,2024-11-03,1490447.9545454546,0.013946117274167988,Repeat Customer,High Value,High Frequency,76.36467823406076,69.84126984126983,68.20146995244272,72.77501405989987,High Performance
C0376,49197710,2814,35,30,1,2019-01-31,2024-12-19,1405648.857142857,0.012437810945273632,Repeat Customer,Medium Value,Low Frequency,57.28856217879941,55.55555555555556,60.83009079118028,57.476965914302426,Medium Performance
C0377,56674980,2878,40,30,1,2019-01-08,2024-12-07,1416874.5,0.01389854065323141,Repeat Customer,Medium Value,Medium Frequency,65.99551311864337,63.49206349206349,62.21357544314743,64.48809069557022,Medium Performance
C0378,49279070,2762,42,30,1,2019-01-19,2024-12-15,1173311.1904761905,0.015206372194062274,Repeat Customer,Medium Value,Medium Frequency,57.38330230834745,66.66666666666666,59.70600951145698,60.63285305646512,Medium Performance
C0379,52506820,3010,44,30,1,2019-03-29,2024-12-15,1193336.8181818181,0.014617940199335547,Repeat Customer,Medium Value,High Frequency,61.141874741345234,69.84126984126983,65.06701253782965,64.5367208306195,Medium Performance
C0380,71455250,4063,58,30,1,2019-01-29,2024-12-08,1231987.0689655172,0.014275166133398966,Repeat Customer,High Value,High Frequency,83.20648527394174,92.06349206349206,87.82965845222654,86.78822194646379,High Performance
C0381,53603960,2374,34,30,1,2019-07-06,2024-12-21,1576587.0588235294,0.014321819713563605,Repeat Customer,Medium Value,Low Frequency,62.419445854082966,53.96825396825397,51.31863380890618,57.66392587929891,Medium Performance
C0382,39722420,2710,37,30,1,2019-04-17,2024-11-19,1073578.9189189188,0.013653136531365314,Repeat Customer,Low Value,Medium Frequency,46.255005122441375,58.730158730158735,58.581928231733684,52.462935826615045,Low Performance
C0383,56328200,2872,43,30,1,2019-02-18,2024-11-19,1309958.1395348837,0.014972144846796657,Repeat Customer,Medium Value,Medium Frequency,65.59170311219462,68.25396825396825,62.08387375702551,65.68881678369289,Medium Performance
C0384,64311810,3384,42,30,1,2019-02-05,2024-09-09,1531233.5714285714,0.012411347517730497,Repeat Customer,High Value,Medium Frequency,74.88826463703562,66.66666666666666,73.15175097276264,72.07448251307034,High Performance
C0385,60053350,2949,42,30,1,2019-07-27,2024-09-23,1429841.6666666667,0.014242115971515769,Repeat Customer,High Value,Medium Frequency,69.92947589471548,66.66666666666666,63.74837872892347,67.71441369314243,High Performance
C0386,42278620,2488,38,30,1,2019-04-23,2024-11-04,1112595.2631578948,0.01527331189710611,Repeat Customer,Low Value,Medium Frequency,49.231587216230835,60.317460317460316,53.782965845222655,53.46762487239805,Medium Performance
C0387,43291870,2894,38,30,1,2019-01-02,2024-10-26,1139259.7368421052,0.013130615065653075,Repeat Customer,Medium Value,Medium Frequency,50.411472126070514,60.317460317460316,62.55944660613921,55.81286347950119,Medium Performance
C0388,41959050,2182,34,30,1,2019-03-21,2024-12-12,1234089.705882353,0.015582034830430797,Repeat Customer,Low Value,Low Frequency,48.85946205399303,53.96825396825397,47.16817985300475,50.05384318807366,Low Performance
C0389,44362320,2232,33,30,1,2019-04-04,2024-11-25,1344312.7272727273,0.01478494623655914,Repeat Customer,Medium Value,Low Frequency,51.657963911649475,52.38095238095239,48.249027237354085,51.19307311758127,Low Performance
C0390,52697070,2582,35,30,1,2019-03-13,2024-11-09,1505630.5714285714,0.013555383423702556,Repeat Customer,Medium Value,Low Frequency,61.363412470530534,55.55555555555556,55.814958927799395,58.51136468749182,Medium Performance
C0391,42554570,2274,35,30,1,2019-01-14,2024-11-30,1215844.857142857,0.015391380826737027,Repeat Customer,Low Value,Low Frequency,49.552918813438104,55.55555555555556,49.15693904020752,51.274513881427225,Low Performance
C0392,37128430,1945,34,30,1,2019-02-11,2024-12-12,1092012.6470588236,0.017480719794344474,Repeat Customer,Low Value,Low Frequency,43.23441824134093,53.96825396825397,42.04496325118893,46.21667796138444,Low Performance
C0393,45246830,2367,42,30,1,2019-03-27,2024-12-18,1077305.4761904762,0.017743979721166033,Repeat Customer,Medium Value,Medium Frequency,52.687936772840985,66.66666666666666,51.16731517509727,56.57743142143994,Medium Performance
C0394,66611310,3405,46,30,1,2019-03-08,2024-11-21,1448071.956521739,0.013509544787077827,Repeat Customer,High Value,High Frequency,77.565930909107,73.01587301587301,73.60570687418937,75.40886873415327,High Performance
C0395,50643860,2938,44,30,1,2019-02-21,2024-12-20,1150996.8181818181,0.014976174268209666,Repeat Customer,Medium Value,High Frequency,58.972540034575026,69.84126984126983,63.51059230436662,63.14076943054178,Medium Performance
C0396,52935440,2897,40,30,1,2019-01-14,2024-12-07,1323386.0,0.013807386952019331,Repeat Customer,Medium Value,Medium Frequency,61.640983816159434,63.49206349206349,62.62429744920017,62.39297044553879,Medium Performance
C0397,47355040,2720,41,30,1,2019-02-11,2024-12-17,1155000.975609756,0.015073529411764706,Repeat Customer,Medium Value,Medium Frequency,55.142854281622725,65.07936507936508,58.79809770860355,58.854856206341594,Medium Performance
C0398,53653050,3153,43,30,1,2019-01-15,2024-12-02,1247745.3488372094,0.01363780526482715,Repeat Customer,Medium Value,Medium Frequency,62.47660899272005,68.25396825396825,68.15823605706875,65.34614218396425,Medium Performance
C0399,49461920,2656,42,30,1,2019-01-03,2024-12-25,1177664.761904762,0.01581325301204819,Repeat Customer,Medium Value,Medium Frequency,57.59622306409794,66.66666666666666,57.4146130566364,60.281034143376246,Medium Performance
C0400,42250310,2330,38,30,1,2019-04-06,2024-10-23,1111850.2631578948,0.01630901287553648,Repeat Customer,Low Value,Medium Frequency,49.19862147056337,60.317460317460316,50.36748811067877,52.76804645265553,Low Performance
C0401,48565440,2505,38,30,1,2019-01-11,2024-10-25,1278037.894736842,0.015169660678642715,Repeat Customer,Medium Value,Medium Frequency,56.5523116661477,60.317460317460316,54.150453955901426,57.20148471949223,Medium Performance
C0402,40181870,2501,39,30,1,2019-01-25,2024-07-12,1030304.358974359,0.015593762495002,Repeat Customer,Low Value,Medium Frequency,46.79001437171434,61.904761904761905,54.06398616515348,52.77923299031643,Medium Performance
C0403,66810710,3658,49,30,1,2019-02-19,2024-12-10,1363483.8775510204,0.013395297977036633,Repeat Customer,High Value,High Frequency,77.79812340949884,77.77777777777779,79.07479463899698,78.04735396588215,High Performance
C0404,44973650,2374,35,30,1,2019-02-10,2024-12-26,1284961.4285714286,0.014743049705139006,Repeat Customer,Medium Value,Low Frequency,52.36983071839242,55.55555555555556,51.31863380890618,53.11530878764412,Medium Performance
C0405,44240650,2259,37,30,1,2019-01-30,2024-06-25,1195693.2432432433,0.01637892872952634,Repeat Customer,Medium Value,Medium Frequency,51.51628456599915,58.730158730158735,48.83268482490272,53.14372686702774,Medium Performance
C0406,55494220,2628,37,30,1,2019-02-25,2024-10-11,1499843.7837837837,0.014079147640791476,Repeat Customer,Medium Value,Medium Frequency,64.62057020609238,58.730158730158735,56.809338521400775,61.29120042637397,Medium Performance
C0407,51590180,2773,43,30,1,2019-01-22,2024-12-25,1199771.6279069767,0.015506671474936892,Repeat Customer,Medium Value,Medium Frequency,60.07448791306452,68.25396825396825,59.943795936013835,62.5021936199255,Medium Performance
C0408,54619740,2900,39,30,1,2019-07-06,2024-11-02,1400506.1538461538,0.013448275862068966,Repeat Customer,Medium Value,Medium Frequency,63.602276837272655,61.904761904761905,62.68914829226113,62.91039664851712,Medium Performance
C0409,47755320,2971,45,30,1,2019-01-19,2024-10-09,1061229.3333333333,0.015146415348367553,Repeat Customer,Medium Value,High Frequency,55.60896267709335,71.42857142857143,64.22395157803719,62.07784308272554,Medium Performance
C0410,49311570,2714,42,30,1,2019-01-01,2024-11-27,1174085.0,0.015475313190862197,Repeat Customer,Medium Value,Medium Frequency,57.42114712410841,66.66666666666666,58.66839602248163,60.44425276655053,Medium Performance
C0411,61125740,3012,46,30,1,2019-06-05,2024-12-12,1328820.4347826086,0.015272244355909695,Repeat Customer,High Value,High Frequency,71.17822672468141,73.01587301587301,65.11024643320363,70.51592455374333,High Performance
C0412,38694470,2070,37,30,1,2019-04-20,2024-05-28,1045796.4864864865,0.017874396135265702,Repeat Customer,Low Value,Medium Frequency,45.05800271131905,58.730158730158735,44.74708171206226,49.0974653171196,Low Performance
C0413,54533070,3109,46,30,1,2019-02-06,2024-11-08,1185501.5217391304,0.014795754261820521,Repeat Customer,Medium Value,High Frequency,63.5013534470572,73.01587301587301,67.20709035884134,67.09685670005877,High Performance
C0414,54269830,2672,44,30,1,2019-02-16,2024-12-31,1233405.2272727273,0.016467065868263474,Repeat Customer,Medium Value,High Frequency,63.19482208395214,69.84126984126983,57.76048421962818,64.10188883828266,Medium Performance
C0415,57595000,3025,36,30,1,2019-03-13,2024-10-11,1599861.111111111,0.011900826446280991,Repeat Customer,Medium Value,Low Frequency,67.06683580776324,57.14285714285714,65.39126675313446,63.75452839736566,Medium Performance
C0416,42362580,2911,43,30,1,2019-01-05,2024-10-20,985176.2790697674,0.014771556166265888,Repeat Customer,Low Value,Medium Frequency,49.32935493103976,68.25396825396825,62.92693471681798,57.72625488507395,Medium Performance
C0417,44665420,2290,36,30,1,2019-04-02,2024-09-11,1240706.111111111,0.01572052401746725,Repeat Customer,Medium Value,Low Frequency,52.0109104857155,57.14285714285714,49.50281020319931,53.04887442635475,Medium Performance
C0418,39210750,2243,32,30,1,2019-03-18,2024-11-14,1225335.9375,0.014266607222469906,Repeat Customer,Low Value,Low Frequency,45.659187987659564,50.79365079365079,48.486813661910936,47.765051964307204,Low Performance
C0419,49492260,2293,34,30,1,2019-03-05,2024-09-30,1455654.705882353,0.014827736589620584,Repeat Customer,Medium Value,Low Frequency,57.63155265518063,53.96825396825397,49.56766104626027,54.91978472731856,Medium Performance
C0420,82700390,4133,54,30,1,2019-01-10,2024-11-22,1531488.7037037036,0.013065569804016453,Repeat Customer,High Value,High Frequency,96.30095455105452,85.71428571428571,89.34284479031561,91.7333319478761,High Performance
C0421,69154590,3405,45,30,1,2019-04-06,2024-09-17,1536768.6666666667,0.013215859030837005,Repeat Customer,High Value,High Frequency,80.52746823306165,71.42857142857143,73.60570687418937,76.41344691994013,High Performance
C0422,61810690,3019,44,30,1,2019-09-19,2024-11-04,1404788.4090909092,0.01457436237164624,Repeat Customer,High Value,High Frequency,71.97582077254194,69.84126984126983,65.26156506701254,69.99260435205443,High Performance
C0423,43818650,2455,35,30,1,2019-02-25,2024-12-27,1251961.4285714286,0.014256619144602852,Repeat Customer,Medium Value,Low Frequency,51.0248841890415,55.55555555555556,53.0696065715521,52.79303007549784,Medium Performance
C0424,50065860,3059,38,30,1,2019-03-22,2024-09-23,1317522.6315789474,0.012422360248447204,Repeat Customer,Medium Value,Medium Frequency,58.29948454196477,60.317460317460316,66.126242974492,60.470228961118885,Medium Performance
C0425,57482400,2773,44,30,1,2019-01-17,2024-12-09,1306418.1818181819,0.015867291741795887,Repeat Customer,Medium Value,High Frequency,66.9357180768499,69.84126984126983,59.943795936013835,66.40899917800866,Medium Performance
C0426,47615070,2623,40,30,1,2019-02-20,2024-12-03,1190376.75,0.015249714067861228,Repeat Customer,Medium Value,Medium Frequency,55.44564774138646,63.49206349206349,56.70125378296584,58.11069367490544,Medium Performance
C0427,47425980,2646,46,30,1,2019-02-05,2024-11-26,1030999.5652173914,0.017384731670445956,Repeat Customer,Medium Value,High Frequency,55.22546078100987,73.01587301587301,57.19844357976653,60.95718101122014,Medium Performance
C0428,56913820,3061,45,30,1,2019-01-25,2024-08-26,1264751.5555555555,0.01470107807905913,Repeat Customer,Medium Value,High Frequency,66.27363175853098,71.42857142857143,66.16947686986597,67.79928268181011,High Performance
C0429,56178520,2856,44,30,1,2019-02-08,2024-10-21,1276784.5454545454,0.015406162464985995,Repeat Customer,Medium Value,High Frequency,65.4174073576377,69.84126984126983,61.73800259403372,66.00868515000654,Medium Performance
C0430,37535780,2199,29,30,1,2019-03-08,2024-10-11,1294337.2413793104,0.01318781264211005,Repeat Customer,Low Value,Low Frequency,43.70875933980942,46.03174603174603,47.53566796368352,45.17103707216523,Low Performance
C0431,39337010,2010,31,30,1,2019-06-09,2024-07-05,1268935.8064516129,0.015422885572139304,Repeat Customer,Low Value,Low Frequency,45.80621218575121,49.2063492063492,43.45006485084306,46.35502382494897,Low Performance
C0432,43308880,2547,41,30,1,2019-01-26,2024-10-04,1056314.1463414633,0.016097369454259915,Repeat Customer,Medium Value,Medium Frequency,50.43127952041186,65.07936507936508,55.05836575875487,55.751122435766426,Medium Performance
C0433,51222820,3012,38,30,1,2019-09-11,2024-08-13,1347968.9473684211,0.012616201859229747,Repeat Customer,Medium Value,Medium Frequency,59.64671340482005,60.317460317460316,65.11024643320363,60.94064408428885,Medium Performance
C0434,42930130,2174,35,30,1,2019-01-05,2024-10-26,1226575.142857143,0.01609935602575897,Repeat Customer,Medium Value,Low Frequency,49.990241859813025,55.55555555555556,46.99524427150886,51.06083645087495,Low Performance
C0435,66153460,3742,57,30,1,2019-03-12,2024-11-01,1160587.0175438595,0.015232495991448424,Repeat Customer,High Value,High Frequency,77.03278478922535,90.47619047619048,80.89061824470384,81.83737318641059,High Performance
C0436,49724270,2905,38,30,1,2019-02-01,2024-12-15,1308533.4210526317,0.013080895008605853,Repeat Customer,Medium Value,Medium Frequency,57.90171806147908,60.317460317460316,62.79723303069606,59.60554373211685,Medium Performance
C0437,38523930,2097,32,30,1,2019-02-09,2024-12-21,1203872.8125,0.015259895088221268,Repeat Customer,Low Value,Low Frequency,44.85941640732294,50.79365079365079,45.3307392996109,46.733951301678886,Low Performance
C0438,52796800,3016,45,30,1,2019-06-17,2024-09-01,1173262.2222222222,0.014920424403183023,Repeat Customer,Medium Value,High Frequency,61.47954365440253,71.42857142857143,65.19671422395157,65.20768610056301,Medium Performance
C0439,49820310,2755,43,30,1,2019-03-21,2024-12-29,1158611.8604651163,0.01560798548094374,Repeat Customer,Medium Value,Medium Frequency,58.01355240319238,68.25396825396825,59.55469087764808,61.39390485331628,Medium Performance
C0440,67904760,3555,47,30,1,2019-01-29,2024-10-21,1444782.1276595744,0.013220815752461323,Repeat Customer,High Value,High Frequency,79.07209635359959,74.60317460317461,76.84824902723736,77.28665036319964,High Performance
C0441,41532900,2635,35,30,1,2019-01-17,2024-10-19,1186654.2857142857,0.013282732447817837,Repeat Customer,Low Value,Low Frequency,48.363229185176664,55.55555555555556,56.96065715520968,52.24041269029694,Low Performance
C0442,47299810,2373,36,30,1,2019-01-28,2024-10-20,1313883.611111111,0.015170670037926675,Repeat Customer,Medium Value,Low Frequency,55.07854138394649,57.14285714285714,51.29701686121919,54.94153120707422,Medium Performance
C0443,52360250,2920,43,30,1,2019-03-27,2024-11-18,1217680.2325581396,0.014726027397260274,Repeat Customer,Medium Value,Medium Frequency,60.971200444542674,68.25396825396825,63.12148724600086,63.58608814766198,Medium Performance
C0444,46629480,2853,35,30,1,2019-02-25,2024-08-06,1332270.857142857,0.012267788293024886,Repeat Customer,Medium Value,Low Frequency,54.29797168089904,55.55555555555556,61.673151750972764,56.150282857310735,Medium Performance
C0445,48822870,2285,30,30,1,2019-04-04,2024-12-28,1627429.0,0.01312910284463895,Repeat Customer,Medium Value,Low Frequency,56.85207754065057,47.61904761904761,49.39472546476438,52.590698148992445,Low Performance
C0446,43391360,2401,36,30,1,2019-02-03,2024-10-16,1205315.5555555555,0.014993752603082049,Repeat Customer,Medium Value,Low Frequency,50.527323840533825,57.14285714285714,51.90229139645483,52.786977342415014,Medium Performance
C0447,58830780,3115,39,30,1,2019-01-05,2024-12-23,1508481.5384615385,0.012520064205457464,Repeat Customer,High Value,Medium Frequency,68.50584708225786,61.904761904761905,67.33679204496326,66.29171052155016,Medium Performance
C0448,53741830,2535,37,30,1,2019-03-13,2024-12-11,1452481.8918918918,0.014595660749506903,Repeat Customer,Medium Value,Medium Frequency,62.57998938482029,58.730158730158735,54.79896238651103,59.868834788759976,Medium Performance
C0449,49669150,2543,37,30,1,2019-06-25,2024-11-19,1342409.4594594594,0.014549744396382226,Repeat Customer,Medium Value,Medium Frequency,57.83753325394849,58.730158730158735,54.97189796800692,57.532193839623254,Medium Performance
C0450,48802430,2678,43,30,1,2019-01-15,2024-09-12,1134940.2325581396,0.016056758775205376,Repeat Customer,Medium Value,Medium Frequency,56.82827606267661,68.25396825396825,57.890185905750116,60.4683656886788,Medium Performance
C0451,41063830,2397,42,30,1,2019-01-07,2024-07-06,977710.2380952381,0.017521902377972465,Repeat Customer,Low Value,Medium Frequency,47.81701787043845,66.66666666666666,51.81582360570688,54.27167365636059,Medium Performance
C0452,39890320,2639,42,30,1,2019-03-05,2024-12-27,949769.5238095238,0.015915119363395226,Repeat Customer,Low Value,Medium Frequency,46.45051726294182,66.66666666666666,57.04712494595763,54.634683620662436,Medium Performance
C0453,51744150,2909,36,30,1,2019-05-25,2024-12-31,1437337.5,0.012375386730835339,Repeat Customer,Medium Value,Low Frequency,60.253779183301894,57.14285714285714,62.88370082144401,59.84648689879689,Medium Performance
C0454,36757440,2154,37,30,1,2019-02-08,2024-11-14,993444.3243243244,0.017177344475394613,Repeat Customer,Low Value,Medium Frequency,42.80241675828994,58.730158730158735,46.56290531776913,48.33283706174642,Low Performance
C0455,57607900,2848,40,30,1,2019-04-27,2024-11-27,1440197.5,0.014044943820224719,Repeat Customer,Medium Value,Medium Frequency,67.08185728848066,63.49206349206349,61.56506701253783,64.90156109436694,Medium Performance
C0456,26909060,1677,29,30,1,2019-02-23,2024-10-16,927898.6206896552,0.0172927847346452,Repeat Customer,Low Value,Low Frequency,31.334412861554817,46.03174603174603,36.25162127107652,36.72705449451652,Low Performance
C0457,48077820,2723,35,30,1,2019-01-13,2024-11-15,1373652.0,0.012853470437017995,Repeat Customer,Medium Value,Low Frequency,55.98449969502901,55.55555555555556,58.86294855166451,56.431506224514074,Medium Performance
C0458,48276200,2970,43,30,1,2019-07-09,2024-12-28,1122702.3255813953,0.014478114478114479,Repeat Customer,Medium Value,Medium Frequency,56.21550445043388,68.25396825396825,64.2023346303502,61.42440962747746,Medium Performance
C0459,62289100,3116,45,30,1,2019-03-10,2024-12-14,1384202.2222222222,0.014441591784338896,Repeat Customer,High Value,High Frequency,72.53290810510192,71.42857142857143,67.35840899265024,71.16670727965243,High Performance
C0460,56715420,2905,36,30,1,2019-04-06,2024-11-25,1575428.3333333333,0.012392426850258176,Repeat Customer,Medium Value,Low Frequency,66.0426037140087,57.14285714285714,62.79723303069606,62.72360560600071,Medium Performance
C0461,55770880,3079,42,30,1,2019-02-27,2024-10-31,1327878.0952380951,0.013640792465086067,Repeat Customer,Medium Value,Medium Frequency,64.94272856696705,66.66666666666666,66.55858192823173,65.78308066912987,Medium Performance
C0462,72302020,3826,52,30,1,2019-01-06,2024-11-13,1390423.4615384615,0.013591217982226868,Repeat Customer,High Value,High Frequency,84.19251157061575,82.53968253968253,82.70644185041071,83.39944891729478,High Performance
C0463,45761800,2670,36,30,1,2019-01-10,2024-08-22,1271161.111111111,0.01348314606741573,Repeat Customer,Medium Value,Low Frequency,53.28759661199236,57.14285714285714,57.71725032425421,55.33010551370417,Medium Performance
C0464,52911390,2845,39,30,1,2019-01-18,2024-09-13,1356702.3076923077,0.013708260105448155,Repeat Customer,Medium Value,Medium Frequency,61.61297865249633,61.904761904761905,61.50021616947687,61.67796113157211,Medium Performance
C0465,42438980,2713,39,30,1,2019-03-12,2024-12-12,1088178.9743589743,0.014375230372281608,Repeat Customer,Low Value,Medium Frequency,49.418319359474744,61.904761904761905,58.646779074794644,55.009944066124866,Medium Performance
C0466,78342990,3880,52,30,1,2019-01-25,2024-12-13,1506595.9615384615,0.013402061855670102,Repeat Customer,High Value,High Frequency,91.22695454499934,82.53968253968253,83.873757025508,87.15013343950602,High Performance
C0467,53206760,2898,55,30,1,2019-01-02,2024-11-06,967395.6363636364,0.018978605935127676,Repeat Customer,Medium Value,High Frequency,61.95692398269059,87.3015873015873,62.64591439688716,69.69812106119892,High Performance
C0468,70116180,3955,56,30,1,2019-02-11,2024-12-31,1252074.642857143,0.01415929203539823,Repeat Customer,High Value,High Frequency,81.64719735267944,88.88888888888889,85.495028102032,84.58927096341279,High Performance
C0469,55971040,3044,44,30,1,2019-01-04,2024-12-18,1272069.0909090908,0.01445466491458607,Repeat Customer,Medium Value,High Frequency,65.17580605381976,69.84126984126983,65.8019887591872,66.70068173112827,Medium Performance
C0470,42659850,2622,44,30,1,2019-01-25,2024-09-27,969542.0454545454,0.016781083142639208,Repeat Customer,Low Value,High Frequency,49.675512727386206,69.84126984126983,56.679636835278856,57.126064683129826,Medium Performance
C0471,58365420,3064,42,30,1,2019-02-23,2024-11-27,1389652.857142857,0.01370757180156658,Repeat Customer,High Value,Medium Frequency,67.96395589879575,66.66666666666666,66.23432771292693,67.22884349198326,High Performance
C0472,45819430,2818,37,30,1,2019-04-29,2024-11-23,1238362.972972973,0.01312987934705465,Repeat Customer,Medium Value,Medium Frequency,53.35470420375555,58.730158730158735,60.91655858192823,56.47971143731104,Medium Performance
C0473,40406800,2056,31,30,1,2019-03-04,2024-11-15,1303445.1612903227,0.015077821011673152,Repeat Customer,Low Value,Low Frequency,47.05193543045625,49.2063492063492,44.44444444444444,47.176761366021765,Low Performance
C0474,42219110,2257,35,30,1,2019-01-11,2024-11-07,1206260.2857142857,0.015507310589277802,Repeat Customer,Low Value,Low Frequency,49.16229044743285,55.55555555555556,48.78945092952875,51.00570207628884,Low Performance
C0475,76825820,4343,58,30,1,2019-01-19,2024-12-18,1324583.103448276,0.01335482385447847,Repeat Customer,High Value,High Frequency,89.46027703336702,92.06349206349206,93.8824038045828,91.12566689664769,High Performance
C0476,65951870,2530,38,30,1,2019-01-13,2024-09-29,1735575.5263157894,0.015019762845849802,Repeat Customer,High Value,Medium Frequency,76.79804213047913,60.317460317460316,54.690877648076096,67.43243469009288,High Performance
C0477,45390380,2745,37,30,1,2019-06-12,2024-10-13,1226767.027027027,0.01347905282331512,Repeat Customer,Medium Value,Medium Frequency,52.855094412917445,58.730158730158735,59.33852140077821,55.91429910566199,Medium Performance
C0478,61995630,3323,47,30,1,2019-02-04,2024-12-29,1319055.9574468085,0.014143845922359314,Repeat Customer,High Value,High Frequency,72.19117524105984,74.60317460317461,71.83311716385646,72.8431634342536,High Performance
C0479,31298140,1874,29,30,1,2019-02-22,2024-10-08,1079246.2068965517,0.015474919957310566,Repeat Customer,Low Value,Low Frequency,36.445302829557896,46.03174603174603,40.51015996541288,40.13420721738533,Low Performance
C0480,45569160,2491,37,30,1,2019-01-24,2024-11-24,1231598.9189189188,0.014853472501003613,Repeat Customer,Medium Value,Medium Frequency,53.0632758332788,58.730158730158735,53.847816688283615,54.92024887334374,Medium Performance
C0481,47983990,2894,40,30,1,2019-01-03,2024-12-31,1199599.75,0.013821700069108501,Repeat Customer,Medium Value,Medium Frequency,55.87523880078745,63.49206349206349,62.55944660613921,59.497127769240606,Medium Performance
C0482,64020490,2843,36,30,1,2019-12-15,2024-12-03,1778346.9444444445,0.01266268026732325,Repeat Customer,High Value,Low Frequency,74.5490353531131,57.14285714285714,61.4569822741029,66.70877127423428,Medium Performance
C0483,85183900,3846,53,30,1,2019-02-20,2024-12-18,1607243.3962264152,0.013780551222048881,Repeat Customer,High Value,High Frequency,99.1928923476851,84.12698412698413,83.13878080415046,91.46229757276788,High Performance
C0484,41941080,2368,31,30,1,2019-01-30,2024-11-10,1352938.064516129,0.013091216216216216,Repeat Customer,Low Value,Low Frequency,48.83853678201689,49.2063492063492,51.18893212278426,49.418959577470055,Low Performance
C0485,52472400,2620,34,30,1,2019-01-14,2024-10-01,1543305.8823529412,0.012977099236641221,Repeat Customer,Medium Value,Low Frequency,61.10179417031472,53.96825396825397,56.63640293990488,58.06865386361453,Medium Performance
C0486,53820770,3174,42,30,1,2019-01-01,2024-10-07,1281446.9047619049,0.013232514177693762,Repeat Customer,Medium Value,Medium Frequency,62.671911531163985,66.66666666666666,68.61219195849546,65.05839415728107,Medium Performance
C0487,36312870,1910,31,30,1,2019-03-08,2024-03-18,1171382.9032258065,0.016230366492146597,Repeat Customer,Low Value,Low Frequency,42.28473461235613,49.2063492063492,41.2883700821444,44.161946084511705,Low Performance
C0488,58528170,3168,40,30,1,2019-03-01,2024-11-26,1463204.25,0.012626262626262626,Repeat Customer,High Value,Medium Frequency,68.15347109156792,63.49206349206349,68.48249027237354,66.82085264787771,Medium Performance
C0489,61811660,3366,51,30,1,2019-04-14,2024-08-17,1211993.3333333333,0.015151515151515152,Repeat Customer,High Value,High Frequency,71.97695029473542,80.95238095238095,72.76264591439688,74.82671861596137,High Performance
C0490,73710890,4114,50,30,1,2019-01-26,2024-12-29,1474217.8,0.012153621779290228,Repeat Customer,High Value,High Frequency,85.83307851157387,79.36507936507937,88.93212278426286,84.51248762216332,High Performance
C0491,61370730,2861,32,30,1,2019-03-27,2024-07-04,1917835.3125,0.01118490038448095,Repeat Customer,High Value,Low Frequency,71.46350676816685,50.79365079365079,61.846087332468656,63.33906608867239,Medium Performance
C0492,51225690,2768,37,30,1,2019-02-04,2024-11-05,1384478.1081081082,0.013367052023121388,Repeat Customer,Medium Value,Medium Frequency,59.650055393165715,58.730158730158735,59.8357111975789,59.41121755514626,Medium Performance
C0493,52616240,3145,45,30,1,2019-02-18,2024-11-22,1169249.7777777778,0.014308426073131956,Repeat Customer,Medium Value,High Frequency,61.26928950259336,71.42857142857143,67.98530047557286,65.66027627498268,Medium Performance
C0494,37868420,2140,32,30,1,2019-02-25,2024-11-28,1183388.125,0.014953271028037384,Repeat Customer,Low Value,Low Frequency,44.09610394026248,50.79365079365079,46.26026805015132,46.53820081825675,Low Performance
C0495,82914040,3819,52,30,1,2019-01-01,2024-11-25,1594500.7692307692,0.013616129876931133,Repeat Customer,High Value,High Frequency,96.5497405475877,82.53968253968253,82.55512321660181,89.54779967901898,High Performance
C0496,49977230,2547,41,30,1,2019-02-17,2024-12-27,1218956.8292682928,0.016097369454259915,Repeat Customer,Medium Value,Medium Frequency,58.19627881824497,65.07936507936508,55.05836575875487,59.63362208468298,Medium Performance
C0497,42503770,2411,33,30,1,2019-06-12,2024-12-10,1287993.0303030303,0.013687266694317711,Repeat Customer,Low Value,Low Frequency,49.49376445526405,52.38095238095239,52.11846087332469,50.88486011658267,Low Performance
C0498,52056060,2160,30,30,1,2019-03-01,2024-08-19,1735202.0,0.013888888888888888,Repeat Customer,Medium Value,Low Frequency,60.616984613578815,47.61904761904761,46.69260700389105,53.9327279932819,Medium Performance
C0499,57171990,2851,44,30,1,2019-01-18,2024-11-29,1299363.4090909092,0.015433181339880744,Repeat Customer,Medium Value,High Frequency,66.57425933037733,69.84126984126983,61.62991785559879,66.56549418868937,Medium Performance
C0500,36693490,2099,29,30,1,2019-01-06,2024-12-07,1265292.7586206896,0.013816102906145784,Repeat Customer,Low Value,Low Frequency,42.727949805431074,46.03174603174603,45.37397319498487,44.24829335123632,Low Performance
