customer_id,product_id,product_name,total_units,total_revenue,total_orders
C0001,P001,Hydraulic Pump HP-300,186,4557000,12
C0001,P002,Engine Oil Filter OF-90,98,70560,9
C0001,P003,Air Filter AF-120,73,91250,6
C0001,P004,Track Chain TC-45,87,3462600,8
C0001,P005,Fuel Injector FI-220,62,523900,6
C0001,P006,Alternator ALT-500,61,683200,7
C0001,P007,Hydraulic Hose HH-60,133,192850,10
C0001,P008,Bucket Tooth BT-10,105,60900,9
C0001,P009,Starter Motor SM-700,108,1609200,9
C0001,P010,Turbocharger TB-900,91,3175900,11
C0001,P011,Hydraulic Cylinder HC-200,49,1352400,4
C0001,P012,Brake Pad BP-40,42,102900,3
C0001,P013,Seal Kit SK-15,67,97150,5
C0001,P014,Transmission Assembly TA-800,73,6095500,7
C0001,P015,Engine Block EB-600,105,12495000,8
C0001,P016,Radiator RD-250,96,979200,7
C0001,P017,Fan Belt FB-30,65,33800,8
C0001,P018,Wheel Rim WR-24,91,1028300,8
C0001,P019,Swing Motor SWM-350,89,3542200,8
C0001,P020,Pivot Pin PP-12,82,94300,7
C0001,P021,Boom Cylinder BC-400,95,4389000,6
C0001,P022,Control Valve CV-75,142,2399800,12
C0001,P023,Idler Wheel IW-55,62,802900,7
C0001,P024,Track Roller TR-60,99,1019700,5
C0001,P025,Cabin Glass CG-20,126,989100,10
C0001,P026,Grease Cartridge GC-5,20,6200,4
C0001,P027,O-Ring Set OR-50,83,39840,6
C0001,P028,Light Assembly LA-18,27,60750,6
C0001,P029,Pressure Sensor PS-90,142,560900,9
C0001,P030,Fuel Pump FP-350,97,2124300,10
C0002,P001,Hydraulic Pump HP-300,115,2817500,10
C0002,P002,Engine Oil Filter OF-90,142,102240,11
C0002,P003,Air Filter AF-120,80,100000,7
C0002,P004,Track Chain TC-45,68,2706400,7
C0002,P005,Fuel Injector FI-220,189,1597050,13
C0002,P006,Alternator ALT-500,147,1646400,13
C0002,P007,Hydraulic Hose HH-60,138,200100,11
C0002,P008,Bucket Tooth BT-10,189,109620,17
C0002,P009,Starter Motor SM-700,125,1862500,10
C0002,P010,Turbocharger TB-900,138,4816200,9
C0002,P011,Hydraulic Cylinder HC-200,56,1545600,5
C0002,P012,Brake Pad BP-40,109,267050,11
C0002,P013,Seal Kit SK-15,132,191400,8
C0002,P014,Transmission Assembly TA-800,86,7181000,10
C0002,P015,Engine Block EB-600,104,12376000,9
C0002,P016,Radiator RD-250,77,785400,7
C0002,P017,Fan Belt FB-30,75,39000,8
C0002,P018,Wheel Rim WR-24,112,1265600,8
C0002,P019,Swing Motor SWM-350,122,4855600,9
C0002,P020,Pivot Pin PP-12,107,123050,9
C0002,P021,Boom Cylinder BC-400,165,7623000,13
C0002,P022,Control Valve CV-75,103,1740700,10
C0002,P023,Idler Wheel IW-55,145,1877750,13
C0002,P024,Track Roller TR-60,80,824000,9
C0002,P025,Cabin Glass CG-20,117,918450,11
C0002,P026,Grease Cartridge GC-5,98,30380,9
C0002,P027,O-Ring Set OR-50,180,86400,11
C0002,P028,Light Assembly LA-18,166,373500,13
C0002,P029,Pressure Sensor PS-90,158,624100,13
C0002,P030,Fuel Pump FP-350,113,2474700,12
C0003,P001,Hydraulic Pump HP-300,91,2229500,6
C0003,P002,Engine Oil Filter OF-90,92,66240,6
C0003,P003,Air Filter AF-120,93,116250,9
C0003,P004,Track Chain TC-45,190,7562000,12
C0003,P005,Fuel Injector FI-220,67,566150,6
C0003,P006,Alternator ALT-500,54,604800,4
C0003,P007,Hydraulic Hose HH-60,64,92800,7
C0003,P008,Bucket Tooth BT-10,114,66120,7
C0003,P009,Starter Motor SM-700,65,968500,7
C0003,P010,Turbocharger TB-900,41,1430900,4
C0003,P011,Hydraulic Cylinder HC-200,48,1324800,6
C0003,P012,Brake Pad BP-40,82,200900,9
C0003,P013,Seal Kit SK-15,121,175450,8
C0003,P014,Transmission Assembly TA-800,87,7264500,8
C0003,P015,Engine Block EB-600,37,4403000,6
C0003,P016,Radiator RD-250,74,754800,5
C0003,P017,Fan Belt FB-30,102,53040,8
C0003,P018,Wheel Rim WR-24,41,463300,5
C0003,P019,Swing Motor SWM-350,28,1114400,4
C0003,P020,Pivot Pin PP-12,46,52900,5
C0003,P021,Boom Cylinder BC-400,66,3049200,6
C0003,P022,Control Valve CV-75,115,1943500,9
C0003,P023,Idler Wheel IW-55,151,1955450,9
C0003,P024,Track Roller TR-60,15,154500,3
C0003,P025,Cabin Glass CG-20,48,376800,4
C0003,P026,Grease Cartridge GC-5,99,30690,7
C0003,P027,O-Ring Set OR-50,60,28800,5
C0003,P028,Light Assembly LA-18,72,162000,6
C0003,P029,Pressure Sensor PS-90,93,367350,9
C0003,P030,Fuel Pump FP-350,109,2387100,7
C0004,P001,Hydraulic Pump HP-300,103,2523500,8
C0004,P002,Engine Oil Filter OF-90,103,74160,9
C0004,P003,Air Filter AF-120,160,200000,13
C0004,P004,Track Chain TC-45,109,4338200,10
C0004,P005,Fuel Injector FI-220,206,1740700,14
C0004,P006,Alternator ALT-500,144,1612800,11
C0004,P007,Hydraulic Hose HH-60,99,143550,8
C0004,P008,Bucket Tooth BT-10,59,34220,6
C0004,P009,Starter Motor SM-700,138,2056200,9
C0004,P010,Turbocharger TB-900,56,1954400,7
C0004,P011,Hydraulic Cylinder HC-200,116,3201600,12
C0004,P012,Brake Pad BP-40,100,245000,11
C0004,P013,Seal Kit SK-15,91,131950,7
C0004,P014,Transmission Assembly TA-800,41,3423500,5
C0004,P015,Engine Block EB-600,95,11305000,9
C0004,P016,Radiator RD-250,94,958800,7
C0004,P017,Fan Belt FB-30,43,22360,4
C0004,P018,Wheel Rim WR-24,78,881400,7
C0004,P019,Swing Motor SWM-350,68,2706400,7
C0004,P020,Pivot Pin PP-12,171,196650,13
C0004,P021,Boom Cylinder BC-400,96,4435200,10
C0004,P022,Control Valve CV-75,104,1757600,9
C0004,P023,Idler Wheel IW-55,105,1359750,7
C0004,P024,Track Roller TR-60,74,762200,8
C0004,P025,Cabin Glass CG-20,47,368950,5
C0004,P026,Grease Cartridge GC-5,96,29760,10
C0004,P027,O-Ring Set OR-50,94,45120,7
C0004,P028,Light Assembly LA-18,117,263250,10
C0004,P029,Pressure Sensor PS-90,103,406850,8
C0004,P030,Fuel Pump FP-350,85,1861500,7
C0005,P001,Hydraulic Pump HP-300,63,1543500,5
C0005,P002,Engine Oil Filter OF-90,178,128160,14
C0005,P003,Air Filter AF-120,112,140000,9
C0005,P004,Track Chain TC-45,128,5094400,10
C0005,P005,Fuel Injector FI-220,165,1394250,14
C0005,P006,Alternator ALT-500,155,1736000,14
C0005,P007,Hydraulic Hose HH-60,113,163850,10
C0005,P008,Bucket Tooth BT-10,104,60320,10
C0005,P009,Starter Motor SM-700,113,1683700,8
C0005,P010,Turbocharger TB-900,145,5060500,13
C0005,P011,Hydraulic Cylinder HC-200,129,3560400,12
C0005,P012,Brake Pad BP-40,146,357700,12
C0005,P013,Seal Kit SK-15,205,297250,14
C0005,P014,Transmission Assembly TA-800,78,6513000,7
C0005,P015,Engine Block EB-600,173,20587000,15
C0005,P016,Radiator RD-250,158,1611600,12
C0005,P017,Fan Belt FB-30,110,57200,9
C0005,P018,Wheel Rim WR-24,115,1299500,9
C0005,P019,Swing Motor SWM-350,83,3303400,7
C0005,P020,Pivot Pin PP-12,176,202400,10
C0005,P021,Boom Cylinder BC-400,94,4342800,8
C0005,P022,Control Valve CV-75,89,1504100,10
C0005,P023,Idler Wheel IW-55,121,1566950,9
C0005,P024,Track Roller TR-60,94,968200,11
C0005,P025,Cabin Glass CG-20,108,847800,11
C0005,P026,Grease Cartridge GC-5,104,32240,8
C0005,P027,O-Ring Set OR-50,173,83040,13
C0005,P028,Light Assembly LA-18,123,276750,8
C0005,P029,Pressure Sensor PS-90,76,300200,8
C0005,P030,Fuel Pump FP-350,116,2540400,10
C0006,P001,Hydraulic Pump HP-300,55,1347500,6
C0006,P002,Engine Oil Filter OF-90,125,90000,13
C0006,P003,Air Filter AF-120,109,136250,8
C0006,P004,Track Chain TC-45,162,6447600,12
C0006,P005,Fuel Injector FI-220,101,853450,9
C0006,P006,Alternator ALT-500,168,1881600,10
C0006,P007,Hydraulic Hose HH-60,98,142100,9
C0006,P008,Bucket Tooth BT-10,117,67860,9
C0006,P009,Starter Motor SM-700,88,1311200,10
C0006,P010,Turbocharger TB-900,76,2652400,6
C0006,P011,Hydraulic Cylinder HC-200,132,3643200,13
C0006,P012,Brake Pad BP-40,146,357700,11
C0006,P013,Seal Kit SK-15,97,140650,9
C0006,P014,Transmission Assembly TA-800,49,4091500,5
C0006,P015,Engine Block EB-600,167,19873000,13
C0006,P016,Radiator RD-250,103,1050600,9
C0006,P017,Fan Belt FB-30,80,41600,9
C0006,P018,Wheel Rim WR-24,78,881400,5
C0006,P019,Swing Motor SWM-350,96,3820800,9
C0006,P020,Pivot Pin PP-12,85,97750,9
C0006,P021,Boom Cylinder BC-400,113,5220600,11
C0006,P022,Control Valve CV-75,77,1301300,7
C0006,P023,Idler Wheel IW-55,60,777000,7
C0006,P024,Track Roller TR-60,124,1277200,10
C0006,P025,Cabin Glass CG-20,131,1028350,11
C0006,P026,Grease Cartridge GC-5,81,25110,7
C0006,P027,O-Ring Set OR-50,147,70560,11
C0006,P028,Light Assembly LA-18,112,252000,10
C0006,P029,Pressure Sensor PS-90,180,711000,14
C0006,P030,Fuel Pump FP-350,64,1401600,7
C0007,P001,Hydraulic Pump HP-300,54,1323000,5
C0007,P002,Engine Oil Filter OF-90,52,37440,5
C0007,P003,Air Filter AF-120,84,105000,4
C0007,P004,Track Chain TC-45,92,3661600,6
C0007,P005,Fuel Injector FI-220,117,988650,7
C0007,P006,Alternator ALT-500,54,604800,5
C0007,P007,Hydraulic Hose HH-60,82,118900,7
C0007,P008,Bucket Tooth BT-10,99,57420,8
C0007,P009,Starter Motor SM-700,154,2294600,10
C0007,P010,Turbocharger TB-900,41,1430900,3
C0007,P011,Hydraulic Cylinder HC-200,113,3118800,7
C0007,P012,Brake Pad BP-40,56,137200,7
C0007,P013,Seal Kit SK-15,49,71050,5
C0007,P014,Transmission Assembly TA-800,103,8600500,11
C0007,P015,Engine Block EB-600,33,3927000,5
C0007,P016,Radiator RD-250,25,255000,3
C0007,P017,Fan Belt FB-30,145,75400,14
C0007,P018,Wheel Rim WR-24,10,113000,2
C0007,P019,Swing Motor SWM-350,47,1870600,4
C0007,P020,Pivot Pin PP-12,115,132250,7
C0007,P021,Boom Cylinder BC-400,60,2772000,5
C0007,P022,Control Valve CV-75,118,1994200,10
C0007,P023,Idler Wheel IW-55,46,595700,5
C0007,P024,Track Roller TR-60,85,875500,8
C0007,P025,Cabin Glass CG-20,45,353250,4
C0007,P026,Grease Cartridge GC-5,70,21700,8
C0007,P027,O-Ring Set OR-50,116,55680,9
C0007,P028,Light Assembly LA-18,35,78750,3
C0007,P029,Pressure Sensor PS-90,78,308100,7
C0007,P030,Fuel Pump FP-350,85,1861500,8
C0008,P001,Hydraulic Pump HP-300,99,2425500,10
C0008,P002,Engine Oil Filter OF-90,96,69120,7
C0008,P003,Air Filter AF-120,18,22500,2
C0008,P004,Track Chain TC-45,88,3502400,6
C0008,P005,Fuel Injector FI-220,72,608400,4
C0008,P006,Alternator ALT-500,35,392000,4
C0008,P007,Hydraulic Hose HH-60,41,59450,4
C0008,P008,Bucket Tooth BT-10,67,38860,5
C0008,P009,Starter Motor SM-700,133,1981700,8
C0008,P010,Turbocharger TB-900,58,2024200,7
C0008,P011,Hydraulic Cylinder HC-200,47,1297200,7
C0008,P012,Brake Pad BP-40,85,208250,5
C0008,P013,Seal Kit SK-15,100,145000,7
C0008,P014,Transmission Assembly TA-800,62,5177000,5
C0008,P015,Engine Block EB-600,41,4879000,5
C0008,P016,Radiator RD-250,72,734400,4
C0008,P017,Fan Belt FB-30,85,44200,7
C0008,P018,Wheel Rim WR-24,81,915300,7
C0008,P019,Swing Motor SWM-350,88,3502400,7
C0008,P020,Pivot Pin PP-12,61,70150,6
C0008,P021,Boom Cylinder BC-400,62,2864400,5
C0008,P022,Control Valve CV-75,99,1673100,8
C0008,P023,Idler Wheel IW-55,75,971250,7
C0008,P024,Track Roller TR-60,88,906400,7
C0008,P025,Cabin Glass CG-20,69,541650,5
C0008,P026,Grease Cartridge GC-5,75,23250,6
C0008,P027,O-Ring Set OR-50,74,35520,7
C0008,P028,Light Assembly LA-18,134,301500,8
C0008,P029,Pressure Sensor PS-90,85,335750,8
C0008,P030,Fuel Pump FP-350,129,2825100,11
C0009,P001,Hydraulic Pump HP-300,89,2180500,6
C0009,P002,Engine Oil Filter OF-90,90,64800,5
C0009,P003,Air Filter AF-120,46,57500,7
C0009,P004,Track Chain TC-45,51,2029800,3
C0009,P005,Fuel Injector FI-220,87,735150,6
C0009,P006,Alternator ALT-500,98,1097600,8
C0009,P007,Hydraulic Hose HH-60,128,185600,10
C0009,P008,Bucket Tooth BT-10,58,33640,5
C0009,P009,Starter Motor SM-700,80,1192000,9
C0009,P010,Turbocharger TB-900,134,4676600,8
C0009,P011,Hydraulic Cylinder HC-200,78,2152800,10
C0009,P012,Brake Pad BP-40,145,355250,8
C0009,P013,Seal Kit SK-15,100,145000,10
C0009,P014,Transmission Assembly TA-800,82,6847000,6
C0009,P015,Engine Block EB-600,144,17136000,9
C0009,P016,Radiator RD-250,118,1203600,12
C0009,P017,Fan Belt FB-30,88,45760,7
C0009,P018,Wheel Rim WR-24,103,1163900,6
C0009,P019,Swing Motor SWM-350,17,676600,2
C0009,P020,Pivot Pin PP-12,64,73600,5
C0009,P021,Boom Cylinder BC-400,95,4389000,5
C0009,P022,Control Valve CV-75,99,1673100,6
C0009,P023,Idler Wheel IW-55,85,1100750,5
C0009,P024,Track Roller TR-60,130,1339000,9
C0009,P025,Cabin Glass CG-20,123,965550,9
C0009,P026,Grease Cartridge GC-5,63,19530,4
C0009,P027,O-Ring Set OR-50,16,7680,5
C0009,P028,Light Assembly LA-18,80,180000,6
C0009,P029,Pressure Sensor PS-90,98,387100,8
C0009,P030,Fuel Pump FP-350,88,1927200,8
C0010,P001,Hydraulic Pump HP-300,36,882000,2
C0010,P002,Engine Oil Filter OF-90,133,95760,8
C0010,P003,Air Filter AF-120,140,175000,11
C0010,P004,Track Chain TC-45,79,3144200,7
C0010,P005,Fuel Injector FI-220,38,321100,4
C0010,P006,Alternator ALT-500,83,929600,7
C0010,P007,Hydraulic Hose HH-60,85,123250,8
C0010,P008,Bucket Tooth BT-10,148,85840,10
C0010,P009,Starter Motor SM-700,91,1355900,10
C0010,P010,Turbocharger TB-900,156,5444400,13
C0010,P011,Hydraulic Cylinder HC-200,74,2042400,7
C0010,P012,Brake Pad BP-40,107,262150,8
C0010,P013,Seal Kit SK-15,172,249400,13
C0010,P014,Transmission Assembly TA-800,98,8183000,10
C0010,P015,Engine Block EB-600,37,4403000,3
C0010,P016,Radiator RD-250,92,938400,8
C0010,P017,Fan Belt FB-30,120,62400,11
C0010,P018,Wheel Rim WR-24,146,1649800,9
C0010,P019,Swing Motor SWM-350,186,7402800,14
C0010,P020,Pivot Pin PP-12,70,80500,5
C0010,P021,Boom Cylinder BC-400,190,8778000,16
C0010,P022,Control Valve CV-75,127,2146300,11
C0010,P023,Idler Wheel IW-55,74,958300,9
C0010,P024,Track Roller TR-60,115,1184500,10
C0010,P025,Cabin Glass CG-20,146,1146100,13
C0010,P026,Grease Cartridge GC-5,108,33480,12
C0010,P027,O-Ring Set OR-50,126,60480,7
C0010,P028,Light Assembly LA-18,107,240750,9
C0010,P029,Pressure Sensor PS-90,90,355500,7
C0010,P030,Fuel Pump FP-350,81,1773900,7
C0011,P001,Hydraulic Pump HP-300,59,1445500,6
C0011,P002,Engine Oil Filter OF-90,34,24480,3
C0011,P003,Air Filter AF-120,87,108750,9
C0011,P004,Track Chain TC-45,134,5333200,8
C0011,P005,Fuel Injector FI-220,97,819650,9
C0011,P006,Alternator ALT-500,52,582400,6
C0011,P007,Hydraulic Hose HH-60,140,203000,12
C0011,P008,Bucket Tooth BT-10,187,108460,12
C0011,P009,Starter Motor SM-700,155,2309500,11
C0011,P010,Turbocharger TB-900,87,3036300,6
C0011,P011,Hydraulic Cylinder HC-200,162,4471200,12
C0011,P012,Brake Pad BP-40,75,183750,8
C0011,P013,Seal Kit SK-15,57,82650,7
C0011,P014,Transmission Assembly TA-800,18,1503000,2
C0011,P015,Engine Block EB-600,82,9758000,9
C0011,P016,Radiator RD-250,119,1213800,10
C0011,P017,Fan Belt FB-30,81,42120,6
C0011,P018,Wheel Rim WR-24,82,926600,7
C0011,P019,Swing Motor SWM-350,64,2547200,6
C0011,P020,Pivot Pin PP-12,79,90850,7
C0011,P021,Boom Cylinder BC-400,83,3834600,9
C0011,P022,Control Valve CV-75,71,1199900,8
C0011,P023,Idler Wheel IW-55,49,634550,5
C0011,P024,Track Roller TR-60,94,968200,11
C0011,P025,Cabin Glass CG-20,86,675100,7
C0011,P026,Grease Cartridge GC-5,40,12400,4
C0011,P027,O-Ring Set OR-50,120,57600,9
C0011,P028,Light Assembly LA-18,140,315000,10
C0011,P029,Pressure Sensor PS-90,87,343650,9
C0011,P030,Fuel Pump FP-350,96,2102400,8
C0012,P001,Hydraulic Pump HP-300,53,1298500,5
C0012,P002,Engine Oil Filter OF-90,53,38160,4
C0012,P003,Air Filter AF-120,58,72500,6
C0012,P004,Track Chain TC-45,69,2746200,5
C0012,P005,Fuel Injector FI-220,81,684450,7
C0012,P006,Alternator ALT-500,42,470400,6
C0012,P007,Hydraulic Hose HH-60,76,110200,8
C0012,P008,Bucket Tooth BT-10,44,25520,5
C0012,P009,Starter Motor SM-700,102,1519800,7
C0012,P010,Turbocharger TB-900,74,2582600,6
C0012,P011,Hydraulic Cylinder HC-200,90,2484000,6
C0012,P012,Brake Pad BP-40,28,68600,3
C0012,P013,Seal Kit SK-15,92,133400,9
C0012,P014,Transmission Assembly TA-800,107,8934500,6
C0012,P015,Engine Block EB-600,77,9163000,6
C0012,P016,Radiator RD-250,37,377400,3
C0012,P017,Fan Belt FB-30,48,24960,7
C0012,P018,Wheel Rim WR-24,64,723200,8
C0012,P019,Swing Motor SWM-350,47,1870600,6
C0012,P020,Pivot Pin PP-12,73,83950,5
C0012,P021,Boom Cylinder BC-400,99,4573800,7
C0012,P022,Control Valve CV-75,87,1470300,7
C0012,P023,Idler Wheel IW-55,42,543900,5
C0012,P024,Track Roller TR-60,46,473800,4
C0012,P025,Cabin Glass CG-20,38,298300,5
C0012,P026,Grease Cartridge GC-5,126,39060,10
C0012,P027,O-Ring Set OR-50,80,38400,5
C0012,P028,Light Assembly LA-18,43,96750,3
C0012,P029,Pressure Sensor PS-90,48,189600,5
C0012,P030,Fuel Pump FP-350,77,1686300,7
C0013,P001,Hydraulic Pump HP-300,92,2254000,8
C0013,P002,Engine Oil Filter OF-90,146,105120,11
C0013,P003,Air Filter AF-120,169,211250,14
C0013,P004,Track Chain TC-45,161,6407800,13
C0013,P005,Fuel Injector FI-220,127,1073150,10
C0013,P006,Alternator ALT-500,189,2116800,12
C0013,P007,Hydraulic Hose HH-60,177,256650,15
C0013,P008,Bucket Tooth BT-10,97,56260,8
C0013,P009,Starter Motor SM-700,47,700300,5
C0013,P010,Turbocharger TB-900,92,3210800,7
C0013,P011,Hydraulic Cylinder HC-200,108,2980800,8
C0013,P012,Brake Pad BP-40,123,301350,8
C0013,P013,Seal Kit SK-15,98,142100,9
C0013,P014,Transmission Assembly TA-800,137,11439500,12
C0013,P015,Engine Block EB-600,117,13923000,9
C0013,P016,Radiator RD-250,163,1662600,14
C0013,P017,Fan Belt FB-30,108,56160,10
C0013,P018,Wheel Rim WR-24,110,1243000,11
C0013,P019,Swing Motor SWM-350,109,4338200,12
C0013,P020,Pivot Pin PP-12,78,89700,8
C0013,P021,Boom Cylinder BC-400,76,3511200,9
C0013,P022,Control Valve CV-75,88,1487200,9
C0013,P023,Idler Wheel IW-55,89,1152550,11
C0013,P024,Track Roller TR-60,112,1153600,10
C0013,P025,Cabin Glass CG-20,80,628000,7
C0013,P026,Grease Cartridge GC-5,147,45570,15
C0013,P027,O-Ring Set OR-50,77,36960,7
C0013,P028,Light Assembly LA-18,186,418500,12
C0013,P029,Pressure Sensor PS-90,156,616200,13
C0013,P030,Fuel Pump FP-350,126,2759400,10
C0014,P001,Hydraulic Pump HP-300,40,980000,3
C0014,P002,Engine Oil Filter OF-90,76,54720,5
C0014,P003,Air Filter AF-120,77,96250,8
C0014,P004,Track Chain TC-45,65,2587000,7
C0014,P005,Fuel Injector FI-220,70,591500,6
C0014,P006,Alternator ALT-500,47,526400,4
C0014,P007,Hydraulic Hose HH-60,107,155150,8
C0014,P008,Bucket Tooth BT-10,75,43500,6
C0014,P009,Starter Motor SM-700,56,834400,3
C0014,P010,Turbocharger TB-900,24,837600,3
C0014,P011,Hydraulic Cylinder HC-200,109,3008400,8
C0014,P012,Brake Pad BP-40,29,71050,3
C0014,P013,Seal Kit SK-15,89,129050,6
C0014,P014,Transmission Assembly TA-800,92,7682000,6
C0014,P015,Engine Block EB-600,117,13923000,9
C0014,P016,Radiator RD-250,38,387600,4
C0014,P017,Fan Belt FB-30,46,23920,3
C0014,P018,Wheel Rim WR-24,127,1435100,7
C0014,P019,Swing Motor SWM-350,60,2388000,6
C0014,P020,Pivot Pin PP-12,53,60950,6
C0014,P021,Boom Cylinder BC-400,51,2356200,5
C0014,P022,Control Valve CV-75,64,1081600,6
C0014,P023,Idler Wheel IW-55,55,712250,6
C0014,P024,Track Roller TR-60,41,422300,3
C0014,P025,Cabin Glass CG-20,126,989100,7
C0014,P026,Grease Cartridge GC-5,47,14570,4
C0014,P027,O-Ring Set OR-50,52,24960,5
C0014,P028,Light Assembly LA-18,78,175500,9
C0014,P029,Pressure Sensor PS-90,74,292300,5
C0014,P030,Fuel Pump FP-350,69,1511100,6
C0015,P001,Hydraulic Pump HP-300,103,2523500,9
C0015,P002,Engine Oil Filter OF-90,93,66960,10
C0015,P003,Air Filter AF-120,51,63750,6
C0015,P004,Track Chain TC-45,64,2547200,7
C0015,P005,Fuel Injector FI-220,103,870350,6
C0015,P006,Alternator ALT-500,105,1176000,8
C0015,P007,Hydraulic Hose HH-60,121,175450,11
C0015,P008,Bucket Tooth BT-10,76,44080,5
C0015,P009,Starter Motor SM-700,113,1683700,13
C0015,P010,Turbocharger TB-900,33,1151700,3
C0015,P011,Hydraulic Cylinder HC-200,85,2346000,7
C0015,P012,Brake Pad BP-40,49,120050,5
C0015,P013,Seal Kit SK-15,123,178350,10
C0015,P014,Transmission Assembly TA-800,89,7431500,8
C0015,P015,Engine Block EB-600,106,12614000,7
C0015,P016,Radiator RD-250,76,775200,7
C0015,P017,Fan Belt FB-30,110,57200,10
C0015,P018,Wheel Rim WR-24,36,406800,3
C0015,P019,Swing Motor SWM-350,78,3104400,8
C0015,P020,Pivot Pin PP-12,36,41400,3
C0015,P021,Boom Cylinder BC-400,143,6606600,11
C0015,P022,Control Valve CV-75,104,1757600,10
C0015,P023,Idler Wheel IW-55,112,1450400,9
C0015,P024,Track Roller TR-60,72,741600,6
C0015,P025,Cabin Glass CG-20,172,1350200,12
C0015,P026,Grease Cartridge GC-5,53,16430,10
C0015,P027,O-Ring Set OR-50,51,24480,4
C0015,P028,Light Assembly LA-18,127,285750,13
C0015,P029,Pressure Sensor PS-90,87,343650,8
C0015,P030,Fuel Pump FP-350,48,1051200,4
C0016,P001,Hydraulic Pump HP-300,92,2254000,7
C0016,P002,Engine Oil Filter OF-90,45,32400,7
C0016,P003,Air Filter AF-120,74,92500,6
C0016,P004,Track Chain TC-45,137,5452600,10
C0016,P005,Fuel Injector FI-220,157,1326650,12
C0016,P006,Alternator ALT-500,83,929600,10
C0016,P007,Hydraulic Hose HH-60,142,205900,9
C0016,P008,Bucket Tooth BT-10,81,46980,7
C0016,P009,Starter Motor SM-700,115,1713500,9
C0016,P010,Turbocharger TB-900,122,4257800,8
C0016,P011,Hydraulic Cylinder HC-200,94,2594400,12
C0016,P012,Brake Pad BP-40,140,343000,10
C0016,P013,Seal Kit SK-15,77,111650,6
C0016,P014,Transmission Assembly TA-800,83,6930500,6
C0016,P015,Engine Block EB-600,118,14042000,6
C0016,P016,Radiator RD-250,129,1315800,11
C0016,P017,Fan Belt FB-30,23,11960,3
C0016,P018,Wheel Rim WR-24,86,971800,6
C0016,P019,Swing Motor SWM-350,110,4378000,7
C0016,P020,Pivot Pin PP-12,92,105800,9
C0016,P021,Boom Cylinder BC-400,107,4943400,8
C0016,P022,Control Valve CV-75,120,2028000,10
C0016,P023,Idler Wheel IW-55,97,1256150,8
C0016,P024,Track Roller TR-60,121,1246300,11
C0016,P025,Cabin Glass CG-20,52,408200,6
C0016,P026,Grease Cartridge GC-5,89,27590,10
C0016,P027,O-Ring Set OR-50,79,37920,8
C0016,P028,Light Assembly LA-18,120,270000,10
C0016,P029,Pressure Sensor PS-90,126,497700,10
C0016,P030,Fuel Pump FP-350,140,3066000,9
C0017,P001,Hydraulic Pump HP-300,207,5071500,16
C0017,P002,Engine Oil Filter OF-90,63,45360,4
C0017,P003,Air Filter AF-120,91,113750,9
C0017,P004,Track Chain TC-45,60,2388000,6
C0017,P005,Fuel Injector FI-220,120,1014000,10
C0017,P006,Alternator ALT-500,54,604800,6
C0017,P007,Hydraulic Hose HH-60,79,114550,7
C0017,P008,Bucket Tooth BT-10,67,38860,6
C0017,P009,Starter Motor SM-700,91,1355900,11
C0017,P010,Turbocharger TB-900,76,2652400,6
C0017,P011,Hydraulic Cylinder HC-200,160,4416000,15
C0017,P012,Brake Pad BP-40,88,215600,9
C0017,P013,Seal Kit SK-15,63,91350,7
C0017,P014,Transmission Assembly TA-800,145,12107500,9
C0017,P015,Engine Block EB-600,26,3094000,4
C0017,P016,Radiator RD-250,72,734400,8
C0017,P017,Fan Belt FB-30,114,59280,9
C0017,P018,Wheel Rim WR-24,24,271200,3
C0017,P019,Swing Motor SWM-350,78,3104400,6
C0017,P020,Pivot Pin PP-12,49,56350,5
C0017,P021,Boom Cylinder BC-400,57,2633400,4
C0017,P022,Control Valve CV-75,63,1064700,6
C0017,P023,Idler Wheel IW-55,77,997150,7
C0017,P024,Track Roller TR-60,105,1081500,8
C0017,P025,Cabin Glass CG-20,64,502400,7
C0017,P026,Grease Cartridge GC-5,55,17050,6
C0017,P027,O-Ring Set OR-50,100,48000,11
C0017,P028,Light Assembly LA-18,50,112500,5
C0017,P029,Pressure Sensor PS-90,63,248850,6
C0017,P030,Fuel Pump FP-350,108,2365200,8
C0018,P001,Hydraulic Pump HP-300,72,1764000,6
C0018,P002,Engine Oil Filter OF-90,80,57600,6
C0018,P003,Air Filter AF-120,130,162500,10
C0018,P004,Track Chain TC-45,132,5253600,11
C0018,P005,Fuel Injector FI-220,84,709800,6
C0018,P006,Alternator ALT-500,34,380800,4
C0018,P007,Hydraulic Hose HH-60,107,155150,9
C0018,P008,Bucket Tooth BT-10,74,42920,8
C0018,P009,Starter Motor SM-700,115,1713500,8
C0018,P010,Turbocharger TB-900,67,2338300,5
C0018,P011,Hydraulic Cylinder HC-200,77,2125200,6
C0018,P012,Brake Pad BP-40,48,117600,4
C0018,P013,Seal Kit SK-15,26,37700,2
C0018,P014,Transmission Assembly TA-800,117,9769500,8
C0018,P015,Engine Block EB-600,75,8925000,9
C0018,P016,Radiator RD-250,119,1213800,10
C0018,P017,Fan Belt FB-30,35,18200,4
C0018,P018,Wheel Rim WR-24,61,689300,6
C0018,P019,Swing Motor SWM-350,59,2348200,6
C0018,P020,Pivot Pin PP-12,68,78200,5
C0018,P021,Boom Cylinder BC-400,67,3095400,5
C0018,P022,Control Valve CV-75,111,1875900,9
C0018,P023,Idler Wheel IW-55,32,414400,3
C0018,P024,Track Roller TR-60,31,319300,4
C0018,P025,Cabin Glass CG-20,62,486700,5
C0018,P026,Grease Cartridge GC-5,46,14260,4
C0018,P027,O-Ring Set OR-50,70,33600,6
C0018,P028,Light Assembly LA-18,97,218250,6
C0018,P029,Pressure Sensor PS-90,86,339700,7
C0018,P030,Fuel Pump FP-350,75,1642500,7
C0019,P001,Hydraulic Pump HP-300,79,1935500,6
C0019,P002,Engine Oil Filter OF-90,74,53280,9
C0019,P003,Air Filter AF-120,88,110000,8
C0019,P004,Track Chain TC-45,54,2149200,5
C0019,P005,Fuel Injector FI-220,47,397150,5
C0019,P006,Alternator ALT-500,85,952000,8
C0019,P007,Hydraulic Hose HH-60,94,136300,7
C0019,P008,Bucket Tooth BT-10,61,35380,7
C0019,P009,Starter Motor SM-700,43,640700,4
C0019,P010,Turbocharger TB-900,146,5095400,11
C0019,P011,Hydraulic Cylinder HC-200,143,3946800,7
C0019,P012,Brake Pad BP-40,109,267050,11
C0019,P013,Seal Kit SK-15,48,69600,5
C0019,P014,Transmission Assembly TA-800,86,7181000,5
C0019,P015,Engine Block EB-600,32,3808000,4
C0019,P016,Radiator RD-250,52,530400,6
C0019,P017,Fan Belt FB-30,64,33280,7
C0019,P018,Wheel Rim WR-24,102,1152600,10
C0019,P019,Swing Motor SWM-350,130,5174000,10
C0019,P020,Pivot Pin PP-12,55,63250,5
C0019,P021,Boom Cylinder BC-400,65,3003000,6
C0019,P022,Control Valve CV-75,86,1453400,8
C0019,P023,Idler Wheel IW-55,80,1036000,6
C0019,P024,Track Roller TR-60,38,391400,7
C0019,P025,Cabin Glass CG-20,120,942000,9
C0019,P026,Grease Cartridge GC-5,72,22320,6
C0019,P027,O-Ring Set OR-50,84,40320,7
C0019,P028,Light Assembly LA-18,28,63000,4
C0019,P029,Pressure Sensor PS-90,104,410800,9
C0019,P030,Fuel Pump FP-350,90,1971000,8
C0020,P001,Hydraulic Pump HP-300,9,220500,1
C0020,P002,Engine Oil Filter OF-90,61,43920,4
C0020,P003,Air Filter AF-120,15,18750,2
C0020,P004,Track Chain TC-45,49,1950200,6
C0020,P005,Fuel Injector FI-220,88,743600,7
C0020,P006,Alternator ALT-500,88,985600,7
C0020,P007,Hydraulic Hose HH-60,61,88450,7
C0020,P008,Bucket Tooth BT-10,41,23780,5
C0020,P009,Starter Motor SM-700,75,1117500,8
C0020,P010,Turbocharger TB-900,60,2094000,5
C0020,P011,Hydraulic Cylinder HC-200,103,2842800,9
C0020,P012,Brake Pad BP-40,116,284200,12
C0020,P013,Seal Kit SK-15,95,137750,7
C0020,P014,Transmission Assembly TA-800,71,5928500,9
C0020,P015,Engine Block EB-600,36,4284000,3
C0020,P016,Radiator RD-250,114,1162800,7
C0020,P017,Fan Belt FB-30,49,25480,7
C0020,P018,Wheel Rim WR-24,172,1943600,12
C0020,P019,Swing Motor SWM-350,67,2666600,10
C0020,P020,Pivot Pin PP-12,118,135700,9
C0020,P021,Boom Cylinder BC-400,87,4019400,7
C0020,P022,Control Valve CV-75,60,1014000,8
C0020,P023,Idler Wheel IW-55,63,815850,6
C0020,P024,Track Roller TR-60,121,1246300,8
C0020,P025,Cabin Glass CG-20,44,345400,7
C0020,P026,Grease Cartridge GC-5,84,26040,8
C0020,P027,O-Ring Set OR-50,76,36480,7
C0020,P028,Light Assembly LA-18,42,94500,4
C0020,P029,Pressure Sensor PS-90,101,398950,8
C0020,P030,Fuel Pump FP-350,172,3766800,11
C0021,P001,Hydraulic Pump HP-300,136,3332000,10
C0021,P002,Engine Oil Filter OF-90,73,52560,5
C0021,P003,Air Filter AF-120,151,188750,16
C0021,P004,Track Chain TC-45,121,4815800,7
C0021,P005,Fuel Injector FI-220,46,388700,5
C0021,P006,Alternator ALT-500,95,1064000,9
C0021,P007,Hydraulic Hose HH-60,75,108750,7
C0021,P008,Bucket Tooth BT-10,46,26680,5
C0021,P009,Starter Motor SM-700,47,700300,5
C0021,P010,Turbocharger TB-900,44,1535600,5
C0021,P011,Hydraulic Cylinder HC-200,81,2235600,8
C0021,P012,Brake Pad BP-40,113,276850,9
C0021,P013,Seal Kit SK-15,109,158050,12
C0021,P014,Transmission Assembly TA-800,102,8517000,8
C0021,P015,Engine Block EB-600,96,11424000,6
C0021,P016,Radiator RD-250,90,918000,13
C0021,P017,Fan Belt FB-30,43,22360,5
C0021,P018,Wheel Rim WR-24,163,1841900,12
C0021,P019,Swing Motor SWM-350,46,1830800,4
C0021,P020,Pivot Pin PP-12,58,66700,8
C0021,P021,Boom Cylinder BC-400,160,7392000,17
C0021,P022,Control Valve CV-75,33,557700,5
C0021,P023,Idler Wheel IW-55,14,181300,2
C0021,P024,Track Roller TR-60,113,1163900,9
C0021,P025,Cabin Glass CG-20,140,1099000,6
C0021,P026,Grease Cartridge GC-5,44,13640,4
C0021,P027,O-Ring Set OR-50,88,42240,7
C0021,P028,Light Assembly LA-18,138,310500,11
C0021,P029,Pressure Sensor PS-90,137,541150,12
C0021,P030,Fuel Pump FP-350,26,569400,2
C0022,P001,Hydraulic Pump HP-300,129,3160500,8
C0022,P002,Engine Oil Filter OF-90,116,83520,9
C0022,P003,Air Filter AF-120,103,128750,5
C0022,P004,Track Chain TC-45,123,4895400,10
C0022,P005,Fuel Injector FI-220,110,929500,9
C0022,P006,Alternator ALT-500,83,929600,7
C0022,P007,Hydraulic Hose HH-60,73,105850,7
C0022,P008,Bucket Tooth BT-10,138,80040,9
C0022,P009,Starter Motor SM-700,114,1698600,8
C0022,P010,Turbocharger TB-900,113,3943700,9
C0022,P011,Hydraulic Cylinder HC-200,56,1545600,6
C0022,P012,Brake Pad BP-40,134,328300,9
C0022,P013,Seal Kit SK-15,100,145000,6
C0022,P014,Transmission Assembly TA-800,101,8433500,7
C0022,P015,Engine Block EB-600,59,7021000,6
C0022,P016,Radiator RD-250,110,1122000,12
C0022,P017,Fan Belt FB-30,56,29120,7
C0022,P018,Wheel Rim WR-24,48,542400,5
C0022,P019,Swing Motor SWM-350,62,2467600,6
C0022,P020,Pivot Pin PP-12,107,123050,8
C0022,P021,Boom Cylinder BC-400,36,1663200,4
C0022,P022,Control Valve CV-75,78,1318200,6
C0022,P023,Idler Wheel IW-55,59,764050,6
C0022,P024,Track Roller TR-60,20,206000,2
C0022,P025,Cabin Glass CG-20,76,596600,8
C0022,P026,Grease Cartridge GC-5,59,18290,6
C0022,P027,O-Ring Set OR-50,86,41280,3
C0022,P028,Light Assembly LA-18,56,126000,5
C0022,P029,Pressure Sensor PS-90,98,387100,8
C0022,P030,Fuel Pump FP-350,80,1752000,6
C0023,P001,Hydraulic Pump HP-300,53,1298500,6
C0023,P002,Engine Oil Filter OF-90,48,34560,3
C0023,P003,Air Filter AF-120,142,177500,13
C0023,P004,Track Chain TC-45,54,2149200,6
C0023,P005,Fuel Injector FI-220,85,718250,8
C0023,P006,Alternator ALT-500,104,1164800,11
C0023,P007,Hydraulic Hose HH-60,43,62350,4
C0023,P008,Bucket Tooth BT-10,90,52200,10
C0023,P009,Starter Motor SM-700,53,789700,6
C0023,P010,Turbocharger TB-900,90,3141000,9
C0023,P011,Hydraulic Cylinder HC-200,85,2346000,7
C0023,P012,Brake Pad BP-40,79,193550,5
C0023,P013,Seal Kit SK-15,53,76850,8
C0023,P014,Transmission Assembly TA-800,138,11523000,10
C0023,P015,Engine Block EB-600,130,15470000,11
C0023,P016,Radiator RD-250,78,795600,6
C0023,P017,Fan Belt FB-30,121,62920,7
C0023,P018,Wheel Rim WR-24,72,813600,7
C0023,P019,Swing Motor SWM-350,52,2069600,4
C0023,P020,Pivot Pin PP-12,51,58650,4
C0023,P021,Boom Cylinder BC-400,91,4204200,7
C0023,P022,Control Valve CV-75,103,1740700,8
C0023,P023,Idler Wheel IW-55,91,1178450,9
C0023,P024,Track Roller TR-60,48,494400,3
C0023,P025,Cabin Glass CG-20,72,565200,5
C0023,P026,Grease Cartridge GC-5,98,30380,9
C0023,P027,O-Ring Set OR-50,82,39360,5
C0023,P028,Light Assembly LA-18,37,83250,3
C0023,P029,Pressure Sensor PS-90,154,608300,10
C0023,P030,Fuel Pump FP-350,64,1401600,6
C0024,P001,Hydraulic Pump HP-300,68,1666000,7
C0024,P002,Engine Oil Filter OF-90,67,48240,5
C0024,P003,Air Filter AF-120,99,123750,9
C0024,P004,Track Chain TC-45,79,3144200,5
C0024,P005,Fuel Injector FI-220,110,929500,10
C0024,P006,Alternator ALT-500,91,1019200,8
C0024,P007,Hydraulic Hose HH-60,69,100050,7
C0024,P008,Bucket Tooth BT-10,53,30740,4
C0024,P009,Starter Motor SM-700,61,908900,4
C0024,P010,Turbocharger TB-900,67,2338300,6
C0024,P011,Hydraulic Cylinder HC-200,104,2870400,10
C0024,P012,Brake Pad BP-40,59,144550,8
C0024,P013,Seal Kit SK-15,105,152250,9
C0024,P014,Transmission Assembly TA-800,53,4425500,6
C0024,P015,Engine Block EB-600,121,14399000,10
C0024,P016,Radiator RD-250,69,703800,6
C0024,P017,Fan Belt FB-30,109,56680,12
C0024,P018,Wheel Rim WR-24,93,1050900,7
C0024,P019,Swing Motor SWM-350,90,3582000,8
C0024,P020,Pivot Pin PP-12,116,133400,9
C0024,P021,Boom Cylinder BC-400,84,3880800,4
C0024,P022,Control Valve CV-75,124,2095600,8
C0024,P023,Idler Wheel IW-55,132,1709400,12
C0024,P024,Track Roller TR-60,120,1236000,10
C0024,P025,Cabin Glass CG-20,109,855650,11
C0024,P026,Grease Cartridge GC-5,104,32240,8
C0024,P027,O-Ring Set OR-50,93,44640,9
C0024,P028,Light Assembly LA-18,90,202500,8
C0024,P029,Pressure Sensor PS-90,92,363400,9
C0024,P030,Fuel Pump FP-350,35,766500,5
C0025,P001,Hydraulic Pump HP-300,119,2915500,11
C0025,P002,Engine Oil Filter OF-90,85,61200,9
C0025,P003,Air Filter AF-120,60,75000,7
C0025,P004,Track Chain TC-45,104,4139200,8
C0025,P005,Fuel Injector FI-220,73,616850,4
C0025,P006,Alternator ALT-500,82,918400,6
C0025,P007,Hydraulic Hose HH-60,133,192850,9
C0025,P008,Bucket Tooth BT-10,57,33060,6
C0025,P009,Starter Motor SM-700,88,1311200,10
C0025,P010,Turbocharger TB-900,112,3908800,11
C0025,P011,Hydraulic Cylinder HC-200,70,1932000,6
C0025,P012,Brake Pad BP-40,69,169050,5
C0025,P013,Seal Kit SK-15,101,146450,8
C0025,P014,Transmission Assembly TA-800,73,6095500,5
C0025,P015,Engine Block EB-600,119,14161000,8
C0025,P016,Radiator RD-250,134,1366800,11
C0025,P017,Fan Belt FB-30,183,95160,15
C0025,P018,Wheel Rim WR-24,134,1514200,13
C0025,P019,Swing Motor SWM-350,120,4776000,14
C0025,P020,Pivot Pin PP-12,110,126500,14
C0025,P021,Boom Cylinder BC-400,85,3927000,6
C0025,P022,Control Valve CV-75,167,2822300,11
C0025,P023,Idler Wheel IW-55,144,1864800,12
C0025,P024,Track Roller TR-60,100,1030000,9
C0025,P025,Cabin Glass CG-20,124,973400,15
C0025,P026,Grease Cartridge GC-5,74,22940,6
C0025,P027,O-Ring Set OR-50,75,36000,8
C0025,P028,Light Assembly LA-18,77,173250,6
C0025,P029,Pressure Sensor PS-90,97,383150,10
C0025,P030,Fuel Pump FP-350,138,3022200,11
C0026,P001,Hydraulic Pump HP-300,83,2033500,7
C0026,P002,Engine Oil Filter OF-90,103,74160,9
C0026,P003,Air Filter AF-120,128,160000,10
C0026,P004,Track Chain TC-45,105,4179000,7
C0026,P005,Fuel Injector FI-220,123,1039350,9
C0026,P006,Alternator ALT-500,155,1736000,12
C0026,P007,Hydraulic Hose HH-60,40,58000,3
C0026,P008,Bucket Tooth BT-10,137,79460,11
C0026,P009,Starter Motor SM-700,85,1266500,5
C0026,P010,Turbocharger TB-900,127,4432300,10
C0026,P011,Hydraulic Cylinder HC-200,97,2677200,10
C0026,P012,Brake Pad BP-40,106,259700,7
C0026,P013,Seal Kit SK-15,54,78300,6
C0026,P014,Transmission Assembly TA-800,119,9936500,9
C0026,P015,Engine Block EB-600,129,15351000,10
C0026,P016,Radiator RD-250,65,663000,6
C0026,P017,Fan Belt FB-30,93,48360,6
C0026,P018,Wheel Rim WR-24,78,881400,8
C0026,P019,Swing Motor SWM-350,80,3184000,7
C0026,P020,Pivot Pin PP-12,140,161000,8
C0026,P021,Boom Cylinder BC-400,56,2587200,8
C0026,P022,Control Valve CV-75,186,3143400,11
C0026,P023,Idler Wheel IW-55,66,854700,7
C0026,P024,Track Roller TR-60,137,1411100,12
C0026,P025,Cabin Glass CG-20,51,400350,5
C0026,P026,Grease Cartridge GC-5,164,50840,14
C0026,P027,O-Ring Set OR-50,72,34560,8
C0026,P028,Light Assembly LA-18,90,202500,7
C0026,P029,Pressure Sensor PS-90,130,513500,11
C0026,P030,Fuel Pump FP-350,119,2606100,6
C0027,P001,Hydraulic Pump HP-300,79,1935500,5
C0027,P002,Engine Oil Filter OF-90,93,66960,8
C0027,P003,Air Filter AF-120,83,103750,11
C0027,P004,Track Chain TC-45,145,5771000,12
C0027,P005,Fuel Injector FI-220,100,845000,8
C0027,P006,Alternator ALT-500,89,996800,5
C0027,P007,Hydraulic Hose HH-60,97,140650,11
C0027,P008,Bucket Tooth BT-10,87,50460,11
C0027,P009,Starter Motor SM-700,50,745000,6
C0027,P010,Turbocharger TB-900,41,1430900,3
C0027,P011,Hydraulic Cylinder HC-200,107,2953200,7
C0027,P012,Brake Pad BP-40,97,237650,7
C0027,P013,Seal Kit SK-15,98,142100,9
C0027,P014,Transmission Assembly TA-800,109,9101500,10
C0027,P015,Engine Block EB-600,56,6664000,4
C0027,P016,Radiator RD-250,40,408000,5
C0027,P017,Fan Belt FB-30,104,54080,12
C0027,P018,Wheel Rim WR-24,96,1084800,9
C0027,P019,Swing Motor SWM-350,123,4895400,12
C0027,P020,Pivot Pin PP-12,125,143750,9
C0027,P021,Boom Cylinder BC-400,94,4342800,9
C0027,P022,Control Valve CV-75,38,642200,4
C0027,P023,Idler Wheel IW-55,128,1657600,8
C0027,P024,Track Roller TR-60,99,1019700,10
C0027,P025,Cabin Glass CG-20,75,588750,8
C0027,P026,Grease Cartridge GC-5,93,28830,8
C0027,P027,O-Ring Set OR-50,78,37440,6
C0027,P028,Light Assembly LA-18,105,236250,10
C0027,P029,Pressure Sensor PS-90,113,446350,7
C0027,P030,Fuel Pump FP-350,22,481800,2
C0028,P001,Hydraulic Pump HP-300,81,1984500,6
C0028,P002,Engine Oil Filter OF-90,96,69120,8
C0028,P003,Air Filter AF-120,49,61250,5
C0028,P004,Track Chain TC-45,61,2427800,5
C0028,P005,Fuel Injector FI-220,38,321100,5
C0028,P006,Alternator ALT-500,76,851200,8
C0028,P007,Hydraulic Hose HH-60,113,163850,9
C0028,P008,Bucket Tooth BT-10,15,8700,2
C0028,P009,Starter Motor SM-700,65,968500,7
C0028,P010,Turbocharger TB-900,60,2094000,4
C0028,P011,Hydraulic Cylinder HC-200,52,1435200,7
C0028,P012,Brake Pad BP-40,69,169050,7
C0028,P013,Seal Kit SK-15,86,124700,8
C0028,P014,Transmission Assembly TA-800,37,3089500,4
C0028,P015,Engine Block EB-600,57,6783000,4
C0028,P016,Radiator RD-250,107,1091400,9
C0028,P017,Fan Belt FB-30,111,57720,10
C0028,P018,Wheel Rim WR-24,87,983100,9
C0028,P019,Swing Motor SWM-350,29,1154200,3
C0028,P020,Pivot Pin PP-12,20,23000,3
C0028,P021,Boom Cylinder BC-400,79,3649800,8
C0028,P022,Control Valve CV-75,71,1199900,5
C0028,P023,Idler Wheel IW-55,145,1877750,9
C0028,P024,Track Roller TR-60,33,339900,5
C0028,P025,Cabin Glass CG-20,32,251200,4
C0028,P026,Grease Cartridge GC-5,61,18910,5
C0028,P027,O-Ring Set OR-50,71,34080,4
C0028,P028,Light Assembly LA-18,97,218250,8
C0028,P029,Pressure Sensor PS-90,127,501650,8
C0028,P030,Fuel Pump FP-350,69,1511100,6
C0029,P001,Hydraulic Pump HP-300,78,1911000,5
C0029,P002,Engine Oil Filter OF-90,49,35280,4
C0029,P003,Air Filter AF-120,139,173750,11
C0029,P004,Track Chain TC-45,66,2626800,3
C0029,P005,Fuel Injector FI-220,86,726700,7
C0029,P006,Alternator ALT-500,64,716800,6
C0029,P007,Hydraulic Hose HH-60,43,62350,3
C0029,P008,Bucket Tooth BT-10,63,36540,5
C0029,P009,Starter Motor SM-700,85,1266500,9
C0029,P010,Turbocharger TB-900,81,2826900,7
C0029,P011,Hydraulic Cylinder HC-200,106,2925600,7
C0029,P012,Brake Pad BP-40,113,276850,7
C0029,P013,Seal Kit SK-15,99,143550,8
C0029,P014,Transmission Assembly TA-800,38,3173000,5
C0029,P015,Engine Block EB-600,73,8687000,4
C0029,P016,Radiator RD-250,112,1142400,11
C0029,P017,Fan Belt FB-30,105,54600,7
C0029,P018,Wheel Rim WR-24,125,1412500,9
C0029,P019,Swing Motor SWM-350,175,6965000,14
C0029,P020,Pivot Pin PP-12,83,95450,7
C0029,P021,Boom Cylinder BC-400,94,4342800,8
C0029,P022,Control Valve CV-75,81,1368900,8
C0029,P023,Idler Wheel IW-55,80,1036000,7
C0029,P024,Track Roller TR-60,95,978500,8
C0029,P025,Cabin Glass CG-20,44,345400,4
C0029,P026,Grease Cartridge GC-5,88,27280,8
C0029,P027,O-Ring Set OR-50,94,45120,7
C0029,P028,Light Assembly LA-18,31,69750,6
C0029,P029,Pressure Sensor PS-90,92,363400,8
C0029,P030,Fuel Pump FP-350,83,1817700,5
C0030,P001,Hydraulic Pump HP-300,72,1764000,8
C0030,P002,Engine Oil Filter OF-90,51,36720,5
C0030,P003,Air Filter AF-120,86,107500,7
C0030,P004,Track Chain TC-45,36,1432800,4
C0030,P005,Fuel Injector FI-220,36,304200,4
C0030,P006,Alternator ALT-500,88,985600,7
C0030,P007,Hydraulic Hose HH-60,118,171100,9
C0030,P008,Bucket Tooth BT-10,106,61480,9
C0030,P009,Starter Motor SM-700,81,1206900,7
C0030,P010,Turbocharger TB-900,54,1884600,5
C0030,P011,Hydraulic Cylinder HC-200,183,5050800,12
C0030,P012,Brake Pad BP-40,96,235200,9
C0030,P013,Seal Kit SK-15,144,208800,12
C0030,P014,Transmission Assembly TA-800,97,8099500,8
C0030,P015,Engine Block EB-600,95,11305000,8
C0030,P016,Radiator RD-250,93,948600,8
C0030,P017,Fan Belt FB-30,90,46800,5
C0030,P018,Wheel Rim WR-24,145,1638500,11
C0030,P019,Swing Motor SWM-350,127,5054600,9
C0030,P020,Pivot Pin PP-12,183,210450,10
C0030,P021,Boom Cylinder BC-400,42,1940400,4
C0030,P022,Control Valve CV-75,76,1284400,6
C0030,P023,Idler Wheel IW-55,68,880600,6
C0030,P024,Track Roller TR-60,115,1184500,10
C0030,P025,Cabin Glass CG-20,43,337550,5
C0030,P026,Grease Cartridge GC-5,53,16430,7
C0030,P027,O-Ring Set OR-50,78,37440,6
C0030,P028,Light Assembly LA-18,99,222750,7
C0030,P029,Pressure Sensor PS-90,123,485850,10
C0030,P030,Fuel Pump FP-350,154,3372600,9
C0031,P001,Hydraulic Pump HP-300,53,1298500,5
C0031,P002,Engine Oil Filter OF-90,106,76320,10
C0031,P003,Air Filter AF-120,106,132500,6
C0031,P004,Track Chain TC-45,60,2388000,7
C0031,P005,Fuel Injector FI-220,88,743600,10
C0031,P006,Alternator ALT-500,58,649600,8
C0031,P007,Hydraulic Hose HH-60,95,137750,9
C0031,P008,Bucket Tooth BT-10,81,46980,7
C0031,P009,Starter Motor SM-700,76,1132400,7
C0031,P010,Turbocharger TB-900,99,3455100,9
C0031,P011,Hydraulic Cylinder HC-200,95,2622000,9
C0031,P012,Brake Pad BP-40,34,83300,3
C0031,P013,Seal Kit SK-15,158,229100,10
C0031,P014,Transmission Assembly TA-800,66,5511000,5
C0031,P015,Engine Block EB-600,115,13685000,8
C0031,P016,Radiator RD-250,89,907800,8
C0031,P017,Fan Belt FB-30,101,52520,8
C0031,P018,Wheel Rim WR-24,75,847500,8
C0031,P019,Swing Motor SWM-350,204,8119200,13
C0031,P020,Pivot Pin PP-12,65,74750,7
C0031,P021,Boom Cylinder BC-400,77,3557400,8
C0031,P022,Control Valve CV-75,68,1149200,5
C0031,P023,Idler Wheel IW-55,109,1411550,9
C0031,P024,Track Roller TR-60,51,525300,6
C0031,P025,Cabin Glass CG-20,89,698650,6
C0031,P026,Grease Cartridge GC-5,48,14880,6
C0031,P027,O-Ring Set OR-50,56,26880,6
C0031,P028,Light Assembly LA-18,148,333000,10
C0031,P029,Pressure Sensor PS-90,104,410800,10
C0031,P030,Fuel Pump FP-350,85,1861500,9
C0032,P001,Hydraulic Pump HP-300,107,2621500,9
C0032,P002,Engine Oil Filter OF-90,92,66240,9
C0032,P003,Air Filter AF-120,131,163750,7
C0032,P004,Track Chain TC-45,127,5054600,10
C0032,P005,Fuel Injector FI-220,135,1140750,8
C0032,P006,Alternator ALT-500,56,627200,6
C0032,P007,Hydraulic Hose HH-60,73,105850,6
C0032,P008,Bucket Tooth BT-10,16,9280,2
C0032,P009,Starter Motor SM-700,95,1415500,7
C0032,P010,Turbocharger TB-900,92,3210800,9
C0032,P011,Hydraulic Cylinder HC-200,58,1600800,6
C0032,P012,Brake Pad BP-40,104,254800,8
C0032,P013,Seal Kit SK-15,161,233450,13
C0032,P014,Transmission Assembly TA-800,73,6095500,9
C0032,P015,Engine Block EB-600,125,14875000,12
C0032,P016,Radiator RD-250,114,1162800,9
C0032,P017,Fan Belt FB-30,104,54080,7
C0032,P018,Wheel Rim WR-24,51,576300,6
C0032,P019,Swing Motor SWM-350,146,5810800,9
C0032,P020,Pivot Pin PP-12,107,123050,12
C0032,P021,Boom Cylinder BC-400,88,4065600,5
C0032,P022,Control Valve CV-75,118,1994200,9
C0032,P023,Idler Wheel IW-55,21,271950,2
C0032,P024,Track Roller TR-60,104,1071200,10
C0032,P025,Cabin Glass CG-20,53,416050,6
C0032,P026,Grease Cartridge GC-5,131,40610,8
C0032,P027,O-Ring Set OR-50,79,37920,7
C0032,P028,Light Assembly LA-18,155,348750,11
C0032,P029,Pressure Sensor PS-90,152,600400,12
C0032,P030,Fuel Pump FP-350,188,4117200,14
C0033,P001,Hydraulic Pump HP-300,84,2058000,10
C0033,P002,Engine Oil Filter OF-90,83,59760,9
C0033,P003,Air Filter AF-120,100,125000,7
C0033,P004,Track Chain TC-45,101,4019800,9
C0033,P005,Fuel Injector FI-220,91,768950,9
C0033,P006,Alternator ALT-500,26,291200,2
C0033,P007,Hydraulic Hose HH-60,144,208800,9
C0033,P008,Bucket Tooth BT-10,116,67280,10
C0033,P009,Starter Motor SM-700,43,640700,7
C0033,P010,Turbocharger TB-900,121,4222900,8
C0033,P011,Hydraulic Cylinder HC-200,87,2401200,6
C0033,P012,Brake Pad BP-40,53,129850,5
C0033,P013,Seal Kit SK-15,46,66700,4
C0033,P014,Transmission Assembly TA-800,91,7598500,9
C0033,P015,Engine Block EB-600,79,9401000,5
C0033,P016,Radiator RD-250,46,469200,5
C0033,P017,Fan Belt FB-30,133,69160,8
C0033,P018,Wheel Rim WR-24,86,971800,8
C0033,P019,Swing Motor SWM-350,64,2547200,8
C0033,P020,Pivot Pin PP-12,121,139150,9
C0033,P021,Boom Cylinder BC-400,75,3465000,7
C0033,P022,Control Valve CV-75,56,946400,5
C0033,P023,Idler Wheel IW-55,108,1398600,9
C0033,P024,Track Roller TR-60,62,638600,6
C0033,P025,Cabin Glass CG-20,71,557350,6
C0033,P026,Grease Cartridge GC-5,59,18290,6
C0033,P027,O-Ring Set OR-50,75,36000,6
C0033,P028,Light Assembly LA-18,38,85500,3
C0033,P029,Pressure Sensor PS-90,79,312050,7
C0033,P030,Fuel Pump FP-350,74,1620600,6
C0034,P001,Hydraulic Pump HP-300,55,1347500,6
C0034,P002,Engine Oil Filter OF-90,74,53280,8
C0034,P003,Air Filter AF-120,66,82500,6
C0034,P004,Track Chain TC-45,38,1512400,6
C0034,P005,Fuel Injector FI-220,40,338000,4
C0034,P006,Alternator ALT-500,64,716800,7
C0034,P007,Hydraulic Hose HH-60,30,43500,4
C0034,P008,Bucket Tooth BT-10,145,84100,9
C0034,P009,Starter Motor SM-700,58,864200,6
C0034,P010,Turbocharger TB-900,87,3036300,8
C0034,P011,Hydraulic Cylinder HC-200,89,2456400,5
C0034,P012,Brake Pad BP-40,96,235200,6
C0034,P013,Seal Kit SK-15,49,71050,5
C0034,P014,Transmission Assembly TA-800,50,4175000,6
C0034,P015,Engine Block EB-600,73,8687000,6
C0034,P016,Radiator RD-250,73,744600,7
C0034,P017,Fan Belt FB-30,118,61360,11
C0034,P018,Wheel Rim WR-24,71,802300,7
C0034,P019,Swing Motor SWM-350,46,1830800,5
C0034,P020,Pivot Pin PP-12,31,35650,3
C0034,P021,Boom Cylinder BC-400,37,1709400,4
C0034,P022,Control Valve CV-75,41,692900,5
C0034,P023,Idler Wheel IW-55,45,582750,5
C0034,P024,Track Roller TR-60,26,267800,3
C0034,P025,Cabin Glass CG-20,43,337550,4
C0034,P026,Grease Cartridge GC-5,74,22940,7
C0034,P027,O-Ring Set OR-50,57,27360,6
C0034,P028,Light Assembly LA-18,78,175500,5
C0034,P029,Pressure Sensor PS-90,138,545100,11
C0034,P030,Fuel Pump FP-350,100,2190000,10
C0035,P001,Hydraulic Pump HP-300,61,1494500,8
C0035,P002,Engine Oil Filter OF-90,47,33840,4
C0035,P003,Air Filter AF-120,94,117500,9
C0035,P004,Track Chain TC-45,86,3422800,8
C0035,P005,Fuel Injector FI-220,104,878800,7
C0035,P006,Alternator ALT-500,116,1299200,13
C0035,P007,Hydraulic Hose HH-60,142,205900,9
C0035,P008,Bucket Tooth BT-10,103,59740,11
C0035,P009,Starter Motor SM-700,62,923800,8
C0035,P010,Turbocharger TB-900,189,6596100,16
C0035,P011,Hydraulic Cylinder HC-200,99,2732400,8
C0035,P012,Brake Pad BP-40,41,100450,5
C0035,P013,Seal Kit SK-15,52,75400,5
C0035,P014,Transmission Assembly TA-800,78,6513000,10
C0035,P015,Engine Block EB-600,60,7140000,7
C0035,P016,Radiator RD-250,162,1652400,12
C0035,P017,Fan Belt FB-30,162,84240,12
C0035,P018,Wheel Rim WR-24,119,1344700,11
C0035,P019,Swing Motor SWM-350,135,5373000,12
C0035,P020,Pivot Pin PP-12,79,90850,8
C0035,P021,Boom Cylinder BC-400,161,7438200,11
C0035,P022,Control Valve CV-75,30,507000,5
C0035,P023,Idler Wheel IW-55,98,1269100,7
C0035,P024,Track Roller TR-60,158,1627400,11
C0035,P025,Cabin Glass CG-20,70,549500,6
C0035,P026,Grease Cartridge GC-5,88,27280,9
C0035,P027,O-Ring Set OR-50,154,73920,9
C0035,P028,Light Assembly LA-18,86,193500,10
C0035,P029,Pressure Sensor PS-90,137,541150,10
C0035,P030,Fuel Pump FP-350,99,2168100,10
C0036,P001,Hydraulic Pump HP-300,84,2058000,5
C0036,P002,Engine Oil Filter OF-90,126,90720,10
C0036,P003,Air Filter AF-120,131,163750,11
C0036,P004,Track Chain TC-45,72,2865600,7
C0036,P005,Fuel Injector FI-220,35,295750,3
C0036,P006,Alternator ALT-500,52,582400,7
C0036,P007,Hydraulic Hose HH-60,52,75400,4
C0036,P008,Bucket Tooth BT-10,67,38860,6
C0036,P009,Starter Motor SM-700,52,774800,6
C0036,P010,Turbocharger TB-900,91,3175900,6
C0036,P011,Hydraulic Cylinder HC-200,120,3312000,11
C0036,P012,Brake Pad BP-40,67,164150,7
C0036,P013,Seal Kit SK-15,78,113100,9
C0036,P014,Transmission Assembly TA-800,49,4091500,6
C0036,P015,Engine Block EB-600,104,12376000,11
C0036,P016,Radiator RD-250,84,856800,9
C0036,P017,Fan Belt FB-30,60,31200,8
C0036,P018,Wheel Rim WR-24,75,847500,7
C0036,P019,Swing Motor SWM-350,71,2825800,6
C0036,P020,Pivot Pin PP-12,47,54050,3
C0036,P021,Boom Cylinder BC-400,74,3418800,6
C0036,P022,Control Valve CV-75,151,2551900,10
C0036,P023,Idler Wheel IW-55,203,2628850,14
C0036,P024,Track Roller TR-60,43,442900,4
C0036,P025,Cabin Glass CG-20,106,832100,9
C0036,P026,Grease Cartridge GC-5,55,17050,5
C0036,P027,O-Ring Set OR-50,96,46080,9
C0036,P028,Light Assembly LA-18,76,171000,8
C0036,P029,Pressure Sensor PS-90,135,533250,9
C0036,P030,Fuel Pump FP-350,88,1927200,5
C0037,P001,Hydraulic Pump HP-300,94,2303000,8
C0037,P002,Engine Oil Filter OF-90,98,70560,7
C0037,P003,Air Filter AF-120,61,76250,4
C0037,P004,Track Chain TC-45,86,3422800,6
C0037,P005,Fuel Injector FI-220,45,380250,5
C0037,P006,Alternator ALT-500,98,1097600,10
C0037,P007,Hydraulic Hose HH-60,64,92800,5
C0037,P008,Bucket Tooth BT-10,24,13920,3
C0037,P009,Starter Motor SM-700,57,849300,8
C0037,P010,Turbocharger TB-900,44,1535600,4
C0037,P011,Hydraulic Cylinder HC-200,142,3919200,9
C0037,P012,Brake Pad BP-40,90,220500,9
C0037,P013,Seal Kit SK-15,33,47850,3
C0037,P014,Transmission Assembly TA-800,45,3757500,7
C0037,P015,Engine Block EB-600,58,6902000,5
C0037,P016,Radiator RD-250,44,448800,4
C0037,P017,Fan Belt FB-30,75,39000,7
C0037,P018,Wheel Rim WR-24,44,497200,4
C0037,P019,Swing Motor SWM-350,70,2786000,5
C0037,P020,Pivot Pin PP-12,55,63250,3
C0037,P021,Boom Cylinder BC-400,101,4666200,9
C0037,P022,Control Valve CV-75,70,1183000,5
C0037,P023,Idler Wheel IW-55,33,427350,3
C0037,P024,Track Roller TR-60,67,690100,5
C0037,P025,Cabin Glass CG-20,56,439600,7
C0037,P026,Grease Cartridge GC-5,76,23560,8
C0037,P027,O-Ring Set OR-50,66,31680,7
C0037,P028,Light Assembly LA-18,105,236250,8
C0037,P029,Pressure Sensor PS-90,77,304150,9
C0037,P030,Fuel Pump FP-350,93,2036700,6
C0038,P001,Hydraulic Pump HP-300,28,686000,2
C0038,P002,Engine Oil Filter OF-90,97,69840,7
C0038,P003,Air Filter AF-120,164,205000,12
C0038,P004,Track Chain TC-45,150,5970000,10
C0038,P005,Fuel Injector FI-220,120,1014000,9
C0038,P006,Alternator ALT-500,81,907200,7
C0038,P007,Hydraulic Hose HH-60,138,200100,11
C0038,P008,Bucket Tooth BT-10,136,78880,10
C0038,P009,Starter Motor SM-700,75,1117500,6
C0038,P010,Turbocharger TB-900,83,2896700,6
C0038,P011,Hydraulic Cylinder HC-200,99,2732400,8
C0038,P012,Brake Pad BP-40,98,240100,8
C0038,P013,Seal Kit SK-15,60,87000,6
C0038,P014,Transmission Assembly TA-800,108,9018000,9
C0038,P015,Engine Block EB-600,99,11781000,7
C0038,P016,Radiator RD-250,152,1550400,9
C0038,P017,Fan Belt FB-30,65,33800,6
C0038,P018,Wheel Rim WR-24,36,406800,5
C0038,P019,Swing Motor SWM-350,106,4218800,7
C0038,P020,Pivot Pin PP-12,123,141450,9
C0038,P021,Boom Cylinder BC-400,59,2725800,5
C0038,P022,Control Valve CV-75,77,1301300,6
C0038,P023,Idler Wheel IW-55,69,893550,8
C0038,P024,Track Roller TR-60,85,875500,7
C0038,P025,Cabin Glass CG-20,61,478850,6
C0038,P026,Grease Cartridge GC-5,32,9920,3
C0038,P027,O-Ring Set OR-50,76,36480,7
C0038,P028,Light Assembly LA-18,108,243000,10
C0038,P029,Pressure Sensor PS-90,121,477950,9
C0038,P030,Fuel Pump FP-350,78,1708200,7
C0039,P001,Hydraulic Pump HP-300,177,4336500,14
C0039,P002,Engine Oil Filter OF-90,121,87120,10
C0039,P003,Air Filter AF-120,73,91250,6
C0039,P004,Track Chain TC-45,90,3582000,10
C0039,P005,Fuel Injector FI-220,65,549250,6
C0039,P006,Alternator ALT-500,82,918400,8
C0039,P007,Hydraulic Hose HH-60,60,87000,5
C0039,P008,Bucket Tooth BT-10,77,44660,5
C0039,P009,Starter Motor SM-700,55,819500,4
C0039,P010,Turbocharger TB-900,96,3350400,7
C0039,P011,Hydraulic Cylinder HC-200,46,1269600,5
C0039,P012,Brake Pad BP-40,155,379750,11
C0039,P013,Seal Kit SK-15,160,232000,12
C0039,P014,Transmission Assembly TA-800,132,11022000,7
C0039,P015,Engine Block EB-600,67,7973000,7
C0039,P016,Radiator RD-250,92,938400,8
C0039,P017,Fan Belt FB-30,118,61360,9
C0039,P018,Wheel Rim WR-24,127,1435100,11
C0039,P019,Swing Motor SWM-350,144,5731200,7
C0039,P020,Pivot Pin PP-12,150,172500,10
C0039,P021,Boom Cylinder BC-400,79,3649800,8
C0039,P022,Control Valve CV-75,105,1774500,8
C0039,P023,Idler Wheel IW-55,122,1579900,8
C0039,P024,Track Roller TR-60,73,751900,5
C0039,P025,Cabin Glass CG-20,97,761450,7
C0039,P026,Grease Cartridge GC-5,129,39990,11
C0039,P027,O-Ring Set OR-50,128,61440,11
C0039,P028,Light Assembly LA-18,46,103500,8
C0039,P029,Pressure Sensor PS-90,131,517450,10
C0039,P030,Fuel Pump FP-350,64,1401600,5
C0040,P001,Hydraulic Pump HP-300,96,2352000,8
C0040,P002,Engine Oil Filter OF-90,69,49680,7
C0040,P003,Air Filter AF-120,88,110000,10
C0040,P004,Track Chain TC-45,38,1512400,4
C0040,P005,Fuel Injector FI-220,97,819650,9
C0040,P006,Alternator ALT-500,83,929600,7
C0040,P007,Hydraulic Hose HH-60,128,185600,9
C0040,P008,Bucket Tooth BT-10,55,31900,6
C0040,P009,Starter Motor SM-700,31,461900,4
C0040,P010,Turbocharger TB-900,97,3385300,7
C0040,P011,Hydraulic Cylinder HC-200,30,828000,4
C0040,P012,Brake Pad BP-40,87,213150,8
C0040,P013,Seal Kit SK-15,93,134850,6
C0040,P014,Transmission Assembly TA-800,72,6012000,7
C0040,P015,Engine Block EB-600,39,4641000,4
C0040,P016,Radiator RD-250,100,1020000,9
C0040,P017,Fan Belt FB-30,102,53040,9
C0040,P018,Wheel Rim WR-24,94,1062200,8
C0040,P019,Swing Motor SWM-350,193,7681400,16
C0040,P020,Pivot Pin PP-12,142,163300,12
C0040,P021,Boom Cylinder BC-400,72,3326400,5
C0040,P022,Control Valve CV-75,119,2011100,10
C0040,P023,Idler Wheel IW-55,98,1269100,7
C0040,P024,Track Roller TR-60,72,741600,9
C0040,P025,Cabin Glass CG-20,128,1004800,5
C0040,P026,Grease Cartridge GC-5,42,13020,7
C0040,P027,O-Ring Set OR-50,101,48480,8
C0040,P028,Light Assembly LA-18,131,294750,11
C0040,P029,Pressure Sensor PS-90,71,280450,9
C0040,P030,Fuel Pump FP-350,128,2803200,10
C0041,P001,Hydraulic Pump HP-300,119,2915500,8
C0041,P002,Engine Oil Filter OF-90,121,87120,10
C0041,P003,Air Filter AF-120,89,111250,8
C0041,P004,Track Chain TC-45,61,2427800,6
C0041,P005,Fuel Injector FI-220,86,726700,8
C0041,P006,Alternator ALT-500,112,1254400,9
C0041,P007,Hydraulic Hose HH-60,155,224750,12
C0041,P008,Bucket Tooth BT-10,78,45240,10
C0041,P009,Starter Motor SM-700,113,1683700,10
C0041,P010,Turbocharger TB-900,94,3280600,8
C0041,P011,Hydraulic Cylinder HC-200,79,2180400,7
C0041,P012,Brake Pad BP-40,104,254800,9
C0041,P013,Seal Kit SK-15,135,195750,10
C0041,P014,Transmission Assembly TA-800,147,12274500,11
C0041,P015,Engine Block EB-600,126,14994000,11
C0041,P016,Radiator RD-250,73,744600,7
C0041,P017,Fan Belt FB-30,82,42640,8
C0041,P018,Wheel Rim WR-24,154,1740200,10
C0041,P019,Swing Motor SWM-350,92,3661600,7
C0041,P020,Pivot Pin PP-12,101,116150,8
C0041,P021,Boom Cylinder BC-400,77,3557400,8
C0041,P022,Control Valve CV-75,151,2551900,13
C0041,P023,Idler Wheel IW-55,95,1230250,7
C0041,P024,Track Roller TR-60,111,1143300,7
C0041,P025,Cabin Glass CG-20,81,635850,9
C0041,P026,Grease Cartridge GC-5,108,33480,9
C0041,P027,O-Ring Set OR-50,109,52320,9
C0041,P028,Light Assembly LA-18,113,254250,8
C0041,P029,Pressure Sensor PS-90,69,272550,9
C0041,P030,Fuel Pump FP-350,103,2255700,9
C0042,P001,Hydraulic Pump HP-300,176,4312000,10
C0042,P002,Engine Oil Filter OF-90,111,79920,12
C0042,P003,Air Filter AF-120,107,133750,12
C0042,P004,Track Chain TC-45,83,3303400,7
C0042,P005,Fuel Injector FI-220,54,456300,5
C0042,P006,Alternator ALT-500,106,1187200,9
C0042,P007,Hydraulic Hose HH-60,162,234900,13
C0042,P008,Bucket Tooth BT-10,172,99760,12
C0042,P009,Starter Motor SM-700,62,923800,7
C0042,P010,Turbocharger TB-900,119,4153100,10
C0042,P011,Hydraulic Cylinder HC-200,128,3532800,11
C0042,P012,Brake Pad BP-40,33,80850,7
C0042,P013,Seal Kit SK-15,108,156600,10
C0042,P014,Transmission Assembly TA-800,102,8517000,8
C0042,P015,Engine Block EB-600,103,12257000,11
C0042,P016,Radiator RD-250,81,826200,7
C0042,P017,Fan Belt FB-30,73,37960,9
C0042,P018,Wheel Rim WR-24,50,565000,7
C0042,P019,Swing Motor SWM-350,186,7402800,12
C0042,P020,Pivot Pin PP-12,55,63250,4
C0042,P021,Boom Cylinder BC-400,103,4758600,9
C0042,P022,Control Valve CV-75,105,1774500,8
C0042,P023,Idler Wheel IW-55,128,1657600,12
C0042,P024,Track Roller TR-60,96,988800,7
C0042,P025,Cabin Glass CG-20,97,761450,8
C0042,P026,Grease Cartridge GC-5,96,29760,6
C0042,P027,O-Ring Set OR-50,115,55200,7
C0042,P028,Light Assembly LA-18,145,326250,16
C0042,P029,Pressure Sensor PS-90,98,387100,8
C0042,P030,Fuel Pump FP-350,111,2430900,9
C0043,P001,Hydraulic Pump HP-300,157,3846500,11
C0043,P002,Engine Oil Filter OF-90,81,58320,6
C0043,P003,Air Filter AF-120,107,133750,10
C0043,P004,Track Chain TC-45,55,2189000,6
C0043,P005,Fuel Injector FI-220,106,895700,11
C0043,P006,Alternator ALT-500,46,515200,4
C0043,P007,Hydraulic Hose HH-60,96,139200,8
C0043,P008,Bucket Tooth BT-10,68,39440,9
C0043,P009,Starter Motor SM-700,48,715200,7
C0043,P010,Turbocharger TB-900,15,523500,2
C0043,P011,Hydraulic Cylinder HC-200,71,1959600,6
C0043,P012,Brake Pad BP-40,72,176400,8
C0043,P013,Seal Kit SK-15,110,159500,9
C0043,P014,Transmission Assembly TA-800,85,7097500,9
C0043,P015,Engine Block EB-600,39,4641000,3
C0043,P016,Radiator RD-250,115,1173000,8
C0043,P017,Fan Belt FB-30,92,47840,8
C0043,P018,Wheel Rim WR-24,64,723200,8
C0043,P019,Swing Motor SWM-350,92,3661600,8
C0043,P020,Pivot Pin PP-12,106,121900,10
C0043,P021,Boom Cylinder BC-400,32,1478400,5
C0043,P022,Control Valve CV-75,89,1504100,7
C0043,P023,Idler Wheel IW-55,195,2525250,13
C0043,P024,Track Roller TR-60,126,1297800,10
C0043,P025,Cabin Glass CG-20,92,722200,6
C0043,P026,Grease Cartridge GC-5,64,19840,7
C0043,P027,O-Ring Set OR-50,44,21120,5
C0043,P028,Light Assembly LA-18,50,112500,7
C0043,P029,Pressure Sensor PS-90,99,391050,7
C0043,P030,Fuel Pump FP-350,119,2606100,11
C0044,P001,Hydraulic Pump HP-300,115,2817500,8
C0044,P002,Engine Oil Filter OF-90,87,62640,10
C0044,P003,Air Filter AF-120,130,162500,9
C0044,P004,Track Chain TC-45,95,3781000,8
C0044,P005,Fuel Injector FI-220,41,346450,4
C0044,P006,Alternator ALT-500,59,660800,5
C0044,P007,Hydraulic Hose HH-60,82,118900,5
C0044,P008,Bucket Tooth BT-10,28,16240,2
C0044,P009,Starter Motor SM-700,38,566200,5
C0044,P010,Turbocharger TB-900,90,3141000,7
C0044,P011,Hydraulic Cylinder HC-200,103,2842800,11
C0044,P012,Brake Pad BP-40,71,173950,6
C0044,P013,Seal Kit SK-15,75,108750,9
C0044,P014,Transmission Assembly TA-800,84,7014000,9
C0044,P015,Engine Block EB-600,60,7140000,5
C0044,P016,Radiator RD-250,85,867000,6
C0044,P017,Fan Belt FB-30,108,56160,11
C0044,P018,Wheel Rim WR-24,86,971800,9
C0044,P019,Swing Motor SWM-350,58,2308400,5
C0044,P020,Pivot Pin PP-12,65,74750,5
C0044,P021,Boom Cylinder BC-400,75,3465000,6
C0044,P022,Control Valve CV-75,96,1622400,7
C0044,P023,Idler Wheel IW-55,128,1657600,10
C0044,P024,Track Roller TR-60,47,484100,5
C0044,P025,Cabin Glass CG-20,68,533800,6
C0044,P026,Grease Cartridge GC-5,45,13950,6
C0044,P027,O-Ring Set OR-50,96,46080,7
C0044,P028,Light Assembly LA-18,107,240750,8
C0044,P029,Pressure Sensor PS-90,41,161950,4
C0044,P030,Fuel Pump FP-350,109,2387100,8
C0045,P001,Hydraulic Pump HP-300,108,2646000,8
C0045,P002,Engine Oil Filter OF-90,133,95760,11
C0045,P003,Air Filter AF-120,76,95000,9
C0045,P004,Track Chain TC-45,98,3900400,8
C0045,P005,Fuel Injector FI-220,50,422500,5
C0045,P006,Alternator ALT-500,142,1590400,12
C0045,P007,Hydraulic Hose HH-60,71,102950,5
C0045,P008,Bucket Tooth BT-10,119,69020,12
C0045,P009,Starter Motor SM-700,131,1951900,10
C0045,P010,Turbocharger TB-900,134,4676600,12
C0045,P011,Hydraulic Cylinder HC-200,35,966000,4
C0045,P012,Brake Pad BP-40,49,120050,5
C0045,P013,Seal Kit SK-15,95,137750,8
C0045,P014,Transmission Assembly TA-800,79,6596500,8
C0045,P015,Engine Block EB-600,181,21539000,13
C0045,P016,Radiator RD-250,117,1193400,8
C0045,P017,Fan Belt FB-30,43,22360,6
C0045,P018,Wheel Rim WR-24,38,429400,4
C0045,P019,Swing Motor SWM-350,74,2945200,7
C0045,P020,Pivot Pin PP-12,204,234600,14
C0045,P021,Boom Cylinder BC-400,100,4620000,7
C0045,P022,Control Valve CV-75,81,1368900,8
C0045,P023,Idler Wheel IW-55,111,1437450,10
C0045,P024,Track Roller TR-60,88,906400,7
C0045,P025,Cabin Glass CG-20,130,1020500,13
C0045,P026,Grease Cartridge GC-5,130,40300,13
C0045,P027,O-Ring Set OR-50,126,60480,11
C0045,P028,Light Assembly LA-18,133,299250,10
C0045,P029,Pressure Sensor PS-90,58,229100,5
C0045,P030,Fuel Pump FP-350,57,1248300,6
C0046,P001,Hydraulic Pump HP-300,149,3650500,13
C0046,P002,Engine Oil Filter OF-90,162,116640,14
C0046,P003,Air Filter AF-120,93,116250,7
C0046,P004,Track Chain TC-45,127,5054600,10
C0046,P005,Fuel Injector FI-220,80,676000,10
C0046,P006,Alternator ALT-500,130,1456000,11
C0046,P007,Hydraulic Hose HH-60,106,153700,10
C0046,P008,Bucket Tooth BT-10,72,41760,6
C0046,P009,Starter Motor SM-700,87,1296300,10
C0046,P010,Turbocharger TB-900,84,2931600,8
C0046,P011,Hydraulic Cylinder HC-200,63,1738800,6
C0046,P012,Brake Pad BP-40,155,379750,14
C0046,P013,Seal Kit SK-15,194,281300,15
C0046,P014,Transmission Assembly TA-800,134,11189000,12
C0046,P015,Engine Block EB-600,176,20944000,13
C0046,P016,Radiator RD-250,78,795600,8
C0046,P017,Fan Belt FB-30,99,51480,9
C0046,P018,Wheel Rim WR-24,88,994400,9
C0046,P019,Swing Motor SWM-350,133,5293400,11
C0046,P020,Pivot Pin PP-12,78,89700,8
C0046,P021,Boom Cylinder BC-400,209,9655800,14
C0046,P022,Control Valve CV-75,144,2433600,13
C0046,P023,Idler Wheel IW-55,98,1269100,9
C0046,P024,Track Roller TR-60,158,1627400,12
C0046,P025,Cabin Glass CG-20,54,423900,4
C0046,P026,Grease Cartridge GC-5,113,35030,9
C0046,P027,O-Ring Set OR-50,67,32160,5
C0046,P028,Light Assembly LA-18,81,182250,6
C0046,P029,Pressure Sensor PS-90,140,553000,11
C0046,P030,Fuel Pump FP-350,119,2606100,11
C0047,P001,Hydraulic Pump HP-300,30,735000,6
C0047,P002,Engine Oil Filter OF-90,33,23760,6
C0047,P003,Air Filter AF-120,71,88750,7
C0047,P004,Track Chain TC-45,180,7164000,11
C0047,P005,Fuel Injector FI-220,105,887250,9
C0047,P006,Alternator ALT-500,124,1388800,9
C0047,P007,Hydraulic Hose HH-60,37,53650,4
C0047,P008,Bucket Tooth BT-10,181,104980,10
C0047,P009,Starter Motor SM-700,63,938700,6
C0047,P010,Turbocharger TB-900,119,4153100,8
C0047,P011,Hydraulic Cylinder HC-200,63,1738800,8
C0047,P012,Brake Pad BP-40,148,362600,10
C0047,P013,Seal Kit SK-15,49,71050,6
C0047,P014,Transmission Assembly TA-800,152,12692000,13
C0047,P015,Engine Block EB-600,56,6664000,4
C0047,P016,Radiator RD-250,85,867000,7
C0047,P017,Fan Belt FB-30,91,47320,7
C0047,P018,Wheel Rim WR-24,48,542400,6
C0047,P019,Swing Motor SWM-350,58,2308400,6
C0047,P020,Pivot Pin PP-12,43,49450,3
C0047,P021,Boom Cylinder BC-400,42,1940400,6
C0047,P022,Control Valve CV-75,83,1402700,8
C0047,P023,Idler Wheel IW-55,77,997150,7
C0047,P024,Track Roller TR-60,97,999100,10
C0047,P025,Cabin Glass CG-20,100,785000,6
C0047,P026,Grease Cartridge GC-5,68,21080,5
C0047,P027,O-Ring Set OR-50,65,31200,6
C0047,P028,Light Assembly LA-18,111,249750,8
C0047,P029,Pressure Sensor PS-90,56,221200,4
C0047,P030,Fuel Pump FP-350,133,2912700,8
C0048,P001,Hydraulic Pump HP-300,45,1102500,4
C0048,P002,Engine Oil Filter OF-90,83,59760,8
C0048,P003,Air Filter AF-120,132,165000,11
C0048,P004,Track Chain TC-45,60,2388000,4
C0048,P005,Fuel Injector FI-220,28,236600,2
C0048,P006,Alternator ALT-500,111,1243200,11
C0048,P007,Hydraulic Hose HH-60,46,66700,5
C0048,P008,Bucket Tooth BT-10,59,34220,8
C0048,P009,Starter Motor SM-700,47,700300,4
C0048,P010,Turbocharger TB-900,66,2303400,5
C0048,P011,Hydraulic Cylinder HC-200,15,414000,1
C0048,P012,Brake Pad BP-40,41,100450,5
C0048,P013,Seal Kit SK-15,12,17400,2
C0048,P014,Transmission Assembly TA-800,96,8016000,6
C0048,P015,Engine Block EB-600,58,6902000,5
C0048,P016,Radiator RD-250,120,1224000,9
C0048,P017,Fan Belt FB-30,81,42120,6
C0048,P018,Wheel Rim WR-24,76,858800,5
C0048,P019,Swing Motor SWM-350,23,915400,3
C0048,P020,Pivot Pin PP-12,122,140300,9
C0048,P021,Boom Cylinder BC-400,155,7161000,11
C0048,P022,Control Valve CV-75,39,659100,5
C0048,P023,Idler Wheel IW-55,105,1359750,10
C0048,P024,Track Roller TR-60,75,772500,8
C0048,P025,Cabin Glass CG-20,65,510250,5
C0048,P026,Grease Cartridge GC-5,105,32550,10
C0048,P027,O-Ring Set OR-50,76,36480,9
C0048,P028,Light Assembly LA-18,49,110250,5
C0048,P029,Pressure Sensor PS-90,79,312050,7
C0048,P030,Fuel Pump FP-350,112,2452800,10
C0049,P001,Hydraulic Pump HP-300,82,2009000,7
C0049,P002,Engine Oil Filter OF-90,94,67680,8
C0049,P003,Air Filter AF-120,71,88750,8
C0049,P004,Track Chain TC-45,136,5412800,10
C0049,P005,Fuel Injector FI-220,84,709800,9
C0049,P006,Alternator ALT-500,129,1444800,8
C0049,P007,Hydraulic Hose HH-60,61,88450,6
C0049,P008,Bucket Tooth BT-10,63,36540,6
C0049,P009,Starter Motor SM-700,121,1802900,14
C0049,P010,Turbocharger TB-900,193,6735700,13
C0049,P011,Hydraulic Cylinder HC-200,102,2815200,9
C0049,P012,Brake Pad BP-40,151,369950,11
C0049,P013,Seal Kit SK-15,68,98600,7
C0049,P014,Transmission Assembly TA-800,122,10187000,11
C0049,P015,Engine Block EB-600,140,16660000,10
C0049,P016,Radiator RD-250,158,1611600,10
C0049,P017,Fan Belt FB-30,82,42640,6
C0049,P018,Wheel Rim WR-24,124,1401200,12
C0049,P019,Swing Motor SWM-350,82,3263600,10
C0049,P020,Pivot Pin PP-12,99,113850,10
C0049,P021,Boom Cylinder BC-400,80,3696000,8
C0049,P022,Control Valve CV-75,61,1030900,7
C0049,P023,Idler Wheel IW-55,171,2214450,14
C0049,P024,Track Roller TR-60,137,1411100,10
C0049,P025,Cabin Glass CG-20,103,808550,8
C0049,P026,Grease Cartridge GC-5,124,38440,11
C0049,P027,O-Ring Set OR-50,84,40320,9
C0049,P028,Light Assembly LA-18,56,126000,5
C0049,P029,Pressure Sensor PS-90,123,485850,10
C0049,P030,Fuel Pump FP-350,56,1226400,6
C0050,P001,Hydraulic Pump HP-300,84,2058000,6
C0050,P002,Engine Oil Filter OF-90,36,25920,3
C0050,P003,Air Filter AF-120,64,80000,6
C0050,P004,Track Chain TC-45,140,5572000,10
C0050,P005,Fuel Injector FI-220,67,566150,6
C0050,P006,Alternator ALT-500,111,1243200,9
C0050,P007,Hydraulic Hose HH-60,47,68150,5
C0050,P008,Bucket Tooth BT-10,48,27840,4
C0050,P009,Starter Motor SM-700,49,730100,5
C0050,P010,Turbocharger TB-900,103,3594700,8
C0050,P011,Hydraulic Cylinder HC-200,78,2152800,5
C0050,P012,Brake Pad BP-40,81,198450,6
C0050,P013,Seal Kit SK-15,53,76850,4
C0050,P014,Transmission Assembly TA-800,132,11022000,8
C0050,P015,Engine Block EB-600,66,7854000,7
C0050,P016,Radiator RD-250,77,785400,5
C0050,P017,Fan Belt FB-30,44,22880,5
C0050,P018,Wheel Rim WR-24,78,881400,6
C0050,P019,Swing Motor SWM-350,54,2149200,4
C0050,P020,Pivot Pin PP-12,88,101200,4
C0050,P021,Boom Cylinder BC-400,121,5590200,8
C0050,P022,Control Valve CV-75,52,878800,5
C0050,P023,Idler Wheel IW-55,71,919450,6
C0050,P024,Track Roller TR-60,49,504700,4
C0050,P025,Cabin Glass CG-20,47,368950,7
C0050,P026,Grease Cartridge GC-5,67,20770,4
C0050,P027,O-Ring Set OR-50,83,39840,5
C0050,P028,Light Assembly LA-18,28,63000,4
C0050,P029,Pressure Sensor PS-90,76,300200,5
C0050,P030,Fuel Pump FP-350,100,2190000,6
C0051,P001,Hydraulic Pump HP-300,94,2303000,8
C0051,P002,Engine Oil Filter OF-90,54,38880,6
C0051,P003,Air Filter AF-120,104,130000,9
C0051,P004,Track Chain TC-45,159,6328200,12
C0051,P005,Fuel Injector FI-220,98,828100,7
C0051,P006,Alternator ALT-500,43,481600,7
C0051,P007,Hydraulic Hose HH-60,36,52200,5
C0051,P008,Bucket Tooth BT-10,75,43500,8
C0051,P009,Starter Motor SM-700,143,2130700,10
C0051,P010,Turbocharger TB-900,134,4676600,9
C0051,P011,Hydraulic Cylinder HC-200,96,2649600,9
C0051,P012,Brake Pad BP-40,103,252350,9
C0051,P013,Seal Kit SK-15,89,129050,7
C0051,P014,Transmission Assembly TA-800,45,3757500,4
C0051,P015,Engine Block EB-600,22,2618000,3
C0051,P016,Radiator RD-250,66,673200,9
C0051,P017,Fan Belt FB-30,25,13000,6
C0051,P018,Wheel Rim WR-24,92,1039600,7
C0051,P019,Swing Motor SWM-350,172,6845600,11
C0051,P020,Pivot Pin PP-12,107,123050,9
C0051,P021,Boom Cylinder BC-400,86,3973200,8
C0051,P022,Control Valve CV-75,85,1436500,9
C0051,P023,Idler Wheel IW-55,77,997150,6
C0051,P024,Track Roller TR-60,130,1339000,10
C0051,P025,Cabin Glass CG-20,58,455300,4
C0051,P026,Grease Cartridge GC-5,81,25110,7
C0051,P027,O-Ring Set OR-50,58,27840,6
C0051,P028,Light Assembly LA-18,65,146250,6
C0051,P029,Pressure Sensor PS-90,94,371300,7
C0051,P030,Fuel Pump FP-350,143,3131700,11
C0052,P001,Hydraulic Pump HP-300,152,3724000,9
C0052,P002,Engine Oil Filter OF-90,111,79920,7
C0052,P003,Air Filter AF-120,84,105000,7
C0052,P004,Track Chain TC-45,93,3701400,8
C0052,P005,Fuel Injector FI-220,48,405600,5
C0052,P006,Alternator ALT-500,81,907200,9
C0052,P007,Hydraulic Hose HH-60,91,131950,9
C0052,P008,Bucket Tooth BT-10,44,25520,4
C0052,P009,Starter Motor SM-700,91,1355900,7
C0052,P010,Turbocharger TB-900,24,837600,4
C0052,P011,Hydraulic Cylinder HC-200,68,1876800,9
C0052,P012,Brake Pad BP-40,61,149450,8
C0052,P013,Seal Kit SK-15,80,116000,6
C0052,P014,Transmission Assembly TA-800,72,6012000,7
C0052,P015,Engine Block EB-600,114,13566000,8
C0052,P016,Radiator RD-250,35,357000,4
C0052,P017,Fan Belt FB-30,100,52000,10
C0052,P018,Wheel Rim WR-24,85,960500,9
C0052,P019,Swing Motor SWM-350,92,3661600,8
C0052,P020,Pivot Pin PP-12,111,127650,14
C0052,P021,Boom Cylinder BC-400,42,1940400,4
C0052,P022,Control Valve CV-75,67,1132300,3
C0052,P023,Idler Wheel IW-55,49,634550,4
C0052,P024,Track Roller TR-60,106,1091800,9
C0052,P025,Cabin Glass CG-20,107,839950,7
C0052,P026,Grease Cartridge GC-5,68,21080,7
C0052,P027,O-Ring Set OR-50,60,28800,6
C0052,P028,Light Assembly LA-18,37,83250,2
C0052,P029,Pressure Sensor PS-90,186,734700,14
C0052,P030,Fuel Pump FP-350,20,438000,4
C0053,P001,Hydraulic Pump HP-300,17,416500,3
C0053,P002,Engine Oil Filter OF-90,103,74160,7
C0053,P003,Air Filter AF-120,36,45000,6
C0053,P004,Track Chain TC-45,105,4179000,9
C0053,P005,Fuel Injector FI-220,69,583050,6
C0053,P006,Alternator ALT-500,46,515200,4
C0053,P007,Hydraulic Hose HH-60,81,117450,7
C0053,P008,Bucket Tooth BT-10,64,37120,7
C0053,P010,Turbocharger TB-900,82,2861800,8
C0053,P011,Hydraulic Cylinder HC-200,81,2235600,7
C0053,P012,Brake Pad BP-40,120,294000,8
C0053,P013,Seal Kit SK-15,58,84100,5
C0053,P014,Transmission Assembly TA-800,66,5511000,7
C0053,P015,Engine Block EB-600,78,9282000,7
C0053,P016,Radiator RD-250,135,1377000,8
C0053,P017,Fan Belt FB-30,43,22360,5
C0053,P018,Wheel Rim WR-24,97,1096100,6
C0053,P019,Swing Motor SWM-350,52,2069600,5
C0053,P020,Pivot Pin PP-12,71,81650,5
C0053,P021,Boom Cylinder BC-400,54,2494800,4
C0053,P022,Control Valve CV-75,66,1115400,5
C0053,P023,Idler Wheel IW-55,57,738150,5
C0053,P024,Track Roller TR-60,43,442900,7
C0053,P025,Cabin Glass CG-20,46,361100,4
C0053,P026,Grease Cartridge GC-5,49,15190,6
C0053,P027,O-Ring Set OR-50,91,43680,10
C0053,P028,Light Assembly LA-18,85,191250,6
C0053,P029,Pressure Sensor PS-90,107,422650,10
C0053,P030,Fuel Pump FP-350,60,1314000,8
C0054,P001,Hydraulic Pump HP-300,99,2425500,8
C0054,P002,Engine Oil Filter OF-90,103,74160,9
C0054,P003,Air Filter AF-120,98,122500,10
C0054,P004,Track Chain TC-45,109,4338200,12
C0054,P005,Fuel Injector FI-220,35,295750,6
C0054,P006,Alternator ALT-500,135,1512000,12
C0054,P007,Hydraulic Hose HH-60,113,163850,8
C0054,P008,Bucket Tooth BT-10,92,53360,8
C0054,P009,Starter Motor SM-700,20,298000,3
C0054,P010,Turbocharger TB-900,86,3001400,7
C0054,P011,Hydraulic Cylinder HC-200,109,3008400,9
C0054,P012,Brake Pad BP-40,54,132300,6
C0054,P013,Seal Kit SK-15,103,149350,9
C0054,P014,Transmission Assembly TA-800,165,13777500,10
C0054,P015,Engine Block EB-600,103,12257000,8
C0054,P016,Radiator RD-250,115,1173000,7
C0054,P017,Fan Belt FB-30,91,47320,9
C0054,P018,Wheel Rim WR-24,60,678000,5
C0054,P019,Swing Motor SWM-350,100,3980000,9
C0054,P020,Pivot Pin PP-12,74,85100,8
C0054,P021,Boom Cylinder BC-400,51,2356200,7
C0054,P022,Control Valve CV-75,46,777400,6
C0054,P023,Idler Wheel IW-55,146,1890700,9
C0054,P024,Track Roller TR-60,127,1308100,10
C0054,P025,Cabin Glass CG-20,94,737900,9
C0054,P026,Grease Cartridge GC-5,45,13950,6
C0054,P027,O-Ring Set OR-50,68,32640,6
C0054,P028,Light Assembly LA-18,41,92250,6
C0054,P029,Pressure Sensor PS-90,85,335750,6
C0054,P030,Fuel Pump FP-350,45,985500,4
C0055,P001,Hydraulic Pump HP-300,93,2278500,7
C0055,P002,Engine Oil Filter OF-90,103,74160,9
C0055,P003,Air Filter AF-120,128,160000,9
C0055,P004,Track Chain TC-45,103,4099400,8
C0055,P005,Fuel Injector FI-220,62,523900,6
C0055,P006,Alternator ALT-500,170,1904000,11
C0055,P007,Hydraulic Hose HH-60,41,59450,6
C0055,P008,Bucket Tooth BT-10,70,40600,6
C0055,P009,Starter Motor SM-700,49,730100,4
C0055,P010,Turbocharger TB-900,88,3071200,6
C0055,P011,Hydraulic Cylinder HC-200,63,1738800,6
C0055,P012,Brake Pad BP-40,160,392000,10
C0055,P013,Seal Kit SK-15,102,147900,10
C0055,P014,Transmission Assembly TA-800,125,10437500,10
C0055,P015,Engine Block EB-600,86,10234000,8
C0055,P016,Radiator RD-250,45,459000,4
C0055,P017,Fan Belt FB-30,172,89440,13
C0055,P018,Wheel Rim WR-24,117,1322100,10
C0055,P019,Swing Motor SWM-350,104,4139200,7
C0055,P020,Pivot Pin PP-12,162,186300,10
C0055,P021,Boom Cylinder BC-400,90,4158000,7
C0055,P022,Control Valve CV-75,47,794300,5
C0055,P023,Idler Wheel IW-55,163,2110850,11
C0055,P024,Track Roller TR-60,36,370800,6
C0055,P025,Cabin Glass CG-20,40,314000,4
C0055,P026,Grease Cartridge GC-5,121,37510,10
C0055,P027,O-Ring Set OR-50,32,15360,3
C0055,P028,Light Assembly LA-18,89,200250,7
C0055,P029,Pressure Sensor PS-90,127,501650,10
C0055,P030,Fuel Pump FP-350,153,3350700,13
C0056,P001,Hydraulic Pump HP-300,135,3307500,11
C0056,P002,Engine Oil Filter OF-90,106,76320,10
C0056,P003,Air Filter AF-120,89,111250,7
C0056,P004,Track Chain TC-45,72,2865600,8
C0056,P005,Fuel Injector FI-220,142,1199900,10
C0056,P006,Alternator ALT-500,124,1388800,8
C0056,P007,Hydraulic Hose HH-60,67,97150,5
C0056,P008,Bucket Tooth BT-10,104,60320,10
C0056,P009,Starter Motor SM-700,44,655600,3
C0056,P010,Turbocharger TB-900,95,3315500,9
C0056,P011,Hydraulic Cylinder HC-200,132,3643200,10
C0056,P012,Brake Pad BP-40,82,200900,8
C0056,P013,Seal Kit SK-15,192,278400,13
C0056,P014,Transmission Assembly TA-800,79,6596500,7
C0056,P015,Engine Block EB-600,122,14518000,9
C0056,P016,Radiator RD-250,62,632400,6
C0056,P017,Fan Belt FB-30,63,32760,6
C0056,P018,Wheel Rim WR-24,87,983100,5
C0056,P019,Swing Motor SWM-350,123,4895400,8
C0056,P020,Pivot Pin PP-12,126,144900,11
C0056,P021,Boom Cylinder BC-400,72,3326400,7
C0056,P022,Control Valve CV-75,33,557700,6
C0056,P023,Idler Wheel IW-55,68,880600,6
C0056,P024,Track Roller TR-60,70,721000,5
C0056,P025,Cabin Glass CG-20,30,235500,4
C0056,P026,Grease Cartridge GC-5,73,22630,8
C0056,P027,O-Ring Set OR-50,100,48000,9
C0056,P028,Light Assembly LA-18,132,297000,9
C0056,P029,Pressure Sensor PS-90,41,161950,5
C0056,P030,Fuel Pump FP-350,21,459900,3
C0057,P001,Hydraulic Pump HP-300,44,1078000,5
C0057,P002,Engine Oil Filter OF-90,67,48240,7
C0057,P003,Air Filter AF-120,51,63750,4
C0057,P004,Track Chain TC-45,72,2865600,6
C0057,P005,Fuel Injector FI-220,103,870350,7
C0057,P006,Alternator ALT-500,83,929600,11
C0057,P007,Hydraulic Hose HH-60,97,140650,6
C0057,P008,Bucket Tooth BT-10,106,61480,9
C0057,P009,Starter Motor SM-700,105,1564500,8
C0057,P010,Turbocharger TB-900,133,4641700,10
C0057,P011,Hydraulic Cylinder HC-200,46,1269600,5
C0057,P012,Brake Pad BP-40,70,171500,7
C0057,P013,Seal Kit SK-15,49,71050,5
C0057,P014,Transmission Assembly TA-800,17,1419500,3
C0057,P015,Engine Block EB-600,77,9163000,5
C0057,P016,Radiator RD-250,46,469200,4
C0057,P017,Fan Belt FB-30,90,46800,7
C0057,P018,Wheel Rim WR-24,55,621500,5
C0057,P019,Swing Motor SWM-350,126,5014800,10
C0057,P020,Pivot Pin PP-12,38,43700,3
C0057,P021,Boom Cylinder BC-400,65,3003000,4
C0057,P022,Control Valve CV-75,153,2585700,11
C0057,P023,Idler Wheel IW-55,66,854700,6
C0057,P024,Track Roller TR-60,107,1102100,10
C0057,P025,Cabin Glass CG-20,114,894900,10
C0057,P026,Grease Cartridge GC-5,115,35650,9
C0057,P027,O-Ring Set OR-50,54,25920,5
C0057,P028,Light Assembly LA-18,61,137250,7
C0057,P029,Pressure Sensor PS-90,67,264650,6
C0057,P030,Fuel Pump FP-350,86,1883400,6
C0058,P001,Hydraulic Pump HP-300,49,1200500,4
C0058,P002,Engine Oil Filter OF-90,143,102960,13
C0058,P003,Air Filter AF-120,144,180000,11
C0058,P004,Track Chain TC-45,82,3263600,9
C0058,P005,Fuel Injector FI-220,112,946400,10
C0058,P006,Alternator ALT-500,120,1344000,9
C0058,P007,Hydraulic Hose HH-60,120,174000,8
C0058,P008,Bucket Tooth BT-10,113,65540,9
C0058,P009,Starter Motor SM-700,138,2056200,12
C0058,P010,Turbocharger TB-900,58,2024200,6
C0058,P011,Hydraulic Cylinder HC-200,62,1711200,5
C0058,P012,Brake Pad BP-40,94,230300,7
C0058,P013,Seal Kit SK-15,25,36250,5
C0058,P014,Transmission Assembly TA-800,90,7515000,9
C0058,P015,Engine Block EB-600,73,8687000,8
C0058,P016,Radiator RD-250,102,1040400,11
C0058,P017,Fan Belt FB-30,41,21320,3
C0058,P018,Wheel Rim WR-24,90,1017000,6
C0058,P019,Swing Motor SWM-350,72,2865600,6
C0058,P020,Pivot Pin PP-12,48,55200,6
C0058,P021,Boom Cylinder BC-400,101,4666200,9
C0058,P022,Control Valve CV-75,91,1537900,7
C0058,P023,Idler Wheel IW-55,56,725200,4
C0058,P024,Track Roller TR-60,38,391400,4
C0058,P025,Cabin Glass CG-20,49,384650,4
C0058,P026,Grease Cartridge GC-5,47,14570,4
C0058,P027,O-Ring Set OR-50,149,71520,10
C0058,P028,Light Assembly LA-18,84,189000,6
C0058,P029,Pressure Sensor PS-90,82,323900,8
C0058,P030,Fuel Pump FP-350,81,1773900,9
C0059,P001,Hydraulic Pump HP-300,118,2891000,7
C0059,P002,Engine Oil Filter OF-90,84,60480,6
C0059,P003,Air Filter AF-120,37,46250,4
C0059,P004,Track Chain TC-45,70,2786000,8
C0059,P005,Fuel Injector FI-220,63,532350,5
C0059,P006,Alternator ALT-500,135,1512000,11
C0059,P007,Hydraulic Hose HH-60,72,104400,8
C0059,P008,Bucket Tooth BT-10,139,80620,10
C0059,P009,Starter Motor SM-700,113,1683700,11
C0059,P010,Turbocharger TB-900,92,3210800,8
C0059,P011,Hydraulic Cylinder HC-200,61,1683600,6
C0059,P012,Brake Pad BP-40,59,144550,6
C0059,P013,Seal Kit SK-15,104,150800,8
C0059,P014,Transmission Assembly TA-800,87,7264500,8
C0059,P015,Engine Block EB-600,94,11186000,8
C0059,P016,Radiator RD-250,78,795600,8
C0059,P017,Fan Belt FB-30,73,37960,7
C0059,P018,Wheel Rim WR-24,88,994400,6
C0059,P019,Swing Motor SWM-350,69,2746200,7
C0059,P020,Pivot Pin PP-12,124,142600,12
C0059,P021,Boom Cylinder BC-400,26,1201200,3
C0059,P022,Control Valve CV-75,98,1656200,8
C0059,P023,Idler Wheel IW-55,54,699300,4
C0059,P024,Track Roller TR-60,141,1452300,10
C0059,P025,Cabin Glass CG-20,120,942000,12
C0059,P026,Grease Cartridge GC-5,84,26040,9
C0059,P027,O-Ring Set OR-50,44,21120,4
C0059,P028,Light Assembly LA-18,89,200250,8
C0059,P029,Pressure Sensor PS-90,93,367350,8
C0059,P030,Fuel Pump FP-350,150,3285000,9
C0060,P001,Hydraulic Pump HP-300,71,1739500,6
C0060,P002,Engine Oil Filter OF-90,137,98640,11
C0060,P003,Air Filter AF-120,73,91250,7
C0060,P004,Track Chain TC-45,123,4895400,10
C0060,P005,Fuel Injector FI-220,140,1183000,11
C0060,P006,Alternator ALT-500,148,1657600,13
C0060,P007,Hydraulic Hose HH-60,91,131950,10
C0060,P008,Bucket Tooth BT-10,135,78300,13
C0060,P009,Starter Motor SM-700,134,1996600,13
C0060,P010,Turbocharger TB-900,169,5898100,15
C0060,P011,Hydraulic Cylinder HC-200,183,5050800,13
C0060,P012,Brake Pad BP-40,68,166600,7
C0060,P013,Seal Kit SK-15,182,263900,14
C0060,P014,Transmission Assembly TA-800,79,6596500,9
C0060,P015,Engine Block EB-600,141,16779000,10
C0060,P016,Radiator RD-250,135,1377000,12
C0060,P017,Fan Belt FB-30,53,27560,7
C0060,P018,Wheel Rim WR-24,125,1412500,11
C0060,P019,Swing Motor SWM-350,81,3223800,9
C0060,P020,Pivot Pin PP-12,99,113850,6
C0060,P021,Boom Cylinder BC-400,66,3049200,8
C0060,P022,Control Valve CV-75,110,1859000,9
C0060,P023,Idler Wheel IW-55,56,725200,7
C0060,P024,Track Roller TR-60,143,1472900,12
C0060,P025,Cabin Glass CG-20,106,832100,10
C0060,P026,Grease Cartridge GC-5,167,51770,11
C0060,P027,O-Ring Set OR-50,110,52800,12
C0060,P028,Light Assembly LA-18,159,357750,13
C0060,P029,Pressure Sensor PS-90,163,643850,11
C0060,P030,Fuel Pump FP-350,118,2584200,8
C0061,P001,Hydraulic Pump HP-300,70,1715000,6
C0061,P002,Engine Oil Filter OF-90,45,32400,3
C0061,P003,Air Filter AF-120,60,75000,5
C0061,P004,Track Chain TC-45,67,2666600,5
C0061,P005,Fuel Injector FI-220,37,312650,4
C0061,P006,Alternator ALT-500,32,358400,3
C0061,P007,Hydraulic Hose HH-60,19,27550,5
C0061,P008,Bucket Tooth BT-10,42,24360,4
C0061,P009,Starter Motor SM-700,77,1147300,6
C0061,P010,Turbocharger TB-900,68,2373200,5
C0061,P011,Hydraulic Cylinder HC-200,57,1573200,4
C0061,P012,Brake Pad BP-40,105,257250,8
C0061,P013,Seal Kit SK-15,36,52200,3
C0061,P014,Transmission Assembly TA-800,56,4676000,6
C0061,P015,Engine Block EB-600,52,6188000,4
C0061,P016,Radiator RD-250,37,377400,5
C0061,P017,Fan Belt FB-30,56,29120,4
C0061,P018,Wheel Rim WR-24,59,666700,5
C0061,P019,Swing Motor SWM-350,49,1950200,3
C0061,P020,Pivot Pin PP-12,51,58650,4
C0061,P021,Boom Cylinder BC-400,25,1155000,3
C0061,P022,Control Valve CV-75,137,2315300,11
C0061,P023,Idler Wheel IW-55,51,660450,5
C0061,P024,Track Roller TR-60,59,607700,6
C0061,P025,Cabin Glass CG-20,27,211950,4
C0061,P026,Grease Cartridge GC-5,24,7440,3
C0061,P027,O-Ring Set OR-50,68,32640,7
C0061,P028,Light Assembly LA-18,48,108000,5
C0061,P029,Pressure Sensor PS-90,42,165900,4
C0061,P030,Fuel Pump FP-350,64,1401600,6
C0062,P001,Hydraulic Pump HP-300,100,2450000,11
C0062,P002,Engine Oil Filter OF-90,109,78480,10
C0062,P003,Air Filter AF-120,94,117500,8
C0062,P004,Track Chain TC-45,115,4577000,11
C0062,P005,Fuel Injector FI-220,106,895700,9
C0062,P006,Alternator ALT-500,91,1019200,9
C0062,P007,Hydraulic Hose HH-60,97,140650,6
C0062,P008,Bucket Tooth BT-10,104,60320,6
C0062,P009,Starter Motor SM-700,134,1996600,12
C0062,P010,Turbocharger TB-900,110,3839000,6
C0062,P011,Hydraulic Cylinder HC-200,123,3394800,12
C0062,P012,Brake Pad BP-40,137,335650,8
C0062,P013,Seal Kit SK-15,81,117450,6
C0062,P014,Transmission Assembly TA-800,73,6095500,5
C0062,P015,Engine Block EB-600,143,17017000,10
C0062,P016,Radiator RD-250,86,877200,8
C0062,P017,Fan Belt FB-30,68,35360,5
C0062,P018,Wheel Rim WR-24,103,1163900,8
C0062,P019,Swing Motor SWM-350,183,7283400,12
C0062,P020,Pivot Pin PP-12,95,109250,8
C0062,P021,Boom Cylinder BC-400,112,5174400,10
C0062,P022,Control Valve CV-75,97,1639300,8
C0062,P023,Idler Wheel IW-55,52,673400,6
C0062,P024,Track Roller TR-60,39,401700,3
C0062,P025,Cabin Glass CG-20,111,871350,10
C0062,P026,Grease Cartridge GC-5,137,42470,9
C0062,P027,O-Ring Set OR-50,112,53760,8
C0062,P028,Light Assembly LA-18,95,213750,8
C0062,P029,Pressure Sensor PS-90,75,296250,6
C0062,P030,Fuel Pump FP-350,131,2868900,11
C0063,P001,Hydraulic Pump HP-300,56,1372000,5
C0063,P002,Engine Oil Filter OF-90,65,46800,7
C0063,P003,Air Filter AF-120,115,143750,7
C0063,P004,Track Chain TC-45,83,3303400,7
C0063,P005,Fuel Injector FI-220,163,1377350,10
C0063,P006,Alternator ALT-500,152,1702400,8
C0063,P007,Hydraulic Hose HH-60,152,220400,10
C0063,P008,Bucket Tooth BT-10,56,32480,5
C0063,P009,Starter Motor SM-700,68,1013200,6
C0063,P010,Turbocharger TB-900,150,5235000,11
C0063,P011,Hydraulic Cylinder HC-200,85,2346000,7
C0063,P012,Brake Pad BP-40,146,357700,11
C0063,P013,Seal Kit SK-15,84,121800,6
C0063,P014,Transmission Assembly TA-800,100,8350000,7
C0063,P015,Engine Block EB-600,163,19397000,11
C0063,P016,Radiator RD-250,98,999600,9
C0063,P017,Fan Belt FB-30,122,63440,10
C0063,P018,Wheel Rim WR-24,36,406800,4
C0063,P019,Swing Motor SWM-350,92,3661600,5
C0063,P020,Pivot Pin PP-12,55,63250,7
C0063,P021,Boom Cylinder BC-400,68,3141600,6
C0063,P022,Control Valve CV-75,88,1487200,9
C0063,P023,Idler Wheel IW-55,73,945350,7
C0063,P024,Track Roller TR-60,97,999100,11
C0063,P025,Cabin Glass CG-20,75,588750,5
C0063,P026,Grease Cartridge GC-5,70,21700,9
C0063,P027,O-Ring Set OR-50,69,33120,10
C0063,P028,Light Assembly LA-18,126,283500,9
C0063,P029,Pressure Sensor PS-90,125,493750,8
C0063,P030,Fuel Pump FP-350,108,2365200,8
C0064,P001,Hydraulic Pump HP-300,86,2107000,7
C0064,P002,Engine Oil Filter OF-90,96,69120,10
C0064,P003,Air Filter AF-120,56,70000,6
C0064,P004,Track Chain TC-45,92,3661600,6
C0064,P005,Fuel Injector FI-220,36,304200,6
C0064,P006,Alternator ALT-500,100,1120000,10
C0064,P007,Hydraulic Hose HH-60,102,147900,7
C0064,P008,Bucket Tooth BT-10,84,48720,7
C0064,P009,Starter Motor SM-700,114,1698600,9
C0064,P010,Turbocharger TB-900,80,2792000,7
C0064,P011,Hydraulic Cylinder HC-200,71,1959600,6
C0064,P012,Brake Pad BP-40,141,345450,11
C0064,P013,Seal Kit SK-15,86,124700,6
C0064,P014,Transmission Assembly TA-800,97,8099500,9
C0064,P015,Engine Block EB-600,130,15470000,7
C0064,P016,Radiator RD-250,60,612000,8
C0064,P017,Fan Belt FB-30,83,43160,9
C0064,P018,Wheel Rim WR-24,85,960500,8
C0064,P019,Swing Motor SWM-350,109,4338200,7
C0064,P020,Pivot Pin PP-12,65,74750,5
C0064,P021,Boom Cylinder BC-400,35,1617000,5
C0064,P022,Control Valve CV-75,74,1250600,8
C0064,P023,Idler Wheel IW-55,58,751100,7
C0064,P024,Track Roller TR-60,75,772500,7
C0064,P025,Cabin Glass CG-20,49,384650,6
C0064,P026,Grease Cartridge GC-5,97,30070,7
C0064,P027,O-Ring Set OR-50,55,26400,3
C0064,P028,Light Assembly LA-18,85,191250,10
C0064,P029,Pressure Sensor PS-90,104,410800,6
C0064,P030,Fuel Pump FP-350,116,2540400,10
C0065,P001,Hydraulic Pump HP-300,105,2572500,7
C0065,P002,Engine Oil Filter OF-90,104,74880,8
C0065,P003,Air Filter AF-120,20,25000,2
C0065,P004,Track Chain TC-45,153,6089400,9
C0065,P005,Fuel Injector FI-220,147,1242150,11
C0065,P006,Alternator ALT-500,138,1545600,11
C0065,P007,Hydraulic Hose HH-60,41,59450,5
C0065,P008,Bucket Tooth BT-10,107,62060,10
C0065,P009,Starter Motor SM-700,140,2086000,9
C0065,P010,Turbocharger TB-900,140,4886000,11
C0065,P011,Hydraulic Cylinder HC-200,81,2235600,9
C0065,P012,Brake Pad BP-40,114,279300,10
C0065,P013,Seal Kit SK-15,84,121800,9
C0065,P014,Transmission Assembly TA-800,158,13193000,12
C0065,P015,Engine Block EB-600,66,7854000,8
C0065,P016,Radiator RD-250,103,1050600,8
C0065,P017,Fan Belt FB-30,26,13520,5
C0065,P018,Wheel Rim WR-24,68,768400,6
C0065,P019,Swing Motor SWM-350,75,2985000,9
C0065,P020,Pivot Pin PP-12,28,32200,4
C0065,P021,Boom Cylinder BC-400,118,5451600,9
C0065,P022,Control Valve CV-75,47,794300,6
C0065,P023,Idler Wheel IW-55,76,984200,7
C0065,P024,Track Roller TR-60,90,927000,9
C0065,P025,Cabin Glass CG-20,85,667250,7
C0065,P026,Grease Cartridge GC-5,115,35650,8
C0065,P027,O-Ring Set OR-50,132,63360,10
C0065,P028,Light Assembly LA-18,136,306000,6
C0065,P029,Pressure Sensor PS-90,115,454250,8
C0065,P030,Fuel Pump FP-350,100,2190000,9
C0066,P001,Hydraulic Pump HP-300,101,2474500,7
C0066,P002,Engine Oil Filter OF-90,65,46800,5
C0066,P003,Air Filter AF-120,70,87500,8
C0066,P004,Track Chain TC-45,99,3940200,6
C0066,P005,Fuel Injector FI-220,81,684450,7
C0066,P006,Alternator ALT-500,126,1411200,10
C0066,P007,Hydraulic Hose HH-60,77,111650,6
C0066,P008,Bucket Tooth BT-10,114,66120,10
C0066,P009,Starter Motor SM-700,90,1341000,8
C0066,P010,Turbocharger TB-900,23,802700,4
C0066,P011,Hydraulic Cylinder HC-200,98,2704800,9
C0066,P012,Brake Pad BP-40,210,514500,11
C0066,P013,Seal Kit SK-15,92,133400,11
C0066,P014,Transmission Assembly TA-800,80,6680000,8
C0066,P015,Engine Block EB-600,86,10234000,8
C0066,P016,Radiator RD-250,53,540600,3
C0066,P017,Fan Belt FB-30,102,53040,7
C0066,P018,Wheel Rim WR-24,77,870100,9
C0066,P019,Swing Motor SWM-350,115,4577000,11
C0066,P020,Pivot Pin PP-12,147,169050,11
C0066,P021,Boom Cylinder BC-400,51,2356200,5
C0066,P022,Control Valve CV-75,91,1537900,8
C0066,P023,Idler Wheel IW-55,70,906500,5
C0066,P024,Track Roller TR-60,56,576800,6
C0066,P025,Cabin Glass CG-20,60,471000,9
C0066,P026,Grease Cartridge GC-5,102,31620,8
C0066,P027,O-Ring Set OR-50,90,43200,7
C0066,P028,Light Assembly LA-18,54,121500,6
C0066,P029,Pressure Sensor PS-90,107,422650,9
C0066,P030,Fuel Pump FP-350,152,3328800,13
C0067,P001,Hydraulic Pump HP-300,56,1372000,8
C0067,P002,Engine Oil Filter OF-90,114,82080,8
C0067,P003,Air Filter AF-120,76,95000,5
C0067,P004,Track Chain TC-45,75,2985000,6
C0067,P005,Fuel Injector FI-220,69,583050,5
C0067,P006,Alternator ALT-500,24,268800,1
C0067,P007,Hydraulic Hose HH-60,66,95700,6
C0067,P008,Bucket Tooth BT-10,169,98020,11
C0067,P009,Starter Motor SM-700,70,1043000,6
C0067,P010,Turbocharger TB-900,82,2861800,6
C0067,P011,Hydraulic Cylinder HC-200,38,1048800,3
C0067,P012,Brake Pad BP-40,59,144550,5
C0067,P013,Seal Kit SK-15,52,75400,4
C0067,P014,Transmission Assembly TA-800,89,7431500,6
C0067,P015,Engine Block EB-600,121,14399000,7
C0067,P016,Radiator RD-250,63,642600,6
C0067,P017,Fan Belt FB-30,169,87880,11
C0067,P018,Wheel Rim WR-24,56,632800,4
C0067,P019,Swing Motor SWM-350,66,2626800,6
C0067,P020,Pivot Pin PP-12,115,132250,7
C0067,P021,Boom Cylinder BC-400,29,1339800,2
C0067,P022,Control Valve CV-75,135,2281500,9
C0067,P023,Idler Wheel IW-55,58,751100,8
C0067,P024,Track Roller TR-60,123,1266900,12
C0067,P025,Cabin Glass CG-20,70,549500,7
C0067,P026,Grease Cartridge GC-5,63,19530,5
C0067,P027,O-Ring Set OR-50,117,56160,9
C0067,P028,Light Assembly LA-18,12,27000,2
C0067,P029,Pressure Sensor PS-90,50,197500,5
C0067,P030,Fuel Pump FP-350,51,1116900,6
C0068,P001,Hydraulic Pump HP-300,129,3160500,8
C0068,P002,Engine Oil Filter OF-90,53,38160,7
C0068,P003,Air Filter AF-120,121,151250,10
C0068,P004,Track Chain TC-45,74,2945200,7
C0068,P005,Fuel Injector FI-220,114,963300,7
C0068,P006,Alternator ALT-500,71,795200,8
C0068,P007,Hydraulic Hose HH-60,67,97150,6
C0068,P008,Bucket Tooth BT-10,62,35960,4
C0068,P009,Starter Motor SM-700,102,1519800,6
C0068,P010,Turbocharger TB-900,56,1954400,7
C0068,P011,Hydraulic Cylinder HC-200,88,2428800,9
C0068,P012,Brake Pad BP-40,47,115150,4
C0068,P013,Seal Kit SK-15,72,104400,6
C0068,P014,Transmission Assembly TA-800,65,5427500,8
C0068,P015,Engine Block EB-600,103,12257000,10
C0068,P016,Radiator RD-250,92,938400,7
C0068,P017,Fan Belt FB-30,58,30160,6
C0068,P018,Wheel Rim WR-24,23,259900,4
C0068,P019,Swing Motor SWM-350,77,3064600,6
C0068,P020,Pivot Pin PP-12,125,143750,11
C0068,P021,Boom Cylinder BC-400,50,2310000,4
C0068,P022,Control Valve CV-75,63,1064700,7
C0068,P023,Idler Wheel IW-55,135,1748250,9
C0068,P024,Track Roller TR-60,59,607700,4
C0068,P025,Cabin Glass CG-20,131,1028350,12
C0068,P026,Grease Cartridge GC-5,124,38440,11
C0068,P027,O-Ring Set OR-50,130,62400,9
C0068,P028,Light Assembly LA-18,80,180000,6
C0068,P029,Pressure Sensor PS-90,87,343650,9
C0068,P030,Fuel Pump FP-350,139,3044100,9
C0069,P001,Hydraulic Pump HP-300,150,3675000,12
C0069,P002,Engine Oil Filter OF-90,90,64800,10
C0069,P003,Air Filter AF-120,78,97500,8
C0069,P004,Track Chain TC-45,120,4776000,10
C0069,P005,Fuel Injector FI-220,56,473200,4
C0069,P006,Alternator ALT-500,161,1803200,12
C0069,P007,Hydraulic Hose HH-60,139,201550,10
C0069,P008,Bucket Tooth BT-10,190,110200,13
C0069,P009,Starter Motor SM-700,155,2309500,13
C0069,P010,Turbocharger TB-900,185,6456500,14
C0069,P011,Hydraulic Cylinder HC-200,94,2594400,8
C0069,P012,Brake Pad BP-40,170,416500,15
C0069,P013,Seal Kit SK-15,95,137750,10
C0069,P014,Transmission Assembly TA-800,82,6847000,9
C0069,P015,Engine Block EB-600,100,11900000,9
C0069,P016,Radiator RD-250,189,1927800,14
C0069,P017,Fan Belt FB-30,107,55640,7
C0069,P018,Wheel Rim WR-24,97,1096100,8
C0069,P019,Swing Motor SWM-350,159,6328200,14
C0069,P020,Pivot Pin PP-12,103,118450,9
C0069,P021,Boom Cylinder BC-400,95,4389000,10
C0069,P022,Control Valve CV-75,87,1470300,8
C0069,P023,Idler Wheel IW-55,190,2460500,14
C0069,P024,Track Roller TR-60,100,1030000,8
C0069,P025,Cabin Glass CG-20,43,337550,4
C0069,P026,Grease Cartridge GC-5,110,34100,13
C0069,P027,O-Ring Set OR-50,250,120000,17
C0069,P028,Light Assembly LA-18,127,285750,10
C0069,P029,Pressure Sensor PS-90,86,339700,12
C0069,P030,Fuel Pump FP-350,138,3022200,12
C0070,P001,Hydraulic Pump HP-300,84,2058000,6
C0070,P002,Engine Oil Filter OF-90,50,36000,5
C0070,P003,Air Filter AF-120,84,105000,6
C0070,P004,Track Chain TC-45,113,4497400,13
C0070,P005,Fuel Injector FI-220,165,1394250,10
C0070,P006,Alternator ALT-500,88,985600,7
C0070,P007,Hydraulic Hose HH-60,124,179800,10
C0070,P008,Bucket Tooth BT-10,103,59740,11
C0070,P009,Starter Motor SM-700,101,1504900,10
C0070,P010,Turbocharger TB-900,120,4188000,10
C0070,P011,Hydraulic Cylinder HC-200,102,2815200,9
C0070,P012,Brake Pad BP-40,162,396900,14
C0070,P013,Seal Kit SK-15,184,266800,16
C0070,P014,Transmission Assembly TA-800,91,7598500,9
C0070,P015,Engine Block EB-600,186,22134000,13
C0070,P016,Radiator RD-250,76,775200,6
C0070,P017,Fan Belt FB-30,60,31200,5
C0070,P018,Wheel Rim WR-24,125,1412500,10
C0070,P019,Swing Motor SWM-350,165,6567000,14
C0070,P020,Pivot Pin PP-12,142,163300,11
C0070,P021,Boom Cylinder BC-400,100,4620000,7
C0070,P022,Control Valve CV-75,27,456300,3
C0070,P023,Idler Wheel IW-55,120,1554000,10
C0070,P024,Track Roller TR-60,129,1328700,12
C0070,P025,Cabin Glass CG-20,75,588750,9
C0070,P026,Grease Cartridge GC-5,146,45260,12
C0070,P027,O-Ring Set OR-50,133,63840,10
C0070,P028,Light Assembly LA-18,165,371250,11
C0070,P029,Pressure Sensor PS-90,67,264650,5
C0070,P030,Fuel Pump FP-350,106,2321400,6
C0071,P001,Hydraulic Pump HP-300,153,3748500,13
C0071,P002,Engine Oil Filter OF-90,143,102960,12
C0071,P003,Air Filter AF-120,101,126250,9
C0071,P004,Track Chain TC-45,152,6049600,9
C0071,P005,Fuel Injector FI-220,104,878800,8
C0071,P006,Alternator ALT-500,121,1355200,10
C0071,P007,Hydraulic Hose HH-60,138,200100,12
C0071,P008,Bucket Tooth BT-10,107,62060,8
C0071,P009,Starter Motor SM-700,116,1728400,9
C0071,P010,Turbocharger TB-900,109,3804100,11
C0071,P011,Hydraulic Cylinder HC-200,140,3864000,10
C0071,P012,Brake Pad BP-40,67,164150,5
C0071,P013,Seal Kit SK-15,103,149350,10
C0071,P014,Transmission Assembly TA-800,85,7097500,4
C0071,P015,Engine Block EB-600,108,12852000,7
C0071,P016,Radiator RD-250,145,1479000,14
C0071,P017,Fan Belt FB-30,90,46800,10
C0071,P018,Wheel Rim WR-24,143,1615900,8
C0071,P019,Swing Motor SWM-350,79,3144200,4
C0071,P020,Pivot Pin PP-12,117,134550,9
C0071,P021,Boom Cylinder BC-400,72,3326400,8
C0071,P022,Control Valve CV-75,131,2213900,13
C0071,P023,Idler Wheel IW-55,155,2007250,11
C0071,P024,Track Roller TR-60,79,813700,6
C0071,P025,Cabin Glass CG-20,132,1036200,12
C0071,P026,Grease Cartridge GC-5,141,43710,9
C0071,P027,O-Ring Set OR-50,96,46080,9
C0071,P028,Light Assembly LA-18,107,240750,8
C0071,P029,Pressure Sensor PS-90,85,335750,7
C0071,P030,Fuel Pump FP-350,80,1752000,7
C0072,P001,Hydraulic Pump HP-300,77,1886500,5
C0072,P002,Engine Oil Filter OF-90,105,75600,10
C0072,P003,Air Filter AF-120,68,85000,6
C0072,P004,Track Chain TC-45,82,3263600,5
C0072,P005,Fuel Injector FI-220,90,760500,9
C0072,P006,Alternator ALT-500,132,1478400,10
C0072,P007,Hydraulic Hose HH-60,98,142100,7
C0072,P008,Bucket Tooth BT-10,49,28420,3
C0072,P009,Starter Motor SM-700,34,506600,5
C0072,P010,Turbocharger TB-900,65,2268500,5
C0072,P011,Hydraulic Cylinder HC-200,42,1159200,6
C0072,P012,Brake Pad BP-40,52,127400,4
C0072,P013,Seal Kit SK-15,127,184150,9
C0072,P014,Transmission Assembly TA-800,109,9101500,6
C0072,P015,Engine Block EB-600,107,12733000,6
C0072,P016,Radiator RD-250,85,867000,8
C0072,P017,Fan Belt FB-30,73,37960,5
C0072,P018,Wheel Rim WR-24,69,779700,8
C0072,P019,Swing Motor SWM-350,60,2388000,4
C0072,P020,Pivot Pin PP-12,43,49450,3
C0072,P021,Boom Cylinder BC-400,94,4342800,8
C0072,P022,Control Valve CV-75,66,1115400,6
C0072,P023,Idler Wheel IW-55,86,1113700,6
C0072,P024,Track Roller TR-60,44,453200,5
C0072,P025,Cabin Glass CG-20,92,722200,8
C0072,P026,Grease Cartridge GC-5,46,14260,4
C0072,P027,O-Ring Set OR-50,26,12480,4
C0072,P028,Light Assembly LA-18,79,177750,7
C0072,P029,Pressure Sensor PS-90,37,146150,5
C0072,P030,Fuel Pump FP-350,46,1007400,4
C0073,P001,Hydraulic Pump HP-300,86,2107000,6
C0073,P002,Engine Oil Filter OF-90,103,74160,9
C0073,P003,Air Filter AF-120,46,57500,5
C0073,P004,Track Chain TC-45,91,3621800,8
C0073,P005,Fuel Injector FI-220,32,270400,3
C0073,P006,Alternator ALT-500,87,974400,7
C0073,P007,Hydraulic Hose HH-60,91,131950,8
C0073,P008,Bucket Tooth BT-10,57,33060,6
C0073,P009,Starter Motor SM-700,100,1490000,10
C0073,P010,Turbocharger TB-900,55,1919500,6
C0073,P011,Hydraulic Cylinder HC-200,35,966000,5
C0073,P012,Brake Pad BP-40,38,93100,4
C0073,P013,Seal Kit SK-15,121,175450,10
C0073,P014,Transmission Assembly TA-800,179,14946500,13
C0073,P015,Engine Block EB-600,65,7735000,5
C0073,P016,Radiator RD-250,117,1193400,8
C0073,P017,Fan Belt FB-30,15,7800,2
C0073,P018,Wheel Rim WR-24,68,768400,6
C0073,P019,Swing Motor SWM-350,48,1910400,4
C0073,P020,Pivot Pin PP-12,44,50600,4
C0073,P021,Boom Cylinder BC-400,94,4342800,7
C0073,P022,Control Valve CV-75,75,1267500,9
C0073,P023,Idler Wheel IW-55,80,1036000,5
C0073,P024,Track Roller TR-60,134,1380200,12
C0073,P025,Cabin Glass CG-20,80,628000,7
C0073,P026,Grease Cartridge GC-5,103,31930,9
C0073,P027,O-Ring Set OR-50,64,30720,6
C0073,P028,Light Assembly LA-18,87,195750,7
C0073,P029,Pressure Sensor PS-90,116,458200,10
C0073,P030,Fuel Pump FP-350,50,1095000,6
C0074,P001,Hydraulic Pump HP-300,71,1739500,7
C0074,P002,Engine Oil Filter OF-90,67,48240,6
C0074,P003,Air Filter AF-120,135,168750,11
C0074,P004,Track Chain TC-45,135,5373000,10
C0074,P005,Fuel Injector FI-220,105,887250,10
C0074,P006,Alternator ALT-500,119,1332800,8
C0074,P007,Hydraulic Hose HH-60,80,116000,7
C0074,P008,Bucket Tooth BT-10,183,106140,14
C0074,P009,Starter Motor SM-700,78,1162200,10
C0074,P010,Turbocharger TB-900,102,3559800,9
C0074,P011,Hydraulic Cylinder HC-200,122,3367200,9
C0074,P012,Brake Pad BP-40,83,203350,7
C0074,P013,Seal Kit SK-15,144,208800,10
C0074,P014,Transmission Assembly TA-800,44,3674000,6
C0074,P015,Engine Block EB-600,79,9401000,9
C0074,P016,Radiator RD-250,76,775200,7
C0074,P017,Fan Belt FB-30,119,61880,8
C0074,P018,Wheel Rim WR-24,82,926600,8
C0074,P019,Swing Motor SWM-350,80,3184000,8
C0074,P020,Pivot Pin PP-12,53,60950,6
C0074,P021,Boom Cylinder BC-400,85,3927000,5
C0074,P022,Control Valve CV-75,36,608400,5
C0074,P023,Idler Wheel IW-55,26,336700,4
C0074,P024,Track Roller TR-60,140,1442000,13
C0074,P025,Cabin Glass CG-20,109,855650,9
C0074,P026,Grease Cartridge GC-5,83,25730,7
C0074,P027,O-Ring Set OR-50,106,50880,10
C0074,P028,Light Assembly LA-18,117,263250,10
C0074,P029,Pressure Sensor PS-90,119,470050,9
C0074,P030,Fuel Pump FP-350,102,2233800,7
C0075,P001,Hydraulic Pump HP-300,118,2891000,9
C0075,P002,Engine Oil Filter OF-90,26,18720,3
C0075,P003,Air Filter AF-120,85,106250,8
C0075,P004,Track Chain TC-45,48,1910400,4
C0075,P005,Fuel Injector FI-220,82,692900,8
C0075,P006,Alternator ALT-500,53,593600,6
C0075,P007,Hydraulic Hose HH-60,34,49300,3
C0075,P008,Bucket Tooth BT-10,172,99760,9
C0075,P009,Starter Motor SM-700,44,655600,4
C0075,P010,Turbocharger TB-900,41,1430900,5
C0075,P011,Hydraulic Cylinder HC-200,128,3532800,10
C0075,P012,Brake Pad BP-40,101,247450,9
C0075,P013,Seal Kit SK-15,88,127600,10
C0075,P014,Transmission Assembly TA-800,35,2922500,3
C0075,P015,Engine Block EB-600,89,10591000,7
C0075,P016,Radiator RD-250,156,1591200,13
C0075,P017,Fan Belt FB-30,26,13520,4
C0075,P018,Wheel Rim WR-24,46,519800,3
C0075,P019,Swing Motor SWM-350,117,4656600,11
C0075,P020,Pivot Pin PP-12,86,98900,7
C0075,P021,Boom Cylinder BC-400,98,4527600,8
C0075,P022,Control Valve CV-75,81,1368900,5
C0075,P023,Idler Wheel IW-55,104,1346800,9
C0075,P024,Track Roller TR-60,117,1205100,8
C0075,P025,Cabin Glass CG-20,37,290450,3
C0075,P026,Grease Cartridge GC-5,55,17050,5
C0075,P027,O-Ring Set OR-50,66,31680,6
C0075,P028,Light Assembly LA-18,85,191250,7
C0075,P029,Pressure Sensor PS-90,91,359450,7
C0075,P030,Fuel Pump FP-350,66,1445400,5
C0076,P001,Hydraulic Pump HP-300,36,882000,5
C0076,P002,Engine Oil Filter OF-90,99,71280,10
C0076,P003,Air Filter AF-120,61,76250,9
C0076,P004,Track Chain TC-45,73,2905400,6
C0076,P005,Fuel Injector FI-220,175,1478750,12
C0076,P006,Alternator ALT-500,170,1904000,17
C0076,P007,Hydraulic Hose HH-60,92,133400,10
C0076,P008,Bucket Tooth BT-10,98,56840,9
C0076,P009,Starter Motor SM-700,108,1609200,10
C0076,P010,Turbocharger TB-900,222,7747800,16
C0076,P011,Hydraulic Cylinder HC-200,84,2318400,9
C0076,P012,Brake Pad BP-40,87,213150,8
C0076,P013,Seal Kit SK-15,108,156600,8
C0076,P014,Transmission Assembly TA-800,142,11857000,12
C0076,P015,Engine Block EB-600,131,15589000,10
C0076,P016,Radiator RD-250,95,969000,10
C0076,P017,Fan Belt FB-30,113,58760,10
C0076,P018,Wheel Rim WR-24,73,824900,7
C0076,P019,Swing Motor SWM-350,129,5134200,11
C0076,P020,Pivot Pin PP-12,92,105800,11
C0076,P021,Boom Cylinder BC-400,147,6791400,12
C0076,P022,Control Valve CV-75,68,1149200,8
C0076,P023,Idler Wheel IW-55,111,1437450,10
C0076,P024,Track Roller TR-60,74,762200,7
C0076,P025,Cabin Glass CG-20,105,824250,10
C0076,P026,Grease Cartridge GC-5,161,49910,13
C0076,P027,O-Ring Set OR-50,129,61920,11
C0076,P028,Light Assembly LA-18,97,218250,9
C0076,P029,Pressure Sensor PS-90,185,730750,15
C0076,P030,Fuel Pump FP-350,105,2299500,9
C0077,P001,Hydraulic Pump HP-300,69,1690500,6
C0077,P002,Engine Oil Filter OF-90,100,72000,8
C0077,P003,Air Filter AF-120,93,116250,8
C0077,P004,Track Chain TC-45,153,6089400,16
C0077,P005,Fuel Injector FI-220,47,397150,6
C0077,P006,Alternator ALT-500,78,873600,7
C0077,P007,Hydraulic Hose HH-60,79,114550,5
C0077,P008,Bucket Tooth BT-10,76,44080,4
C0077,P009,Starter Motor SM-700,101,1504900,8
C0077,P010,Turbocharger TB-900,79,2757100,8
C0077,P011,Hydraulic Cylinder HC-200,77,2125200,5
C0077,P012,Brake Pad BP-40,88,215600,9
C0077,P013,Seal Kit SK-15,85,123250,7
C0077,P014,Transmission Assembly TA-800,124,10354000,10
C0077,P015,Engine Block EB-600,42,4998000,2
C0077,P016,Radiator RD-250,119,1213800,7
C0077,P017,Fan Belt FB-30,94,48880,6
C0077,P018,Wheel Rim WR-24,58,655400,5
C0077,P019,Swing Motor SWM-350,106,4218800,9
C0077,P020,Pivot Pin PP-12,109,125350,8
C0077,P021,Boom Cylinder BC-400,89,4111800,6
C0077,P022,Control Valve CV-75,91,1537900,8
C0077,P023,Idler Wheel IW-55,104,1346800,9
C0077,P024,Track Roller TR-60,140,1442000,10
C0077,P025,Cabin Glass CG-20,20,157000,4
C0077,P026,Grease Cartridge GC-5,47,14570,6
C0077,P027,O-Ring Set OR-50,51,24480,7
C0077,P028,Light Assembly LA-18,68,153000,8
C0077,P029,Pressure Sensor PS-90,93,367350,8
C0077,P030,Fuel Pump FP-350,130,2847000,9
C0078,P001,Hydraulic Pump HP-300,61,1494500,5
C0078,P002,Engine Oil Filter OF-90,32,23040,2
C0078,P003,Air Filter AF-120,50,62500,3
C0078,P004,Track Chain TC-45,66,2626800,6
C0078,P005,Fuel Injector FI-220,50,422500,5
C0078,P006,Alternator ALT-500,88,985600,9
C0078,P007,Hydraulic Hose HH-60,97,140650,6
C0078,P008,Bucket Tooth BT-10,119,69020,5
C0078,P009,Starter Motor SM-700,20,298000,2
C0078,P010,Turbocharger TB-900,71,2477900,5
C0078,P011,Hydraulic Cylinder HC-200,87,2401200,7
C0078,P012,Brake Pad BP-40,83,203350,8
C0078,P013,Seal Kit SK-15,53,76850,4
C0078,P014,Transmission Assembly TA-800,41,3423500,5
C0078,P015,Engine Block EB-600,46,5474000,3
C0078,P016,Radiator RD-250,85,867000,6
C0078,P017,Fan Belt FB-30,79,41080,8
C0078,P018,Wheel Rim WR-24,78,881400,6
C0078,P019,Swing Motor SWM-350,110,4378000,8
C0078,P020,Pivot Pin PP-12,77,88550,9
C0078,P021,Boom Cylinder BC-400,78,3603600,9
C0078,P022,Control Valve CV-75,65,1098500,4
C0078,P023,Idler Wheel IW-55,72,932400,8
C0078,P024,Track Roller TR-60,66,679800,4
C0078,P025,Cabin Glass CG-20,55,431750,4
C0078,P026,Grease Cartridge GC-5,103,31930,7
C0078,P027,O-Ring Set OR-50,74,35520,7
C0078,P028,Light Assembly LA-18,87,195750,7
C0078,P029,Pressure Sensor PS-90,135,533250,10
C0078,P030,Fuel Pump FP-350,28,613200,5
C0079,P001,Hydraulic Pump HP-300,65,1592500,6
C0079,P002,Engine Oil Filter OF-90,85,61200,8
C0079,P003,Air Filter AF-120,85,106250,9
C0079,P004,Track Chain TC-45,62,2467600,7
C0079,P005,Fuel Injector FI-220,43,363350,5
C0079,P006,Alternator ALT-500,106,1187200,7
C0079,P007,Hydraulic Hose HH-60,55,79750,5
C0079,P008,Bucket Tooth BT-10,123,71340,9
C0079,P009,Starter Motor SM-700,69,1028100,5
C0079,P010,Turbocharger TB-900,22,767800,3
C0079,P011,Hydraulic Cylinder HC-200,113,3118800,9
C0079,P012,Brake Pad BP-40,86,210700,8
C0079,P013,Seal Kit SK-15,68,98600,5
C0079,P014,Transmission Assembly TA-800,53,4425500,4
C0079,P015,Engine Block EB-600,80,9520000,9
C0079,P016,Radiator RD-250,48,489600,4
C0079,P017,Fan Belt FB-30,59,30680,4
C0079,P018,Wheel Rim WR-24,63,711900,5
C0079,P019,Swing Motor SWM-350,68,2706400,6
C0079,P020,Pivot Pin PP-12,14,16100,3
C0079,P021,Boom Cylinder BC-400,78,3603600,7
C0079,P022,Control Valve CV-75,107,1808300,7
C0079,P023,Idler Wheel IW-55,62,802900,5
C0079,P024,Track Roller TR-60,32,329600,4
C0079,P025,Cabin Glass CG-20,45,353250,4
C0079,P026,Grease Cartridge GC-5,65,20150,7
C0079,P027,O-Ring Set OR-50,49,23520,6
C0079,P028,Light Assembly LA-18,80,180000,8
C0079,P029,Pressure Sensor PS-90,59,233050,6
C0079,P030,Fuel Pump FP-350,46,1007400,6
C0080,P001,Hydraulic Pump HP-300,98,2401000,11
C0080,P002,Engine Oil Filter OF-90,100,72000,6
C0080,P003,Air Filter AF-120,136,170000,9
C0080,P004,Track Chain TC-45,117,4656600,10
C0080,P005,Fuel Injector FI-220,68,574600,6
C0080,P006,Alternator ALT-500,25,280000,3
C0080,P007,Hydraulic Hose HH-60,58,84100,7
C0080,P008,Bucket Tooth BT-10,108,62640,11
C0080,P009,Starter Motor SM-700,34,506600,5
C0080,P010,Turbocharger TB-900,118,4118200,10
C0080,P011,Hydraulic Cylinder HC-200,127,3505200,8
C0080,P012,Brake Pad BP-40,124,303800,10
C0080,P013,Seal Kit SK-15,89,129050,8
C0080,P014,Transmission Assembly TA-800,74,6179000,7
C0080,P015,Engine Block EB-600,61,7259000,8
C0080,P016,Radiator RD-250,61,622200,9
C0080,P017,Fan Belt FB-30,122,63440,8
C0080,P018,Wheel Rim WR-24,97,1096100,7
C0080,P019,Swing Motor SWM-350,100,3980000,8
C0080,P020,Pivot Pin PP-12,62,71300,5
C0080,P021,Boom Cylinder BC-400,95,4389000,9
C0080,P022,Control Valve CV-75,111,1875900,13
C0080,P023,Idler Wheel IW-55,50,647500,5
C0080,P024,Track Roller TR-60,144,1483200,10
C0080,P025,Cabin Glass CG-20,113,887050,9
C0080,P026,Grease Cartridge GC-5,118,36580,10
C0080,P027,O-Ring Set OR-50,87,41760,7
C0080,P028,Light Assembly LA-18,160,360000,9
C0080,P029,Pressure Sensor PS-90,128,505600,10
C0080,P030,Fuel Pump FP-350,193,4226700,15
C0081,P001,Hydraulic Pump HP-300,47,1151500,5
C0081,P002,Engine Oil Filter OF-90,66,47520,9
C0081,P003,Air Filter AF-120,80,100000,5
C0081,P004,Track Chain TC-45,71,2825800,6
C0081,P005,Fuel Injector FI-220,95,802750,11
C0081,P006,Alternator ALT-500,109,1220800,8
C0081,P007,Hydraulic Hose HH-60,178,258100,12
C0081,P008,Bucket Tooth BT-10,140,81200,11
C0081,P009,Starter Motor SM-700,103,1534700,6
C0081,P010,Turbocharger TB-900,121,4222900,11
C0081,P011,Hydraulic Cylinder HC-200,98,2704800,8
C0081,P012,Brake Pad BP-40,65,159250,5
C0081,P013,Seal Kit SK-15,132,191400,7
C0081,P014,Transmission Assembly TA-800,105,8767500,6
C0081,P015,Engine Block EB-600,72,8568000,5
C0081,P016,Radiator RD-250,106,1081200,10
C0081,P017,Fan Belt FB-30,93,48360,7
C0081,P018,Wheel Rim WR-24,115,1299500,8
C0081,P019,Swing Motor SWM-350,51,2029800,7
C0081,P020,Pivot Pin PP-12,166,190900,11
C0081,P021,Boom Cylinder BC-400,120,5544000,8
C0081,P022,Control Valve CV-75,42,709800,4
C0081,P023,Idler Wheel IW-55,73,945350,8
C0081,P024,Track Roller TR-60,113,1163900,7
C0081,P025,Cabin Glass CG-20,88,690800,6
C0081,P026,Grease Cartridge GC-5,73,22630,7
C0081,P027,O-Ring Set OR-50,97,46560,8
C0081,P028,Light Assembly LA-18,150,337500,12
C0081,P029,Pressure Sensor PS-90,54,213300,5
C0081,P030,Fuel Pump FP-350,99,2168100,7
C0082,P001,Hydraulic Pump HP-300,106,2597000,9
C0082,P002,Engine Oil Filter OF-90,121,87120,8
C0082,P003,Air Filter AF-120,111,138750,9
C0082,P004,Track Chain TC-45,96,3820800,9
C0082,P005,Fuel Injector FI-220,82,692900,7
C0082,P006,Alternator ALT-500,96,1075200,10
C0082,P007,Hydraulic Hose HH-60,77,111650,9
C0082,P008,Bucket Tooth BT-10,56,32480,5
C0082,P009,Starter Motor SM-700,62,923800,6
C0082,P010,Turbocharger TB-900,102,3559800,9
C0082,P011,Hydraulic Cylinder HC-200,156,4305600,14
C0082,P012,Brake Pad BP-40,108,264600,10
C0082,P013,Seal Kit SK-15,139,201550,14
C0082,P014,Transmission Assembly TA-800,130,10855000,9
C0082,P015,Engine Block EB-600,145,17255000,11
C0082,P016,Radiator RD-250,164,1672800,12
C0082,P017,Fan Belt FB-30,87,45240,8
C0082,P018,Wheel Rim WR-24,43,485900,5
C0082,P019,Swing Motor SWM-350,92,3661600,8
C0082,P020,Pivot Pin PP-12,131,150650,11
C0082,P021,Boom Cylinder BC-400,51,2356200,6
C0082,P022,Control Valve CV-75,110,1859000,12
C0082,P023,Idler Wheel IW-55,55,712250,8
C0082,P024,Track Roller TR-60,168,1730400,12
C0082,P025,Cabin Glass CG-20,209,1640650,16
C0082,P026,Grease Cartridge GC-5,133,41230,10
C0082,P027,O-Ring Set OR-50,135,64800,11
C0082,P028,Light Assembly LA-18,161,362250,14
C0082,P029,Pressure Sensor PS-90,113,446350,11
C0082,P030,Fuel Pump FP-350,124,2715600,9
C0083,P001,Hydraulic Pump HP-300,132,3234000,14
C0083,P002,Engine Oil Filter OF-90,184,132480,13
C0083,P003,Air Filter AF-120,111,138750,9
C0083,P004,Track Chain TC-45,82,3263600,8
C0083,P005,Fuel Injector FI-220,116,980200,10
C0083,P006,Alternator ALT-500,48,537600,7
C0083,P007,Hydraulic Hose HH-60,72,104400,8
C0083,P008,Bucket Tooth BT-10,130,75400,13
C0083,P009,Starter Motor SM-700,47,700300,4
C0083,P010,Turbocharger TB-900,105,3664500,8
C0083,P011,Hydraulic Cylinder HC-200,95,2622000,10
C0083,P012,Brake Pad BP-40,149,365050,13
C0083,P013,Seal Kit SK-15,108,156600,9
C0083,P014,Transmission Assembly TA-800,227,18954500,16
C0083,P015,Engine Block EB-600,128,15232000,11
C0083,P016,Radiator RD-250,183,1866600,12
C0083,P017,Fan Belt FB-30,75,39000,7
C0083,P018,Wheel Rim WR-24,146,1649800,11
C0083,P019,Swing Motor SWM-350,144,5731200,12
C0083,P020,Pivot Pin PP-12,239,274850,17
C0083,P021,Boom Cylinder BC-400,102,4712400,7
C0083,P022,Control Valve CV-75,152,2568800,12
C0083,P023,Idler Wheel IW-55,180,2331000,16
C0083,P024,Track Roller TR-60,75,772500,7
C0083,P025,Cabin Glass CG-20,104,816400,11
C0083,P026,Grease Cartridge GC-5,125,38750,12
C0083,P027,O-Ring Set OR-50,130,62400,11
C0083,P028,Light Assembly LA-18,96,216000,8
C0083,P029,Pressure Sensor PS-90,152,600400,12
C0083,P030,Fuel Pump FP-350,102,2233800,10
C0084,P001,Hydraulic Pump HP-300,73,1788500,8
C0084,P002,Engine Oil Filter OF-90,82,59040,8
C0084,P003,Air Filter AF-120,84,105000,5
C0084,P004,Track Chain TC-45,96,3820800,11
C0084,P005,Fuel Injector FI-220,139,1174550,14
C0084,P006,Alternator ALT-500,148,1657600,12
C0084,P007,Hydraulic Hose HH-60,77,111650,6
C0084,P008,Bucket Tooth BT-10,72,41760,8
C0084,P009,Starter Motor SM-700,68,1013200,7
C0084,P010,Turbocharger TB-900,214,7468600,16
C0084,P011,Hydraulic Cylinder HC-200,88,2428800,8
C0084,P012,Brake Pad BP-40,109,267050,11
C0084,P013,Seal Kit SK-15,142,205900,13
C0084,P014,Transmission Assembly TA-800,166,13861000,10
C0084,P015,Engine Block EB-600,146,17374000,13
C0084,P016,Radiator RD-250,119,1213800,11
C0084,P017,Fan Belt FB-30,56,29120,5
C0084,P018,Wheel Rim WR-24,87,983100,7
C0084,P019,Swing Motor SWM-350,124,4935200,10
C0084,P020,Pivot Pin PP-12,60,69000,6
C0084,P021,Boom Cylinder BC-400,105,4851000,13
C0084,P022,Control Valve CV-75,141,2382900,11
C0084,P023,Idler Wheel IW-55,91,1178450,10
C0084,P024,Track Roller TR-60,74,762200,6
C0084,P025,Cabin Glass CG-20,100,785000,9
C0084,P026,Grease Cartridge GC-5,68,21080,7
C0084,P027,O-Ring Set OR-50,106,50880,12
C0084,P028,Light Assembly LA-18,79,177750,8
C0084,P029,Pressure Sensor PS-90,141,556950,11
C0084,P030,Fuel Pump FP-350,81,1773900,6
C0085,P001,Hydraulic Pump HP-300,83,2033500,9
C0085,P002,Engine Oil Filter OF-90,98,70560,9
C0085,P003,Air Filter AF-120,83,103750,8
C0085,P004,Track Chain TC-45,154,6129200,11
C0085,P005,Fuel Injector FI-220,97,819650,8
C0085,P006,Alternator ALT-500,106,1187200,8
C0085,P007,Hydraulic Hose HH-60,74,107300,5
C0085,P008,Bucket Tooth BT-10,104,60320,7
C0085,P009,Starter Motor SM-700,77,1147300,7
C0085,P010,Turbocharger TB-900,136,4746400,9
C0085,P011,Hydraulic Cylinder HC-200,41,1131600,5
C0085,P012,Brake Pad BP-40,119,291550,5
C0085,P013,Seal Kit SK-15,78,113100,7
C0085,P014,Transmission Assembly TA-800,74,6179000,7
C0085,P015,Engine Block EB-600,150,17850000,9
C0085,P016,Radiator RD-250,94,958800,7
C0085,P017,Fan Belt FB-30,111,57720,10
C0085,P018,Wheel Rim WR-24,85,960500,8
C0085,P019,Swing Motor SWM-350,58,2308400,8
C0085,P020,Pivot Pin PP-12,140,161000,10
C0085,P021,Boom Cylinder BC-400,70,3234000,6
C0085,P022,Control Valve CV-75,70,1183000,6
C0085,P023,Idler Wheel IW-55,86,1113700,10
C0085,P024,Track Roller TR-60,58,597400,5
C0085,P025,Cabin Glass CG-20,33,259050,6
C0085,P026,Grease Cartridge GC-5,68,21080,8
C0085,P027,O-Ring Set OR-50,144,69120,11
C0085,P028,Light Assembly LA-18,77,173250,7
C0085,P029,Pressure Sensor PS-90,34,134300,3
C0085,P030,Fuel Pump FP-350,112,2452800,11
C0086,P001,Hydraulic Pump HP-300,136,3332000,8
C0086,P002,Engine Oil Filter OF-90,45,32400,4
C0086,P003,Air Filter AF-120,44,55000,6
C0086,P004,Track Chain TC-45,86,3422800,6
C0086,P005,Fuel Injector FI-220,93,785850,8
C0086,P006,Alternator ALT-500,91,1019200,7
C0086,P007,Hydraulic Hose HH-60,23,33350,5
C0086,P008,Bucket Tooth BT-10,76,44080,6
C0086,P009,Starter Motor SM-700,55,819500,4
C0086,P010,Turbocharger TB-900,86,3001400,6
C0086,P011,Hydraulic Cylinder HC-200,38,1048800,4
C0086,P012,Brake Pad BP-40,119,291550,9
C0086,P013,Seal Kit SK-15,52,75400,7
C0086,P014,Transmission Assembly TA-800,162,13527000,9
C0086,P015,Engine Block EB-600,46,5474000,5
C0086,P016,Radiator RD-250,37,377400,2
C0086,P017,Fan Belt FB-30,43,22360,4
C0086,P018,Wheel Rim WR-24,109,1231700,5
C0086,P019,Swing Motor SWM-350,72,2865600,5
C0086,P020,Pivot Pin PP-12,23,26450,2
C0086,P021,Boom Cylinder BC-400,128,5913600,8
C0086,P022,Control Valve CV-75,64,1081600,6
C0086,P023,Idler Wheel IW-55,27,349650,3
C0086,P024,Track Roller TR-60,31,319300,4
C0086,P025,Cabin Glass CG-20,110,863500,9
C0086,P026,Grease Cartridge GC-5,21,6510,3
C0086,P027,O-Ring Set OR-50,133,63840,9
C0086,P028,Light Assembly LA-18,71,159750,5
C0086,P029,Pressure Sensor PS-90,53,209350,4
C0086,P030,Fuel Pump FP-350,67,1467300,5
C0087,P001,Hydraulic Pump HP-300,89,2180500,8
C0087,P002,Engine Oil Filter OF-90,160,115200,13
C0087,P003,Air Filter AF-120,68,85000,6
C0087,P004,Track Chain TC-45,113,4497400,9
C0087,P005,Fuel Injector FI-220,77,650650,9
C0087,P006,Alternator ALT-500,140,1568000,8
C0087,P007,Hydraulic Hose HH-60,76,110200,7
C0087,P008,Bucket Tooth BT-10,108,62640,11
C0087,P009,Starter Motor SM-700,128,1907200,9
C0087,P010,Turbocharger TB-900,79,2757100,9
C0087,P011,Hydraulic Cylinder HC-200,126,3477600,11
C0087,P012,Brake Pad BP-40,55,134750,6
C0087,P013,Seal Kit SK-15,134,194300,11
C0087,P014,Transmission Assembly TA-800,39,3256500,5
C0087,P015,Engine Block EB-600,61,7259000,6
C0087,P016,Radiator RD-250,106,1081200,8
C0087,P017,Fan Belt FB-30,116,60320,12
C0087,P018,Wheel Rim WR-24,80,904000,7
C0087,P019,Swing Motor SWM-350,24,955200,3
C0087,P020,Pivot Pin PP-12,21,24150,2
C0087,P021,Boom Cylinder BC-400,83,3834600,7
C0087,P022,Control Valve CV-75,51,861900,5
C0087,P023,Idler Wheel IW-55,68,880600,3
C0087,P024,Track Roller TR-60,84,865200,8
C0087,P025,Cabin Glass CG-20,155,1216750,14
C0087,P026,Grease Cartridge GC-5,110,34100,10
C0087,P027,O-Ring Set OR-50,45,21600,5
C0087,P028,Light Assembly LA-18,47,105750,5
C0087,P029,Pressure Sensor PS-90,133,525350,8
C0087,P030,Fuel Pump FP-350,83,1817700,9
C0088,P001,Hydraulic Pump HP-300,68,1666000,8
C0088,P002,Engine Oil Filter OF-90,85,61200,8
C0088,P003,Air Filter AF-120,134,167500,9
C0088,P004,Track Chain TC-45,84,3343200,6
C0088,P005,Fuel Injector FI-220,101,853450,10
C0088,P006,Alternator ALT-500,59,660800,8
C0088,P007,Hydraulic Hose HH-60,27,39150,3
C0088,P008,Bucket Tooth BT-10,82,47560,10
C0088,P009,Starter Motor SM-700,84,1251600,9
C0088,P010,Turbocharger TB-900,108,3769200,8
C0088,P011,Hydraulic Cylinder HC-200,118,3256800,11
C0088,P012,Brake Pad BP-40,42,102900,5
C0088,P013,Seal Kit SK-15,70,101500,4
C0088,P014,Transmission Assembly TA-800,97,8099500,9
C0088,P015,Engine Block EB-600,86,10234000,8
C0088,P016,Radiator RD-250,129,1315800,7
C0088,P017,Fan Belt FB-30,115,59800,11
C0088,P018,Wheel Rim WR-24,67,757100,6
C0088,P019,Swing Motor SWM-350,81,3223800,6
C0088,P020,Pivot Pin PP-12,115,132250,9
C0088,P021,Boom Cylinder BC-400,85,3927000,8
C0088,P022,Control Valve CV-75,84,1419600,9
C0088,P023,Idler Wheel IW-55,74,958300,7
C0088,P024,Track Roller TR-60,96,988800,8
C0088,P025,Cabin Glass CG-20,40,314000,3
C0088,P026,Grease Cartridge GC-5,20,6200,2
C0088,P027,O-Ring Set OR-50,88,42240,9
C0088,P028,Light Assembly LA-18,77,173250,7
C0088,P029,Pressure Sensor PS-90,104,410800,8
C0088,P030,Fuel Pump FP-350,116,2540400,8
C0089,P001,Hydraulic Pump HP-300,48,1176000,5
C0089,P002,Engine Oil Filter OF-90,72,51840,7
C0089,P003,Air Filter AF-120,73,91250,7
C0089,P004,Track Chain TC-45,27,1074600,4
C0089,P005,Fuel Injector FI-220,80,676000,5
C0089,P006,Alternator ALT-500,30,336000,4
C0089,P007,Hydraulic Hose HH-60,46,66700,4
C0089,P008,Bucket Tooth BT-10,117,67860,10
C0089,P009,Starter Motor SM-700,79,1177100,6
C0089,P010,Turbocharger TB-900,72,2512800,7
C0089,P011,Hydraulic Cylinder HC-200,94,2594400,9
C0089,P012,Brake Pad BP-40,60,147000,5
C0089,P013,Seal Kit SK-15,58,84100,6
C0089,P014,Transmission Assembly TA-800,36,3006000,5
C0089,P015,Engine Block EB-600,98,11662000,8
C0089,P016,Radiator RD-250,137,1397400,10
C0089,P017,Fan Belt FB-30,79,41080,8
C0089,P018,Wheel Rim WR-24,143,1615900,11
C0089,P019,Swing Motor SWM-350,31,1233800,3
C0089,P020,Pivot Pin PP-12,117,134550,9
C0089,P021,Boom Cylinder BC-400,75,3465000,7
C0089,P022,Control Valve CV-75,77,1301300,7
C0089,P023,Idler Wheel IW-55,104,1346800,11
C0089,P024,Track Roller TR-60,61,628300,6
C0089,P025,Cabin Glass CG-20,86,675100,6
C0089,P026,Grease Cartridge GC-5,39,12090,4
C0089,P027,O-Ring Set OR-50,116,55680,10
C0089,P028,Light Assembly LA-18,114,256500,9
C0089,P029,Pressure Sensor PS-90,82,323900,7
C0089,P030,Fuel Pump FP-350,132,2890800,10
C0090,P001,Hydraulic Pump HP-300,61,1494500,7
C0090,P002,Engine Oil Filter OF-90,98,70560,8
C0090,P003,Air Filter AF-120,112,140000,10
C0090,P004,Track Chain TC-45,86,3422800,9
C0090,P005,Fuel Injector FI-220,92,777400,7
C0090,P006,Alternator ALT-500,72,806400,6
C0090,P007,Hydraulic Hose HH-60,70,101500,8
C0090,P008,Bucket Tooth BT-10,81,46980,7
C0090,P009,Starter Motor SM-700,179,2667100,9
C0090,P010,Turbocharger TB-900,63,2198700,6
C0090,P011,Hydraulic Cylinder HC-200,59,1628400,3
C0090,P012,Brake Pad BP-40,143,350350,11
C0090,P013,Seal Kit SK-15,87,126150,9
C0090,P014,Transmission Assembly TA-800,97,8099500,7
C0090,P015,Engine Block EB-600,33,3927000,5
C0090,P016,Radiator RD-250,129,1315800,12
C0090,P017,Fan Belt FB-30,89,46280,7
C0090,P018,Wheel Rim WR-24,143,1615900,9
C0090,P019,Swing Motor SWM-350,86,3422800,7
C0090,P020,Pivot Pin PP-12,102,117300,8
C0090,P021,Boom Cylinder BC-400,115,5313000,13
C0090,P022,Control Valve CV-75,98,1656200,7
C0090,P023,Idler Wheel IW-55,90,1165500,9
C0090,P024,Track Roller TR-60,58,597400,4
C0090,P025,Cabin Glass CG-20,115,902750,9
C0090,P026,Grease Cartridge GC-5,178,55180,13
C0090,P027,O-Ring Set OR-50,109,52320,9
C0090,P028,Light Assembly LA-18,74,166500,9
C0090,P029,Pressure Sensor PS-90,37,146150,7
C0090,P030,Fuel Pump FP-350,74,1620600,7
C0091,P001,Hydraulic Pump HP-300,62,1519000,6
C0091,P002,Engine Oil Filter OF-90,104,74880,10
C0091,P003,Air Filter AF-120,84,105000,5
C0091,P004,Track Chain TC-45,119,4736200,8
C0091,P005,Fuel Injector FI-220,74,625300,5
C0091,P006,Alternator ALT-500,116,1299200,9
C0091,P007,Hydraulic Hose HH-60,156,226200,11
C0091,P008,Bucket Tooth BT-10,97,56260,6
C0091,P009,Starter Motor SM-700,56,834400,6
C0091,P010,Turbocharger TB-900,71,2477900,7
C0091,P011,Hydraulic Cylinder HC-200,76,2097600,6
C0091,P012,Brake Pad BP-40,14,34300,1
C0091,P013,Seal Kit SK-15,46,66700,5
C0091,P014,Transmission Assembly TA-800,66,5511000,7
C0091,P015,Engine Block EB-600,12,1428000,2
C0091,P016,Radiator RD-250,54,550800,6
C0091,P017,Fan Belt FB-30,74,38480,7
C0091,P018,Wheel Rim WR-24,70,791000,6
C0091,P019,Swing Motor SWM-350,50,1990000,4
C0091,P020,Pivot Pin PP-12,63,72450,4
C0091,P021,Boom Cylinder BC-400,48,2217600,4
C0091,P022,Control Valve CV-75,63,1064700,5
C0091,P023,Idler Wheel IW-55,128,1657600,10
C0091,P024,Track Roller TR-60,89,916700,8
C0091,P025,Cabin Glass CG-20,31,243350,3
C0091,P026,Grease Cartridge GC-5,59,18290,6
C0091,P027,O-Ring Set OR-50,29,13920,3
C0091,P028,Light Assembly LA-18,41,92250,4
C0091,P029,Pressure Sensor PS-90,125,493750,11
C0091,P030,Fuel Pump FP-350,98,2146200,6
C0092,P001,Hydraulic Pump HP-300,41,1004500,3
C0092,P002,Engine Oil Filter OF-90,127,91440,9
C0092,P003,Air Filter AF-120,58,72500,5
C0092,P004,Track Chain TC-45,104,4139200,8
C0092,P005,Fuel Injector FI-220,32,270400,4
C0092,P006,Alternator ALT-500,50,560000,5
C0092,P007,Hydraulic Hose HH-60,137,198650,11
C0092,P008,Bucket Tooth BT-10,44,25520,6
C0092,P009,Starter Motor SM-700,106,1579400,7
C0092,P010,Turbocharger TB-900,43,1500700,3
C0092,P011,Hydraulic Cylinder HC-200,28,772800,6
C0092,P012,Brake Pad BP-40,61,149450,5
C0092,P013,Seal Kit SK-15,77,111650,9
C0092,P014,Transmission Assembly TA-800,67,5594500,5
C0092,P015,Engine Block EB-600,54,6426000,5
C0092,P016,Radiator RD-250,102,1040400,8
C0092,P017,Fan Belt FB-30,36,18720,4
C0092,P018,Wheel Rim WR-24,67,757100,5
C0092,P019,Swing Motor SWM-350,116,4616800,11
C0092,P020,Pivot Pin PP-12,106,121900,9
C0092,P021,Boom Cylinder BC-400,66,3049200,6
C0092,P022,Control Valve CV-75,81,1368900,5
C0092,P023,Idler Wheel IW-55,82,1061900,6
C0092,P024,Track Roller TR-60,100,1030000,8
C0092,P025,Cabin Glass CG-20,75,588750,6
C0092,P026,Grease Cartridge GC-5,68,21080,5
C0092,P027,O-Ring Set OR-50,97,46560,9
C0092,P028,Light Assembly LA-18,108,243000,8
C0092,P029,Pressure Sensor PS-90,69,272550,6
C0092,P030,Fuel Pump FP-350,99,2168100,9
C0093,P001,Hydraulic Pump HP-300,50,1225000,7
C0093,P002,Engine Oil Filter OF-90,66,47520,6
C0093,P003,Air Filter AF-120,151,188750,10
C0093,P004,Track Chain TC-45,109,4338200,8
C0093,P005,Fuel Injector FI-220,122,1030900,10
C0093,P006,Alternator ALT-500,59,660800,6
C0093,P007,Hydraulic Hose HH-60,47,68150,7
C0093,P008,Bucket Tooth BT-10,161,93380,13
C0093,P009,Starter Motor SM-700,96,1430400,5
C0093,P010,Turbocharger TB-900,107,3734300,8
C0093,P011,Hydraulic Cylinder HC-200,110,3036000,6
C0093,P012,Brake Pad BP-40,56,137200,4
C0093,P013,Seal Kit SK-15,73,105850,5
C0093,P014,Transmission Assembly TA-800,124,10354000,9
C0093,P015,Engine Block EB-600,54,6426000,6
C0093,P016,Radiator RD-250,59,601800,9
C0093,P017,Fan Belt FB-30,118,61360,8
C0093,P018,Wheel Rim WR-24,169,1909700,14
C0093,P019,Swing Motor SWM-350,91,3621800,7
C0093,P020,Pivot Pin PP-12,81,93150,8
C0093,P021,Boom Cylinder BC-400,65,3003000,5
C0093,P022,Control Valve CV-75,190,3211000,13
C0093,P023,Idler Wheel IW-55,116,1502200,11
C0093,P024,Track Roller TR-60,43,442900,5
C0093,P025,Cabin Glass CG-20,108,847800,9
C0093,P026,Grease Cartridge GC-5,86,26660,10
C0093,P027,O-Ring Set OR-50,64,30720,7
C0093,P028,Light Assembly LA-18,60,135000,8
C0093,P029,Pressure Sensor PS-90,91,359450,7
C0093,P030,Fuel Pump FP-350,42,919800,4
C0094,P001,Hydraulic Pump HP-300,25,612500,3
C0094,P002,Engine Oil Filter OF-90,65,46800,7
C0094,P003,Air Filter AF-120,98,122500,9
C0094,P004,Track Chain TC-45,58,2308400,5
C0094,P005,Fuel Injector FI-220,96,811200,8
C0094,P006,Alternator ALT-500,57,638400,4
C0094,P007,Hydraulic Hose HH-60,60,87000,5
C0094,P008,Bucket Tooth BT-10,89,51620,9
C0094,P009,Starter Motor SM-700,43,640700,7
C0094,P010,Turbocharger TB-900,44,1535600,3
C0094,P011,Hydraulic Cylinder HC-200,61,1683600,6
C0094,P012,Brake Pad BP-40,47,115150,5
C0094,P013,Seal Kit SK-15,77,111650,6
C0094,P014,Transmission Assembly TA-800,97,8099500,8
C0094,P015,Engine Block EB-600,74,8806000,5
C0094,P016,Radiator RD-250,102,1040400,6
C0094,P017,Fan Belt FB-30,92,47840,8
C0094,P018,Wheel Rim WR-24,42,474600,4
C0094,P019,Swing Motor SWM-350,116,4616800,7
C0094,P020,Pivot Pin PP-12,59,67850,7
C0094,P021,Boom Cylinder BC-400,44,2032800,4
C0094,P022,Control Valve CV-75,91,1537900,7
C0094,P023,Idler Wheel IW-55,68,880600,5
C0094,P024,Track Roller TR-60,71,731300,5
C0094,P025,Cabin Glass CG-20,36,282600,5
C0094,P026,Grease Cartridge GC-5,140,43400,9
C0094,P027,O-Ring Set OR-50,63,30240,6
C0094,P028,Light Assembly LA-18,81,182250,7
C0094,P029,Pressure Sensor PS-90,132,521400,9
C0094,P030,Fuel Pump FP-350,60,1314000,8
C0095,P001,Hydraulic Pump HP-300,60,1470000,6
C0095,P002,Engine Oil Filter OF-90,73,52560,9
C0095,P003,Air Filter AF-120,21,26250,4
C0095,P004,Track Chain TC-45,58,2308400,5
C0095,P005,Fuel Injector FI-220,63,532350,4
C0095,P006,Alternator ALT-500,147,1646400,10
C0095,P007,Hydraulic Hose HH-60,121,175450,7
C0095,P008,Bucket Tooth BT-10,73,42340,6
C0095,P009,Starter Motor SM-700,122,1817800,8
C0095,P010,Turbocharger TB-900,84,2931600,7
C0095,P011,Hydraulic Cylinder HC-200,137,3781200,13
C0095,P012,Brake Pad BP-40,59,144550,5
C0095,P013,Seal Kit SK-15,84,121800,6
C0095,P014,Transmission Assembly TA-800,88,7348000,9
C0095,P015,Engine Block EB-600,114,13566000,8
C0095,P016,Radiator RD-250,96,979200,8
C0095,P017,Fan Belt FB-30,84,43680,7
C0095,P018,Wheel Rim WR-24,82,926600,5
C0095,P019,Swing Motor SWM-350,20,796000,2
C0095,P020,Pivot Pin PP-12,99,113850,9
C0095,P021,Boom Cylinder BC-400,52,2402400,6
C0095,P022,Control Valve CV-75,65,1098500,5
C0095,P023,Idler Wheel IW-55,79,1023050,5
C0095,P024,Track Roller TR-60,103,1060900,8
C0095,P025,Cabin Glass CG-20,62,486700,6
C0095,P026,Grease Cartridge GC-5,91,28210,6
C0095,P027,O-Ring Set OR-50,109,52320,8
C0095,P028,Light Assembly LA-18,51,114750,4
C0095,P029,Pressure Sensor PS-90,90,355500,8
C0095,P030,Fuel Pump FP-350,32,700800,4
C0096,P001,Hydraulic Pump HP-300,119,2915500,8
C0096,P002,Engine Oil Filter OF-90,120,86400,11
C0096,P003,Air Filter AF-120,129,161250,13
C0096,P004,Track Chain TC-45,103,4099400,8
C0096,P005,Fuel Injector FI-220,84,709800,7
C0096,P006,Alternator ALT-500,31,347200,3
C0096,P007,Hydraulic Hose HH-60,57,82650,6
C0096,P008,Bucket Tooth BT-10,107,62060,8
C0096,P009,Starter Motor SM-700,93,1385700,9
C0096,P010,Turbocharger TB-900,67,2338300,6
C0096,P011,Hydraulic Cylinder HC-200,89,2456400,7
C0096,P012,Brake Pad BP-40,46,112700,6
C0096,P013,Seal Kit SK-15,66,95700,5
C0096,P014,Transmission Assembly TA-800,73,6095500,8
C0096,P015,Engine Block EB-600,109,12971000,9
C0096,P016,Radiator RD-250,109,1111800,8
C0096,P017,Fan Belt FB-30,110,57200,10
C0096,P018,Wheel Rim WR-24,106,1197800,9
C0096,P019,Swing Motor SWM-350,59,2348200,6
C0096,P020,Pivot Pin PP-12,41,47150,7
C0096,P021,Boom Cylinder BC-400,45,2079000,6
C0096,P022,Control Valve CV-75,123,2078700,12
C0096,P023,Idler Wheel IW-55,96,1243200,7
C0096,P024,Track Roller TR-60,65,669500,8
C0096,P025,Cabin Glass CG-20,141,1106850,10
C0096,P026,Grease Cartridge GC-5,154,47740,14
C0096,P027,O-Ring Set OR-50,90,43200,7
C0096,P028,Light Assembly LA-18,76,171000,6
C0096,P029,Pressure Sensor PS-90,59,233050,4
C0096,P030,Fuel Pump FP-350,59,1292100,5
C0097,P001,Hydraulic Pump HP-300,40,980000,4
C0097,P002,Engine Oil Filter OF-90,20,14400,3
C0097,P003,Air Filter AF-120,53,66250,4
C0097,P004,Track Chain TC-45,82,3263600,5
C0097,P005,Fuel Injector FI-220,34,287300,4
C0097,P006,Alternator ALT-500,54,604800,6
C0097,P007,Hydraulic Hose HH-60,46,66700,6
C0097,P008,Bucket Tooth BT-10,116,67280,6
C0097,P009,Starter Motor SM-700,105,1564500,6
C0097,P010,Turbocharger TB-900,127,4432300,8
C0097,P011,Hydraulic Cylinder HC-200,119,3284400,11
C0097,P012,Brake Pad BP-40,45,110250,8
C0097,P013,Seal Kit SK-15,54,78300,5
C0097,P014,Transmission Assembly TA-800,27,2254500,2
C0097,P015,Engine Block EB-600,110,13090000,8
C0097,P016,Radiator RD-250,57,581400,4
C0097,P017,Fan Belt FB-30,57,29640,5
C0097,P018,Wheel Rim WR-24,94,1062200,6
C0097,P019,Swing Motor SWM-350,26,1034800,4
C0097,P020,Pivot Pin PP-12,63,72450,8
C0097,P021,Boom Cylinder BC-400,70,3234000,8
C0097,P022,Control Valve CV-75,128,2163200,7
C0097,P023,Idler Wheel IW-55,74,958300,7
C0097,P024,Track Roller TR-60,115,1184500,8
C0097,P025,Cabin Glass CG-20,42,329700,4
C0097,P026,Grease Cartridge GC-5,101,31310,8
C0097,P027,O-Ring Set OR-50,115,55200,8
C0097,P028,Light Assembly LA-18,65,146250,5
C0097,P029,Pressure Sensor PS-90,27,106650,3
C0097,P030,Fuel Pump FP-350,86,1883400,6
C0098,P001,Hydraulic Pump HP-300,63,1543500,6
C0098,P002,Engine Oil Filter OF-90,71,51120,6
C0098,P003,Air Filter AF-120,84,105000,8
C0098,P004,Track Chain TC-45,76,3024800,5
C0098,P005,Fuel Injector FI-220,40,338000,3
C0098,P006,Alternator ALT-500,53,593600,6
C0098,P007,Hydraulic Hose HH-60,85,123250,7
C0098,P008,Bucket Tooth BT-10,79,45820,8
C0098,P009,Starter Motor SM-700,64,953600,5
C0098,P010,Turbocharger TB-900,88,3071200,7
C0098,P011,Hydraulic Cylinder HC-200,46,1269600,4
C0098,P012,Brake Pad BP-40,138,338100,9
C0098,P013,Seal Kit SK-15,109,158050,10
C0098,P014,Transmission Assembly TA-800,67,5594500,6
C0098,P015,Engine Block EB-600,105,12495000,7
C0098,P016,Radiator RD-250,25,255000,4
C0098,P017,Fan Belt FB-30,163,84760,11
C0098,P018,Wheel Rim WR-24,61,689300,3
C0098,P019,Swing Motor SWM-350,40,1592000,4
C0098,P020,Pivot Pin PP-12,64,73600,5
C0098,P021,Boom Cylinder BC-400,153,7068600,9
C0098,P022,Control Valve CV-75,59,997100,6
C0098,P023,Idler Wheel IW-55,44,569800,5
C0098,P024,Track Roller TR-60,83,854900,7
C0098,P025,Cabin Glass CG-20,93,730050,9
C0098,P026,Grease Cartridge GC-5,82,25420,8
C0098,P027,O-Ring Set OR-50,94,45120,10
C0098,P028,Light Assembly LA-18,166,373500,12
C0098,P029,Pressure Sensor PS-90,115,454250,7
C0098,P030,Fuel Pump FP-350,68,1489200,6
C0099,P001,Hydraulic Pump HP-300,49,1200500,5
C0099,P002,Engine Oil Filter OF-90,110,79200,7
C0099,P003,Air Filter AF-120,166,207500,10
C0099,P004,Track Chain TC-45,76,3024800,8
C0099,P005,Fuel Injector FI-220,100,845000,6
C0099,P006,Alternator ALT-500,133,1489600,8
C0099,P007,Hydraulic Hose HH-60,173,250850,13
C0099,P008,Bucket Tooth BT-10,98,56840,7
C0099,P009,Starter Motor SM-700,122,1817800,7
C0099,P010,Turbocharger TB-900,88,3071200,9
C0099,P011,Hydraulic Cylinder HC-200,111,3063600,13
C0099,P012,Brake Pad BP-40,140,343000,14
C0099,P013,Seal Kit SK-15,67,97150,6
C0099,P014,Transmission Assembly TA-800,87,7264500,10
C0099,P015,Engine Block EB-600,76,9044000,9
C0099,P016,Radiator RD-250,127,1295400,8
C0099,P017,Fan Belt FB-30,168,87360,11
C0099,P018,Wheel Rim WR-24,107,1209100,10
C0099,P019,Swing Motor SWM-350,109,4338200,14
C0099,P020,Pivot Pin PP-12,97,111550,10
C0099,P021,Boom Cylinder BC-400,89,4111800,8
C0099,P022,Control Valve CV-75,117,1977300,8
C0099,P023,Idler Wheel IW-55,115,1489250,8
C0099,P024,Track Roller TR-60,107,1102100,11
C0099,P025,Cabin Glass CG-20,109,855650,9
C0099,P026,Grease Cartridge GC-5,73,22630,8
C0099,P027,O-Ring Set OR-50,114,54720,10
C0099,P028,Light Assembly LA-18,109,245250,9
C0099,P029,Pressure Sensor PS-90,100,395000,9
C0099,P030,Fuel Pump FP-350,131,2868900,10
C0100,P001,Hydraulic Pump HP-300,122,2989000,8
C0100,P002,Engine Oil Filter OF-90,109,78480,11
C0100,P003,Air Filter AF-120,90,112500,6
C0100,P004,Track Chain TC-45,14,557200,2
C0100,P005,Fuel Injector FI-220,122,1030900,8
C0100,P006,Alternator ALT-500,110,1232000,9
C0100,P007,Hydraulic Hose HH-60,72,104400,4
C0100,P008,Bucket Tooth BT-10,48,27840,4
C0100,P009,Starter Motor SM-700,125,1862500,9
C0100,P010,Turbocharger TB-900,80,2792000,7
C0100,P011,Hydraulic Cylinder HC-200,71,1959600,6
C0100,P012,Brake Pad BP-40,52,127400,5
C0100,P013,Seal Kit SK-15,179,259550,11
C0100,P014,Transmission Assembly TA-800,60,5010000,5
C0100,P015,Engine Block EB-600,38,4522000,3
C0100,P016,Radiator RD-250,83,846600,8
C0100,P017,Fan Belt FB-30,116,60320,9
C0100,P018,Wheel Rim WR-24,101,1141300,7
C0100,P019,Swing Motor SWM-350,102,4059600,6
C0100,P020,Pivot Pin PP-12,70,80500,8
C0100,P021,Boom Cylinder BC-400,115,5313000,9
C0100,P022,Control Valve CV-75,50,845000,7
C0100,P023,Idler Wheel IW-55,48,621600,4
C0100,P024,Track Roller TR-60,14,144200,2
C0100,P025,Cabin Glass CG-20,135,1059750,11
C0100,P026,Grease Cartridge GC-5,39,12090,4
C0100,P027,O-Ring Set OR-50,87,41760,8
C0100,P028,Light Assembly LA-18,54,121500,6
C0100,P029,Pressure Sensor PS-90,83,327850,8
C0100,P030,Fuel Pump FP-350,124,2715600,8
C0101,P001,Hydraulic Pump HP-300,83,2033500,8
C0101,P002,Engine Oil Filter OF-90,86,61920,9
C0101,P003,Air Filter AF-120,122,152500,10
C0101,P004,Track Chain TC-45,121,4815800,12
C0101,P005,Fuel Injector FI-220,107,904150,8
C0101,P006,Alternator ALT-500,111,1243200,10
C0101,P007,Hydraulic Hose HH-60,32,46400,3
C0101,P008,Bucket Tooth BT-10,124,71920,11
C0101,P009,Starter Motor SM-700,113,1683700,11
C0101,P010,Turbocharger TB-900,178,6212200,14
C0101,P011,Hydraulic Cylinder HC-200,97,2677200,8
C0101,P012,Brake Pad BP-40,61,149450,5
C0101,P013,Seal Kit SK-15,72,104400,9
C0101,P014,Transmission Assembly TA-800,34,2839000,4
C0101,P015,Engine Block EB-600,70,8330000,7
C0101,P016,Radiator RD-250,76,775200,8
C0101,P017,Fan Belt FB-30,56,29120,4
C0101,P018,Wheel Rim WR-24,136,1536800,8
C0101,P019,Swing Motor SWM-350,87,3462600,8
C0101,P020,Pivot Pin PP-12,87,100050,10
C0101,P021,Boom Cylinder BC-400,73,3372600,6
C0101,P022,Control Valve CV-75,161,2720900,11
C0101,P023,Idler Wheel IW-55,114,1476300,9
C0101,P024,Track Roller TR-60,116,1194800,7
C0101,P025,Cabin Glass CG-20,171,1342350,8
C0101,P026,Grease Cartridge GC-5,83,25730,9
C0101,P027,O-Ring Set OR-50,24,11520,5
C0101,P028,Light Assembly LA-18,93,209250,7
C0101,P029,Pressure Sensor PS-90,124,489800,10
C0101,P030,Fuel Pump FP-350,211,4620900,13
C0102,P001,Hydraulic Pump HP-300,59,1445500,8
C0102,P002,Engine Oil Filter OF-90,61,43920,6
C0102,P003,Air Filter AF-120,148,185000,11
C0102,P004,Track Chain TC-45,154,6129200,10
C0102,P005,Fuel Injector FI-220,87,735150,9
C0102,P006,Alternator ALT-500,124,1388800,13
C0102,P007,Hydraulic Hose HH-60,63,91350,8
C0102,P008,Bucket Tooth BT-10,98,56840,6
C0102,P009,Starter Motor SM-700,75,1117500,7
C0102,P010,Turbocharger TB-900,171,5967900,14
C0102,P011,Hydraulic Cylinder HC-200,88,2428800,7
C0102,P012,Brake Pad BP-40,53,129850,5
C0102,P013,Seal Kit SK-15,138,200100,8
C0102,P014,Transmission Assembly TA-800,132,11022000,12
C0102,P015,Engine Block EB-600,139,16541000,8
C0102,P016,Radiator RD-250,117,1193400,11
C0102,P017,Fan Belt FB-30,106,55120,7
C0102,P018,Wheel Rim WR-24,149,1683700,11
C0102,P019,Swing Motor SWM-350,62,2467600,5
C0102,P020,Pivot Pin PP-12,113,129950,10
C0102,P021,Boom Cylinder BC-400,88,4065600,7
C0102,P022,Control Valve CV-75,67,1132300,6
C0102,P023,Idler Wheel IW-55,63,815850,5
C0102,P024,Track Roller TR-60,139,1431700,9
C0102,P025,Cabin Glass CG-20,71,557350,6
C0102,P026,Grease Cartridge GC-5,37,11470,4
C0102,P027,O-Ring Set OR-50,136,65280,10
C0102,P028,Light Assembly LA-18,100,225000,6
C0102,P029,Pressure Sensor PS-90,97,383150,6
C0102,P030,Fuel Pump FP-350,49,1073100,5
C0103,P001,Hydraulic Pump HP-300,86,2107000,7
C0103,P002,Engine Oil Filter OF-90,172,123840,12
C0103,P003,Air Filter AF-120,86,107500,7
C0103,P004,Track Chain TC-45,75,2985000,5
C0103,P005,Fuel Injector FI-220,66,557700,6
C0103,P006,Alternator ALT-500,174,1948800,13
C0103,P007,Hydraulic Hose HH-60,96,139200,7
C0103,P008,Bucket Tooth BT-10,115,66700,9
C0103,P009,Starter Motor SM-700,68,1013200,6
C0103,P010,Turbocharger TB-900,116,4048400,10
C0103,P011,Hydraulic Cylinder HC-200,117,3229200,11
C0103,P012,Brake Pad BP-40,95,232750,7
C0103,P013,Seal Kit SK-15,176,255200,14
C0103,P014,Transmission Assembly TA-800,138,11523000,11
C0103,P015,Engine Block EB-600,136,16184000,8
C0103,P016,Radiator RD-250,185,1887000,12
C0103,P017,Fan Belt FB-30,139,72280,9
C0103,P018,Wheel Rim WR-24,103,1163900,8
C0103,P019,Swing Motor SWM-350,44,1751200,4
C0103,P020,Pivot Pin PP-12,81,93150,6
C0103,P021,Boom Cylinder BC-400,145,6699000,12
C0103,P022,Control Valve CV-75,78,1318200,6
C0103,P023,Idler Wheel IW-55,74,958300,6
C0103,P024,Track Roller TR-60,35,360500,5
C0103,P025,Cabin Glass CG-20,117,918450,9
C0103,P026,Grease Cartridge GC-5,46,14260,6
C0103,P027,O-Ring Set OR-50,45,21600,6
C0103,P028,Light Assembly LA-18,89,200250,7
C0103,P029,Pressure Sensor PS-90,111,438450,10
C0103,P030,Fuel Pump FP-350,94,2058600,8
C0104,P001,Hydraulic Pump HP-300,83,2033500,9
C0104,P002,Engine Oil Filter OF-90,54,38880,7
C0104,P003,Air Filter AF-120,41,51250,3
C0104,P004,Track Chain TC-45,30,1194000,4
C0104,P005,Fuel Injector FI-220,62,523900,4
C0104,P006,Alternator ALT-500,62,694400,5
C0104,P007,Hydraulic Hose HH-60,172,249400,11
C0104,P008,Bucket Tooth BT-10,115,66700,10
C0104,P009,Starter Motor SM-700,54,804600,7
C0104,P010,Turbocharger TB-900,40,1396000,3
C0104,P011,Hydraulic Cylinder HC-200,111,3063600,7
C0104,P012,Brake Pad BP-40,32,78400,7
C0104,P013,Seal Kit SK-15,83,120350,7
C0104,P014,Transmission Assembly TA-800,29,2421500,4
C0104,P015,Engine Block EB-600,71,8449000,6
C0104,P016,Radiator RD-250,73,744600,9
C0104,P017,Fan Belt FB-30,50,26000,6
C0104,P018,Wheel Rim WR-24,64,723200,5
C0104,P019,Swing Motor SWM-350,69,2746200,7
C0104,P020,Pivot Pin PP-12,51,58650,6
C0104,P021,Boom Cylinder BC-400,77,3557400,6
C0104,P022,Control Valve CV-75,131,2213900,9
C0104,P023,Idler Wheel IW-55,41,530950,6
C0104,P024,Track Roller TR-60,108,1112400,10
C0104,P025,Cabin Glass CG-20,35,274750,4
C0104,P026,Grease Cartridge GC-5,110,34100,8
C0104,P027,O-Ring Set OR-50,106,50880,12
C0104,P028,Light Assembly LA-18,130,292500,9
C0104,P029,Pressure Sensor PS-90,126,497700,9
C0104,P030,Fuel Pump FP-350,49,1073100,4
C0105,P001,Hydraulic Pump HP-300,63,1543500,6
C0105,P002,Engine Oil Filter OF-90,78,56160,7
C0105,P003,Air Filter AF-120,84,105000,7
C0105,P004,Track Chain TC-45,100,3980000,7
C0105,P005,Fuel Injector FI-220,78,659100,10
C0105,P006,Alternator ALT-500,50,560000,5
C0105,P007,Hydraulic Hose HH-60,58,84100,6
C0105,P008,Bucket Tooth BT-10,136,78880,10
C0105,P009,Starter Motor SM-700,116,1728400,10
C0105,P010,Turbocharger TB-900,82,2861800,8
C0105,P011,Hydraulic Cylinder HC-200,103,2842800,8
C0105,P012,Brake Pad BP-40,77,188650,10
C0105,P013,Seal Kit SK-15,129,187050,12
C0105,P014,Transmission Assembly TA-800,55,4592500,8
C0105,P015,Engine Block EB-600,95,11305000,10
C0105,P016,Radiator RD-250,169,1723800,14
C0105,P017,Fan Belt FB-30,48,24960,6
C0105,P018,Wheel Rim WR-24,115,1299500,7
C0105,P019,Swing Motor SWM-350,115,4577000,9
C0105,P020,Pivot Pin PP-12,81,93150,9
C0105,P021,Boom Cylinder BC-400,104,4804800,11
C0105,P022,Control Valve CV-75,52,878800,6
C0105,P023,Idler Wheel IW-55,169,2188550,15
C0105,P024,Track Roller TR-60,69,710700,7
C0105,P025,Cabin Glass CG-20,118,926300,10
C0105,P026,Grease Cartridge GC-5,80,24800,10
C0105,P027,O-Ring Set OR-50,101,48480,6
C0105,P028,Light Assembly LA-18,90,202500,8
C0105,P029,Pressure Sensor PS-90,90,355500,5
C0105,P030,Fuel Pump FP-350,180,3942000,15
C0106,P001,Hydraulic Pump HP-300,117,2866500,8
C0106,P002,Engine Oil Filter OF-90,131,94320,11
C0106,P003,Air Filter AF-120,80,100000,7
C0106,P004,Track Chain TC-45,144,5731200,11
C0106,P005,Fuel Injector FI-220,46,388700,4
C0106,P006,Alternator ALT-500,85,952000,5
C0106,P007,Hydraulic Hose HH-60,98,142100,8
C0106,P008,Bucket Tooth BT-10,92,53360,7
C0106,P009,Starter Motor SM-700,136,2026400,14
C0106,P010,Turbocharger TB-900,169,5898100,12
C0106,P011,Hydraulic Cylinder HC-200,98,2704800,8
C0106,P012,Brake Pad BP-40,82,200900,6
C0106,P013,Seal Kit SK-15,58,84100,7
C0106,P014,Transmission Assembly TA-800,63,5260500,6
C0106,P015,Engine Block EB-600,28,3332000,3
C0106,P016,Radiator RD-250,133,1356600,11
C0106,P017,Fan Belt FB-30,67,34840,6
C0106,P018,Wheel Rim WR-24,104,1175200,8
C0106,P019,Swing Motor SWM-350,104,4139200,9
C0106,P020,Pivot Pin PP-12,105,120750,9
C0106,P021,Boom Cylinder BC-400,68,3141600,8
C0106,P022,Control Valve CV-75,111,1875900,11
C0106,P023,Idler Wheel IW-55,79,1023050,9
C0106,P024,Track Roller TR-60,135,1390500,10
C0106,P025,Cabin Glass CG-20,103,808550,10
C0106,P026,Grease Cartridge GC-5,64,19840,6
C0106,P027,O-Ring Set OR-50,115,55200,6
C0106,P028,Light Assembly LA-18,40,90000,5
C0106,P029,Pressure Sensor PS-90,126,497700,12
C0106,P030,Fuel Pump FP-350,95,2080500,8
C0107,P001,Hydraulic Pump HP-300,164,4018000,15
C0107,P002,Engine Oil Filter OF-90,159,114480,12
C0107,P003,Air Filter AF-120,59,73750,5
C0107,P004,Track Chain TC-45,142,5651600,10
C0107,P005,Fuel Injector FI-220,160,1352000,12
C0107,P006,Alternator ALT-500,206,2307200,15
C0107,P007,Hydraulic Hose HH-60,109,158050,8
C0107,P008,Bucket Tooth BT-10,127,73660,11
C0107,P009,Starter Motor SM-700,197,2935300,13
C0107,P010,Turbocharger TB-900,161,5618900,16
C0107,P011,Hydraulic Cylinder HC-200,92,2539200,8
C0107,P012,Brake Pad BP-40,136,333200,11
C0107,P013,Seal Kit SK-15,51,73950,4
C0107,P014,Transmission Assembly TA-800,132,11022000,11
C0107,P015,Engine Block EB-600,77,9163000,8
C0107,P016,Radiator RD-250,129,1315800,11
C0107,P017,Fan Belt FB-30,166,86320,15
C0107,P018,Wheel Rim WR-24,137,1548100,12
C0107,P019,Swing Motor SWM-350,117,4656600,10
C0107,P020,Pivot Pin PP-12,98,112700,10
C0107,P021,Boom Cylinder BC-400,107,4943400,9
C0107,P022,Control Valve CV-75,188,3177200,10
C0107,P023,Idler Wheel IW-55,163,2110850,14
C0107,P024,Track Roller TR-60,153,1575900,14
C0107,P025,Cabin Glass CG-20,83,651550,7
C0107,P026,Grease Cartridge GC-5,118,36580,9
C0107,P027,O-Ring Set OR-50,169,81120,14
C0107,P028,Light Assembly LA-18,207,465750,15
C0107,P029,Pressure Sensor PS-90,68,268600,7
C0107,P030,Fuel Pump FP-350,193,4226700,11
C0108,P001,Hydraulic Pump HP-300,123,3013500,10
C0108,P002,Engine Oil Filter OF-90,55,39600,7
C0108,P003,Air Filter AF-120,34,42500,3
C0108,P004,Track Chain TC-45,56,2228800,5
C0108,P005,Fuel Injector FI-220,72,608400,6
C0108,P006,Alternator ALT-500,23,257600,3
C0108,P007,Hydraulic Hose HH-60,22,31900,3
C0108,P008,Bucket Tooth BT-10,110,63800,10
C0108,P009,Starter Motor SM-700,11,163900,2
C0108,P010,Turbocharger TB-900,72,2512800,8
C0108,P011,Hydraulic Cylinder HC-200,51,1407600,8
C0108,P012,Brake Pad BP-40,55,134750,3
C0108,P013,Seal Kit SK-15,49,71050,4
C0108,P014,Transmission Assembly TA-800,94,7849000,5
C0108,P015,Engine Block EB-600,17,2023000,2
C0108,P016,Radiator RD-250,107,1091400,7
C0108,P017,Fan Belt FB-30,50,26000,8
C0108,P018,Wheel Rim WR-24,46,519800,2
C0108,P019,Swing Motor SWM-350,74,2945200,7
C0108,P020,Pivot Pin PP-12,72,82800,6
C0108,P021,Boom Cylinder BC-400,52,2402400,5
C0108,P022,Control Valve CV-75,64,1081600,4
C0108,P023,Idler Wheel IW-55,85,1100750,7
C0108,P024,Track Roller TR-60,71,731300,5
C0108,P025,Cabin Glass CG-20,46,361100,3
C0108,P026,Grease Cartridge GC-5,34,10540,3
C0108,P027,O-Ring Set OR-50,91,43680,6
C0108,P028,Light Assembly LA-18,62,139500,7
C0108,P029,Pressure Sensor PS-90,66,260700,8
C0108,P030,Fuel Pump FP-350,106,2321400,6
C0109,P001,Hydraulic Pump HP-300,76,1862000,9
C0109,P002,Engine Oil Filter OF-90,156,112320,12
C0109,P003,Air Filter AF-120,123,153750,10
C0109,P004,Track Chain TC-45,76,3024800,8
C0109,P005,Fuel Injector FI-220,77,650650,9
C0109,P006,Alternator ALT-500,177,1982400,13
C0109,P007,Hydraulic Hose HH-60,81,117450,6
C0109,P008,Bucket Tooth BT-10,67,38860,7
C0109,P009,Starter Motor SM-700,134,1996600,12
C0109,P010,Turbocharger TB-900,127,4432300,12
C0109,P011,Hydraulic Cylinder HC-200,76,2097600,7
C0109,P012,Brake Pad BP-40,84,205800,9
C0109,P013,Seal Kit SK-15,97,140650,11
C0109,P014,Transmission Assembly TA-800,159,13276500,14
C0109,P015,Engine Block EB-600,49,5831000,7
C0109,P016,Radiator RD-250,132,1346400,11
C0109,P017,Fan Belt FB-30,194,100880,14
C0109,P018,Wheel Rim WR-24,74,836200,9
C0109,P019,Swing Motor SWM-350,37,1472600,5
C0109,P020,Pivot Pin PP-12,172,197800,15
C0109,P021,Boom Cylinder BC-400,172,7946400,12
C0109,P022,Control Valve CV-75,192,3244800,14
C0109,P023,Idler Wheel IW-55,125,1618750,10
C0109,P024,Track Roller TR-60,118,1215400,10
C0109,P025,Cabin Glass CG-20,71,557350,8
C0109,P026,Grease Cartridge GC-5,142,44020,11
C0109,P027,O-Ring Set OR-50,101,48480,9
C0109,P028,Light Assembly LA-18,112,252000,11
C0109,P029,Pressure Sensor PS-90,132,521400,13
C0109,P030,Fuel Pump FP-350,118,2584200,11
C0110,P001,Hydraulic Pump HP-300,140,3430000,10
C0110,P002,Engine Oil Filter OF-90,118,84960,11
C0110,P003,Air Filter AF-120,128,160000,13
C0110,P004,Track Chain TC-45,136,5412800,13
C0110,P005,Fuel Injector FI-220,154,1301300,12
C0110,P006,Alternator ALT-500,89,996800,9
C0110,P007,Hydraulic Hose HH-60,166,240700,15
C0110,P008,Bucket Tooth BT-10,179,103820,13
C0110,P009,Starter Motor SM-700,99,1475100,6
C0110,P010,Turbocharger TB-900,166,5793400,14
C0110,P011,Hydraulic Cylinder HC-200,142,3919200,13
C0110,P012,Brake Pad BP-40,130,318500,13
C0110,P013,Seal Kit SK-15,125,181250,12
C0110,P014,Transmission Assembly TA-800,42,3507000,4
C0110,P015,Engine Block EB-600,190,22610000,13
C0110,P016,Radiator RD-250,106,1081200,9
C0110,P017,Fan Belt FB-30,64,33280,8
C0110,P018,Wheel Rim WR-24,119,1344700,10
C0110,P019,Swing Motor SWM-350,158,6288400,15
C0110,P020,Pivot Pin PP-12,146,167900,11
C0110,P021,Boom Cylinder BC-400,160,7392000,12
C0110,P022,Control Valve CV-75,104,1757600,7
C0110,P023,Idler Wheel IW-55,159,2059050,12
C0110,P024,Track Roller TR-60,69,710700,5
C0110,P025,Cabin Glass CG-20,131,1028350,10
C0110,P026,Grease Cartridge GC-5,173,53630,16
C0110,P027,O-Ring Set OR-50,75,36000,5
C0110,P028,Light Assembly LA-18,120,270000,12
C0110,P029,Pressure Sensor PS-90,99,391050,9
C0110,P030,Fuel Pump FP-350,89,1949100,6
C0111,P001,Hydraulic Pump HP-300,68,1666000,6
C0111,P002,Engine Oil Filter OF-90,211,151920,12
C0111,P003,Air Filter AF-120,78,97500,5
C0111,P004,Track Chain TC-45,72,2865600,6
C0111,P005,Fuel Injector FI-220,29,245050,4
C0111,P006,Alternator ALT-500,124,1388800,9
C0111,P007,Hydraulic Hose HH-60,85,123250,7
C0111,P008,Bucket Tooth BT-10,43,24940,3
C0111,P009,Starter Motor SM-700,92,1370800,9
C0111,P010,Turbocharger TB-900,35,1221500,6
C0111,P011,Hydraulic Cylinder HC-200,64,1766400,4
C0111,P012,Brake Pad BP-40,82,200900,9
C0111,P013,Seal Kit SK-15,130,188500,9
C0111,P014,Transmission Assembly TA-800,88,7348000,7
C0111,P015,Engine Block EB-600,122,14518000,11
C0111,P016,Radiator RD-250,77,785400,7
C0111,P017,Fan Belt FB-30,118,61360,7
C0111,P018,Wheel Rim WR-24,70,791000,6
C0111,P019,Swing Motor SWM-350,82,3263600,9
C0111,P020,Pivot Pin PP-12,122,140300,10
C0111,P021,Boom Cylinder BC-400,15,693000,5
C0111,P022,Control Valve CV-75,129,2180100,9
C0111,P023,Idler Wheel IW-55,75,971250,6
C0111,P024,Track Roller TR-60,76,782800,7
C0111,P025,Cabin Glass CG-20,109,855650,9
C0111,P026,Grease Cartridge GC-5,106,32860,12
C0111,P027,O-Ring Set OR-50,74,35520,7
C0111,P028,Light Assembly LA-18,105,236250,6
C0111,P029,Pressure Sensor PS-90,77,304150,5
C0111,P030,Fuel Pump FP-350,105,2299500,4
C0112,P001,Hydraulic Pump HP-300,37,906500,4
C0112,P002,Engine Oil Filter OF-90,114,82080,9
C0112,P003,Air Filter AF-120,87,108750,9
C0112,P004,Track Chain TC-45,108,4298400,8
C0112,P005,Fuel Injector FI-220,105,887250,10
C0112,P006,Alternator ALT-500,55,616000,8
C0112,P007,Hydraulic Hose HH-60,96,139200,7
C0112,P008,Bucket Tooth BT-10,79,45820,6
C0112,P009,Starter Motor SM-700,54,804600,6
C0112,P010,Turbocharger TB-900,96,3350400,8
C0112,P011,Hydraulic Cylinder HC-200,86,2373600,8
C0112,P012,Brake Pad BP-40,142,347900,12
C0112,P013,Seal Kit SK-15,105,152250,7
C0112,P014,Transmission Assembly TA-800,78,6513000,7
C0112,P015,Engine Block EB-600,91,10829000,9
C0112,P016,Radiator RD-250,115,1173000,7
C0112,P017,Fan Belt FB-30,86,44720,8
C0112,P018,Wheel Rim WR-24,58,655400,5
C0112,P019,Swing Motor SWM-350,91,3621800,8
C0112,P020,Pivot Pin PP-12,82,94300,7
C0112,P021,Boom Cylinder BC-400,67,3095400,7
C0112,P022,Control Valve CV-75,110,1859000,8
C0112,P023,Idler Wheel IW-55,99,1282050,8
C0112,P024,Track Roller TR-60,88,906400,5
C0112,P025,Cabin Glass CG-20,58,455300,6
C0112,P026,Grease Cartridge GC-5,116,35960,9
C0112,P027,O-Ring Set OR-50,69,33120,6
C0112,P028,Light Assembly LA-18,151,339750,11
C0112,P029,Pressure Sensor PS-90,134,529300,10
C0112,P030,Fuel Pump FP-350,67,1467300,8
C0113,P001,Hydraulic Pump HP-300,163,3993500,12
C0113,P002,Engine Oil Filter OF-90,122,87840,11
C0113,P003,Air Filter AF-120,95,118750,8
C0113,P004,Track Chain TC-45,118,4696400,10
C0113,P005,Fuel Injector FI-220,52,439400,5
C0113,P006,Alternator ALT-500,85,952000,7
C0113,P007,Hydraulic Hose HH-60,77,111650,7
C0113,P008,Bucket Tooth BT-10,62,35960,8
C0113,P009,Starter Motor SM-700,146,2175400,11
C0113,P010,Turbocharger TB-900,74,2582600,9
C0113,P011,Hydraulic Cylinder HC-200,150,4140000,12
C0113,P012,Brake Pad BP-40,104,254800,12
C0113,P013,Seal Kit SK-15,75,108750,6
C0113,P014,Transmission Assembly TA-800,213,17785500,15
C0113,P015,Engine Block EB-600,88,10472000,7
C0113,P016,Radiator RD-250,52,530400,5
C0113,P017,Fan Belt FB-30,41,21320,3
C0113,P018,Wheel Rim WR-24,146,1649800,10
C0113,P019,Swing Motor SWM-350,75,2985000,10
C0113,P020,Pivot Pin PP-12,108,124200,9
C0113,P021,Boom Cylinder BC-400,95,4389000,7
C0113,P022,Control Valve CV-75,109,1842100,7
C0113,P023,Idler Wheel IW-55,33,427350,6
C0113,P024,Track Roller TR-60,53,545900,8
C0113,P025,Cabin Glass CG-20,108,847800,11
C0113,P026,Grease Cartridge GC-5,81,25110,10
C0113,P027,O-Ring Set OR-50,80,38400,6
C0113,P028,Light Assembly LA-18,76,171000,8
C0113,P029,Pressure Sensor PS-90,110,434500,10
C0113,P030,Fuel Pump FP-350,150,3285000,13
C0114,P001,Hydraulic Pump HP-300,36,882000,4
C0114,P002,Engine Oil Filter OF-90,129,92880,11
C0114,P003,Air Filter AF-120,86,107500,7
C0114,P004,Track Chain TC-45,59,2348200,6
C0114,P005,Fuel Injector FI-220,134,1132300,9
C0114,P006,Alternator ALT-500,79,884800,6
C0114,P007,Hydraulic Hose HH-60,43,62350,5
C0114,P008,Bucket Tooth BT-10,10,5800,2
C0114,P009,Starter Motor SM-700,99,1475100,8
C0114,P010,Turbocharger TB-900,76,2652400,11
C0114,P011,Hydraulic Cylinder HC-200,177,4885200,15
C0114,P012,Brake Pad BP-40,132,323400,12
C0114,P013,Seal Kit SK-15,29,42050,5
C0114,P014,Transmission Assembly TA-800,59,4926500,6
C0114,P015,Engine Block EB-600,64,7616000,6
C0114,P016,Radiator RD-250,117,1193400,11
C0114,P017,Fan Belt FB-30,117,60840,9
C0114,P018,Wheel Rim WR-24,92,1039600,9
C0114,P019,Swing Motor SWM-350,80,3184000,8
C0114,P020,Pivot Pin PP-12,27,31050,4
C0114,P021,Boom Cylinder BC-400,72,3326400,9
C0114,P022,Control Valve CV-75,93,1571700,6
C0114,P023,Idler Wheel IW-55,81,1048950,7
C0114,P024,Track Roller TR-60,134,1380200,8
C0114,P025,Cabin Glass CG-20,158,1240300,12
C0114,P026,Grease Cartridge GC-5,86,26660,5
C0114,P027,O-Ring Set OR-50,109,52320,8
C0114,P028,Light Assembly LA-18,94,211500,8
C0114,P029,Pressure Sensor PS-90,123,485850,8
C0114,P030,Fuel Pump FP-350,48,1051200,6
C0115,P001,Hydraulic Pump HP-300,120,2940000,8
C0115,P002,Engine Oil Filter OF-90,62,44640,6
C0115,P003,Air Filter AF-120,119,148750,8
C0115,P004,Track Chain TC-45,47,1870600,4
C0115,P005,Fuel Injector FI-220,79,667550,6
C0115,P006,Alternator ALT-500,79,884800,6
C0115,P007,Hydraulic Hose HH-60,119,172550,10
C0115,P008,Bucket Tooth BT-10,89,51620,9
C0115,P009,Starter Motor SM-700,48,715200,5
C0115,P010,Turbocharger TB-900,21,732900,2
C0115,P011,Hydraulic Cylinder HC-200,101,2787600,8
C0115,P012,Brake Pad BP-40,122,298900,9
C0115,P013,Seal Kit SK-15,79,114550,5
C0115,P014,Transmission Assembly TA-800,77,6429500,6
C0115,P015,Engine Block EB-600,57,6783000,6
C0115,P016,Radiator RD-250,30,306000,2
C0115,P017,Fan Belt FB-30,61,31720,7
C0115,P018,Wheel Rim WR-24,29,327700,4
C0115,P019,Swing Motor SWM-350,106,4218800,9
C0115,P020,Pivot Pin PP-12,119,136850,11
C0115,P021,Boom Cylinder BC-400,91,4204200,7
C0115,P022,Control Valve CV-75,39,659100,3
C0115,P023,Idler Wheel IW-55,45,582750,4
C0115,P024,Track Roller TR-60,65,669500,5
C0115,P025,Cabin Glass CG-20,66,518100,6
C0115,P026,Grease Cartridge GC-5,64,19840,8
C0115,P027,O-Ring Set OR-50,46,22080,6
C0115,P028,Light Assembly LA-18,57,128250,5
C0115,P029,Pressure Sensor PS-90,68,268600,6
C0115,P030,Fuel Pump FP-350,72,1576800,5
C0116,P001,Hydraulic Pump HP-300,96,2352000,7
C0116,P002,Engine Oil Filter OF-90,107,77040,8
C0116,P003,Air Filter AF-120,73,91250,8
C0116,P004,Track Chain TC-45,126,5014800,9
C0116,P005,Fuel Injector FI-220,94,794300,7
C0116,P006,Alternator ALT-500,88,985600,7
C0116,P007,Hydraulic Hose HH-60,113,163850,9
C0116,P008,Bucket Tooth BT-10,114,66120,10
C0116,P009,Starter Motor SM-700,126,1877400,8
C0116,P010,Turbocharger TB-900,139,4851100,10
C0116,P011,Hydraulic Cylinder HC-200,57,1573200,5
C0116,P012,Brake Pad BP-40,78,191100,6
C0116,P013,Seal Kit SK-15,125,181250,13
C0116,P014,Transmission Assembly TA-800,69,5761500,8
C0116,P015,Engine Block EB-600,143,17017000,10
C0116,P016,Radiator RD-250,84,856800,7
C0116,P017,Fan Belt FB-30,162,84240,14
C0116,P018,Wheel Rim WR-24,70,791000,6
C0116,P019,Swing Motor SWM-350,78,3104400,8
C0116,P020,Pivot Pin PP-12,55,63250,5
C0116,P021,Boom Cylinder BC-400,131,6052200,10
C0116,P022,Control Valve CV-75,91,1537900,8
C0116,P023,Idler Wheel IW-55,141,1825950,13
C0116,P024,Track Roller TR-60,113,1163900,9
C0116,P025,Cabin Glass CG-20,107,839950,9
C0116,P026,Grease Cartridge GC-5,43,13330,5
C0116,P027,O-Ring Set OR-50,108,51840,9
C0116,P028,Light Assembly LA-18,75,168750,9
C0116,P029,Pressure Sensor PS-90,94,371300,6
C0116,P030,Fuel Pump FP-350,101,2211900,9
C0117,P001,Hydraulic Pump HP-300,142,3479000,12
C0117,P002,Engine Oil Filter OF-90,44,31680,4
C0117,P003,Air Filter AF-120,102,127500,7
C0117,P004,Track Chain TC-45,44,1751200,6
C0117,P005,Fuel Injector FI-220,43,363350,5
C0117,P006,Alternator ALT-500,26,291200,3
C0117,P007,Hydraulic Hose HH-60,90,130500,7
C0117,P008,Bucket Tooth BT-10,104,60320,9
C0117,P009,Starter Motor SM-700,49,730100,6
C0117,P010,Turbocharger TB-900,75,2617500,8
C0117,P011,Hydraulic Cylinder HC-200,107,2953200,8
C0117,P012,Brake Pad BP-40,68,166600,6
C0117,P013,Seal Kit SK-15,15,21750,2
C0117,P014,Transmission Assembly TA-800,77,6429500,7
C0117,P015,Engine Block EB-600,29,3451000,5
C0117,P016,Radiator RD-250,77,785400,7
C0117,P017,Fan Belt FB-30,29,15080,3
C0117,P018,Wheel Rim WR-24,63,711900,6
C0117,P019,Swing Motor SWM-350,104,4139200,8
C0117,P020,Pivot Pin PP-12,74,85100,10
C0117,P021,Boom Cylinder BC-400,65,3003000,5
C0117,P022,Control Valve CV-75,33,557700,2
C0117,P023,Idler Wheel IW-55,72,932400,5
C0117,P024,Track Roller TR-60,47,484100,3
C0117,P025,Cabin Glass CG-20,108,847800,9
C0117,P026,Grease Cartridge GC-5,106,32860,9
C0117,P027,O-Ring Set OR-50,132,63360,8
C0117,P028,Light Assembly LA-18,135,303750,10
C0117,P029,Pressure Sensor PS-90,101,398950,7
C0117,P030,Fuel Pump FP-350,46,1007400,5
C0118,P001,Hydraulic Pump HP-300,34,833000,3
C0118,P002,Engine Oil Filter OF-90,49,35280,3
C0118,P003,Air Filter AF-120,76,95000,6
C0118,P004,Track Chain TC-45,25,995000,2
C0118,P005,Fuel Injector FI-220,118,997100,8
C0118,P006,Alternator ALT-500,101,1131200,9
C0118,P007,Hydraulic Hose HH-60,67,97150,5
C0118,P008,Bucket Tooth BT-10,67,38860,7
C0118,P009,Starter Motor SM-700,99,1475100,10
C0118,P010,Turbocharger TB-900,63,2198700,5
C0118,P011,Hydraulic Cylinder HC-200,61,1683600,6
C0118,P012,Brake Pad BP-40,57,139650,5
C0118,P013,Seal Kit SK-15,74,107300,9
C0118,P014,Transmission Assembly TA-800,71,5928500,6
C0118,P015,Engine Block EB-600,59,7021000,7
C0118,P016,Radiator RD-250,135,1377000,10
C0118,P017,Fan Belt FB-30,85,44200,7
C0118,P018,Wheel Rim WR-24,65,734500,5
C0118,P019,Swing Motor SWM-350,115,4577000,7
C0118,P020,Pivot Pin PP-12,146,167900,10
C0118,P021,Boom Cylinder BC-400,153,7068600,13
C0118,P022,Control Valve CV-75,86,1453400,8
C0118,P023,Idler Wheel IW-55,43,556850,6
C0118,P024,Track Roller TR-60,52,535600,5
C0118,P025,Cabin Glass CG-20,76,596600,8
C0118,P026,Grease Cartridge GC-5,109,33790,9
C0118,P027,O-Ring Set OR-50,125,60000,11
C0118,P028,Light Assembly LA-18,121,272250,8
C0118,P029,Pressure Sensor PS-90,117,462150,8
C0118,P030,Fuel Pump FP-350,100,2190000,7
C0119,P001,Hydraulic Pump HP-300,122,2989000,12
C0119,P002,Engine Oil Filter OF-90,73,52560,6
C0119,P003,Air Filter AF-120,73,91250,7
C0119,P004,Track Chain TC-45,62,2467600,4
C0119,P005,Fuel Injector FI-220,152,1284400,13
C0119,P006,Alternator ALT-500,113,1265600,8
C0119,P007,Hydraulic Hose HH-60,127,184150,9
C0119,P008,Bucket Tooth BT-10,131,75980,10
C0119,P009,Starter Motor SM-700,49,730100,6
C0119,P010,Turbocharger TB-900,161,5618900,11
C0119,P011,Hydraulic Cylinder HC-200,114,3146400,9
C0119,P012,Brake Pad BP-40,59,144550,5
C0119,P013,Seal Kit SK-15,68,98600,7
C0119,P014,Transmission Assembly TA-800,127,10604500,12
C0119,P015,Engine Block EB-600,83,9877000,7
C0119,P016,Radiator RD-250,187,1907400,15
C0119,P017,Fan Belt FB-30,127,66040,10
C0119,P018,Wheel Rim WR-24,154,1740200,12
C0119,P019,Swing Motor SWM-350,113,4497400,12
C0119,P020,Pivot Pin PP-12,119,136850,10
C0119,P021,Boom Cylinder BC-400,146,6745200,15
C0119,P022,Control Valve CV-75,183,3092700,14
C0119,P023,Idler Wheel IW-55,192,2486400,15
C0119,P024,Track Roller TR-60,181,1864300,10
C0119,P025,Cabin Glass CG-20,213,1672050,15
C0119,P026,Grease Cartridge GC-5,143,44330,10
C0119,P027,O-Ring Set OR-50,79,37920,11
C0119,P028,Light Assembly LA-18,68,153000,5
C0119,P029,Pressure Sensor PS-90,72,284400,9
C0119,P030,Fuel Pump FP-350,114,2496600,8
C0120,P001,Hydraulic Pump HP-300,45,1102500,3
C0120,P002,Engine Oil Filter OF-90,97,69840,9
C0120,P003,Air Filter AF-120,99,123750,7
C0120,P004,Track Chain TC-45,39,1552200,4
C0120,P005,Fuel Injector FI-220,106,895700,10
C0120,P006,Alternator ALT-500,84,940800,7
C0120,P007,Hydraulic Hose HH-60,144,208800,10
C0120,P008,Bucket Tooth BT-10,107,62060,8
C0120,P009,Starter Motor SM-700,39,581100,5
C0120,P010,Turbocharger TB-900,103,3594700,8
C0120,P011,Hydraulic Cylinder HC-200,81,2235600,6
C0120,P012,Brake Pad BP-40,50,122500,6
C0120,P013,Seal Kit SK-15,52,75400,4
C0120,P014,Transmission Assembly TA-800,70,5845000,5
C0120,P015,Engine Block EB-600,49,5831000,5
C0120,P016,Radiator RD-250,90,918000,7
C0120,P017,Fan Belt FB-30,71,36920,9
C0120,P018,Wheel Rim WR-24,65,734500,8
C0120,P019,Swing Motor SWM-350,81,3223800,7
C0120,P020,Pivot Pin PP-12,63,72450,7
C0120,P021,Boom Cylinder BC-400,105,4851000,8
C0120,P022,Control Valve CV-75,112,1892800,9
C0120,P023,Idler Wheel IW-55,137,1774150,9
C0120,P024,Track Roller TR-60,102,1050600,7
C0120,P025,Cabin Glass CG-20,57,447450,4
C0120,P026,Grease Cartridge GC-5,90,27900,5
C0120,P027,O-Ring Set OR-50,66,31680,7
C0120,P028,Light Assembly LA-18,121,272250,9
C0120,P029,Pressure Sensor PS-90,114,450300,6
C0120,P030,Fuel Pump FP-350,95,2080500,6
C0121,P001,Hydraulic Pump HP-300,30,735000,4
C0121,P002,Engine Oil Filter OF-90,90,64800,8
C0121,P003,Air Filter AF-120,48,60000,4
C0121,P004,Track Chain TC-45,121,4815800,9
C0121,P005,Fuel Injector FI-220,43,363350,4
C0121,P006,Alternator ALT-500,64,716800,5
C0121,P007,Hydraulic Hose HH-60,75,108750,10
C0121,P008,Bucket Tooth BT-10,26,15080,3
C0121,P009,Starter Motor SM-700,30,447000,5
C0121,P010,Turbocharger TB-900,66,2303400,7
C0121,P011,Hydraulic Cylinder HC-200,48,1324800,6
C0121,P012,Brake Pad BP-40,95,232750,10
C0121,P013,Seal Kit SK-15,98,142100,10
C0121,P014,Transmission Assembly TA-800,70,5845000,5
C0121,P015,Engine Block EB-600,90,10710000,5
C0121,P016,Radiator RD-250,70,714000,6
C0121,P017,Fan Belt FB-30,56,29120,5
C0121,P018,Wheel Rim WR-24,47,531100,4
C0121,P019,Swing Motor SWM-350,26,1034800,4
C0121,P020,Pivot Pin PP-12,44,50600,4
C0121,P021,Boom Cylinder BC-400,85,3927000,8
C0121,P022,Control Valve CV-75,61,1030900,5
C0121,P023,Idler Wheel IW-55,75,971250,6
C0121,P024,Track Roller TR-60,61,628300,5
C0121,P025,Cabin Glass CG-20,57,447450,7
C0121,P026,Grease Cartridge GC-5,102,31620,7
C0121,P027,O-Ring Set OR-50,83,39840,7
C0121,P028,Light Assembly LA-18,74,166500,6
C0121,P029,Pressure Sensor PS-90,83,327850,6
C0121,P030,Fuel Pump FP-350,60,1314000,3
C0122,P001,Hydraulic Pump HP-300,28,686000,3
C0122,P002,Engine Oil Filter OF-90,87,62640,7
C0122,P003,Air Filter AF-120,105,131250,7
C0122,P004,Track Chain TC-45,83,3303400,9
C0122,P005,Fuel Injector FI-220,55,464750,8
C0122,P006,Alternator ALT-500,98,1097600,9
C0122,P008,Bucket Tooth BT-10,91,52780,9
C0122,P009,Starter Motor SM-700,44,655600,4
C0122,P010,Turbocharger TB-900,56,1954400,5
C0122,P011,Hydraulic Cylinder HC-200,77,2125200,6
C0122,P012,Brake Pad BP-40,123,301350,10
C0122,P013,Seal Kit SK-15,103,149350,7
C0122,P014,Transmission Assembly TA-800,92,7682000,7
C0122,P015,Engine Block EB-600,49,5831000,4
C0122,P016,Radiator RD-250,48,489600,6
C0122,P017,Fan Belt FB-30,37,19240,6
C0122,P018,Wheel Rim WR-24,50,565000,3
C0122,P019,Swing Motor SWM-350,96,3820800,8
C0122,P020,Pivot Pin PP-12,45,51750,6
C0122,P021,Boom Cylinder BC-400,127,5867400,8
C0122,P022,Control Valve CV-75,117,1977300,9
C0122,P023,Idler Wheel IW-55,79,1023050,6
C0122,P024,Track Roller TR-60,87,896100,8
C0122,P025,Cabin Glass CG-20,103,808550,10
C0122,P026,Grease Cartridge GC-5,69,21390,6
C0122,P027,O-Ring Set OR-50,55,26400,6
C0122,P028,Light Assembly LA-18,61,137250,5
C0122,P029,Pressure Sensor PS-90,88,347600,6
C0122,P030,Fuel Pump FP-350,80,1752000,6
C0123,P001,Hydraulic Pump HP-300,112,2744000,8
C0123,P002,Engine Oil Filter OF-90,97,69840,8
C0123,P003,Air Filter AF-120,101,126250,9
C0123,P004,Track Chain TC-45,55,2189000,7
C0123,P005,Fuel Injector FI-220,101,853450,8
C0123,P006,Alternator ALT-500,67,750400,5
C0123,P007,Hydraulic Hose HH-60,114,165300,9
C0123,P008,Bucket Tooth BT-10,87,50460,7
C0123,P009,Starter Motor SM-700,67,998300,5
C0123,P010,Turbocharger TB-900,33,1151700,5
C0123,P011,Hydraulic Cylinder HC-200,126,3477600,10
C0123,P012,Brake Pad BP-40,51,124950,5
C0123,P013,Seal Kit SK-15,44,63800,4
C0123,P014,Transmission Assembly TA-800,139,11606500,9
C0123,P015,Engine Block EB-600,114,13566000,10
C0123,P016,Radiator RD-250,74,754800,7
C0123,P017,Fan Belt FB-30,158,82160,13
C0123,P018,Wheel Rim WR-24,108,1220400,10
C0123,P019,Swing Motor SWM-350,144,5731200,10
C0123,P020,Pivot Pin PP-12,40,46000,6
C0123,P021,Boom Cylinder BC-400,30,1386000,3
C0123,P022,Control Valve CV-75,123,2078700,10
C0123,P023,Idler Wheel IW-55,95,1230250,9
C0123,P024,Track Roller TR-60,121,1246300,9
C0123,P025,Cabin Glass CG-20,61,478850,7
C0123,P026,Grease Cartridge GC-5,56,17360,5
C0123,P027,O-Ring Set OR-50,26,12480,5
C0123,P028,Light Assembly LA-18,114,256500,7
C0123,P029,Pressure Sensor PS-90,103,406850,7
C0123,P030,Fuel Pump FP-350,100,2190000,10
C0124,P001,Hydraulic Pump HP-300,119,2915500,9
C0124,P002,Engine Oil Filter OF-90,165,118800,14
C0124,P003,Air Filter AF-120,69,86250,7
C0124,P004,Track Chain TC-45,146,5810800,12
C0124,P005,Fuel Injector FI-220,57,481650,7
C0124,P006,Alternator ALT-500,121,1355200,9
C0124,P007,Hydraulic Hose HH-60,147,213150,14
C0124,P008,Bucket Tooth BT-10,124,71920,11
C0124,P009,Starter Motor SM-700,121,1802900,10
C0124,P010,Turbocharger TB-900,99,3455100,11
C0124,P011,Hydraulic Cylinder HC-200,80,2208000,8
C0124,P012,Brake Pad BP-40,90,220500,8
C0124,P013,Seal Kit SK-15,112,162400,11
C0124,P014,Transmission Assembly TA-800,75,6262500,7
C0124,P015,Engine Block EB-600,54,6426000,4
C0124,P016,Radiator RD-250,80,816000,10
C0124,P017,Fan Belt FB-30,201,104520,16
C0124,P018,Wheel Rim WR-24,145,1638500,13
C0124,P019,Swing Motor SWM-350,109,4338200,8
C0124,P020,Pivot Pin PP-12,194,223100,12
C0124,P021,Boom Cylinder BC-400,98,4527600,10
C0124,P022,Control Valve CV-75,76,1284400,6
C0124,P023,Idler Wheel IW-55,71,919450,8
C0124,P024,Track Roller TR-60,146,1503800,11
C0124,P025,Cabin Glass CG-20,92,722200,10
C0124,P026,Grease Cartridge GC-5,107,33170,8
C0124,P027,O-Ring Set OR-50,113,54240,8
C0124,P028,Light Assembly LA-18,90,202500,7
C0124,P029,Pressure Sensor PS-90,105,414750,10
C0124,P030,Fuel Pump FP-350,135,2956500,11
C0125,P001,Hydraulic Pump HP-300,44,1078000,4
C0125,P002,Engine Oil Filter OF-90,39,28080,6
C0125,P003,Air Filter AF-120,36,45000,4
C0125,P004,Track Chain TC-45,74,2945200,5
C0125,P005,Fuel Injector FI-220,53,447850,6
C0125,P006,Alternator ALT-500,78,873600,8
C0125,P007,Hydraulic Hose HH-60,70,101500,6
C0125,P008,Bucket Tooth BT-10,34,19720,2
C0125,P009,Starter Motor SM-700,81,1206900,7
C0125,P010,Turbocharger TB-900,108,3769200,10
C0125,P011,Hydraulic Cylinder HC-200,70,1932000,6
C0125,P012,Brake Pad BP-40,108,264600,8
C0125,P013,Seal Kit SK-15,72,104400,8
C0125,P014,Transmission Assembly TA-800,50,4175000,6
C0125,P015,Engine Block EB-600,73,8687000,6
C0125,P016,Radiator RD-250,84,856800,7
C0125,P017,Fan Belt FB-30,76,39520,8
C0125,P018,Wheel Rim WR-24,72,813600,5
C0125,P019,Swing Motor SWM-350,90,3582000,8
C0125,P020,Pivot Pin PP-12,45,51750,5
C0125,P021,Boom Cylinder BC-400,35,1617000,5
C0125,P022,Control Valve CV-75,70,1183000,9
C0125,P023,Idler Wheel IW-55,80,1036000,7
C0125,P024,Track Roller TR-60,73,751900,6
C0125,P025,Cabin Glass CG-20,55,431750,4
C0125,P026,Grease Cartridge GC-5,50,15500,4
C0125,P027,O-Ring Set OR-50,92,44160,6
C0125,P028,Light Assembly LA-18,76,171000,4
C0125,P029,Pressure Sensor PS-90,57,225150,6
C0125,P030,Fuel Pump FP-350,91,1992900,8
C0126,P001,Hydraulic Pump HP-300,74,1813000,8
C0126,P002,Engine Oil Filter OF-90,97,69840,6
C0126,P003,Air Filter AF-120,34,42500,4
C0126,P004,Track Chain TC-45,62,2467600,4
C0126,P005,Fuel Injector FI-220,30,253500,4
C0126,P006,Alternator ALT-500,132,1478400,8
C0126,P007,Hydraulic Hose HH-60,99,143550,9
C0126,P008,Bucket Tooth BT-10,108,62640,8
C0126,P009,Starter Motor SM-700,92,1370800,8
C0126,P010,Turbocharger TB-900,178,6212200,14
C0126,P011,Hydraulic Cylinder HC-200,64,1766400,6
C0126,P012,Brake Pad BP-40,88,215600,7
C0126,P013,Seal Kit SK-15,44,63800,5
C0126,P014,Transmission Assembly TA-800,97,8099500,10
C0126,P015,Engine Block EB-600,145,17255000,10
C0126,P016,Radiator RD-250,92,938400,7
C0126,P017,Fan Belt FB-30,71,36920,7
C0126,P018,Wheel Rim WR-24,71,802300,6
C0126,P019,Swing Motor SWM-350,27,1074600,3
C0126,P020,Pivot Pin PP-12,119,136850,12
C0126,P021,Boom Cylinder BC-400,121,5590200,7
C0126,P022,Control Valve CV-75,76,1284400,8
C0126,P023,Idler Wheel IW-55,46,595700,5
C0126,P024,Track Roller TR-60,123,1266900,10
C0126,P025,Cabin Glass CG-20,105,824250,7
C0126,P026,Grease Cartridge GC-5,168,52080,12
C0126,P027,O-Ring Set OR-50,89,42720,11
C0126,P028,Light Assembly LA-18,77,173250,9
C0126,P029,Pressure Sensor PS-90,46,181700,4
C0126,P030,Fuel Pump FP-350,46,1007400,2
C0127,P001,Hydraulic Pump HP-300,127,3111500,10
C0127,P002,Engine Oil Filter OF-90,46,33120,4
C0127,P003,Air Filter AF-120,65,81250,6
C0127,P004,Track Chain TC-45,115,4577000,10
C0127,P005,Fuel Injector FI-220,127,1073150,11
C0127,P006,Alternator ALT-500,63,705600,7
C0127,P007,Hydraulic Hose HH-60,49,71050,2
C0127,P008,Bucket Tooth BT-10,74,42920,5
C0127,P009,Starter Motor SM-700,83,1236700,4
C0127,P010,Turbocharger TB-900,94,3280600,7
C0127,P011,Hydraulic Cylinder HC-200,132,3643200,9
C0127,P012,Brake Pad BP-40,78,191100,7
C0127,P013,Seal Kit SK-15,82,118900,8
C0127,P014,Transmission Assembly TA-800,103,8600500,9
C0127,P015,Engine Block EB-600,35,4165000,4
C0127,P016,Radiator RD-250,51,520200,3
C0127,P017,Fan Belt FB-30,64,33280,6
C0127,P018,Wheel Rim WR-24,35,395500,7
C0127,P019,Swing Motor SWM-350,68,2706400,5
C0127,P020,Pivot Pin PP-12,91,104650,7
C0127,P021,Boom Cylinder BC-400,68,3141600,6
C0127,P022,Control Valve CV-75,27,456300,3
C0127,P023,Idler Wheel IW-55,97,1256150,7
C0127,P024,Track Roller TR-60,61,628300,5
C0127,P025,Cabin Glass CG-20,176,1381600,9
C0127,P026,Grease Cartridge GC-5,99,30690,8
C0127,P027,O-Ring Set OR-50,53,25440,4
C0127,P028,Light Assembly LA-18,64,144000,6
C0127,P029,Pressure Sensor PS-90,92,363400,9
C0127,P030,Fuel Pump FP-350,67,1467300,6
C0128,P001,Hydraulic Pump HP-300,57,1396500,5
C0128,P002,Engine Oil Filter OF-90,95,68400,8
C0128,P003,Air Filter AF-120,156,195000,8
C0128,P004,Track Chain TC-45,111,4417800,10
C0128,P005,Fuel Injector FI-220,113,954850,8
C0128,P006,Alternator ALT-500,102,1142400,8
C0128,P007,Hydraulic Hose HH-60,92,133400,9
C0128,P008,Bucket Tooth BT-10,108,62640,10
C0128,P009,Starter Motor SM-700,89,1326100,7
C0128,P010,Turbocharger TB-900,193,6735700,13
C0128,P011,Hydraulic Cylinder HC-200,121,3339600,8
C0128,P012,Brake Pad BP-40,66,161700,3
C0128,P013,Seal Kit SK-15,69,100050,4
C0128,P014,Transmission Assembly TA-800,51,4258500,4
C0128,P015,Engine Block EB-600,152,18088000,12
C0128,P016,Radiator RD-250,100,1020000,8
C0128,P017,Fan Belt FB-30,69,35880,8
C0128,P018,Wheel Rim WR-24,41,463300,5
C0128,P019,Swing Motor SWM-350,64,2547200,5
C0128,P020,Pivot Pin PP-12,48,55200,7
C0128,P021,Boom Cylinder BC-400,110,5082000,10
C0128,P022,Control Valve CV-75,92,1554800,9
C0128,P023,Idler Wheel IW-55,103,1333850,9
C0128,P024,Track Roller TR-60,80,824000,9
C0128,P025,Cabin Glass CG-20,88,690800,8
C0128,P026,Grease Cartridge GC-5,67,20770,4
C0128,P027,O-Ring Set OR-50,84,40320,9
C0128,P028,Light Assembly LA-18,65,146250,8
C0128,P029,Pressure Sensor PS-90,69,272550,6
C0128,P030,Fuel Pump FP-350,42,919800,6
C0129,P001,Hydraulic Pump HP-300,75,1837500,9
C0129,P002,Engine Oil Filter OF-90,113,81360,10
C0129,P003,Air Filter AF-120,175,218750,12
C0129,P004,Track Chain TC-45,71,2825800,6
C0129,P005,Fuel Injector FI-220,145,1225250,11
C0129,P006,Alternator ALT-500,122,1366400,10
C0129,P007,Hydraulic Hose HH-60,99,143550,10
C0129,P008,Bucket Tooth BT-10,71,41180,7
C0129,P009,Starter Motor SM-700,94,1400600,9
C0129,P010,Turbocharger TB-900,120,4188000,9
C0129,P011,Hydraulic Cylinder HC-200,173,4774800,10
C0129,P012,Brake Pad BP-40,69,169050,7
C0129,P013,Seal Kit SK-15,103,149350,8
C0129,P014,Transmission Assembly TA-800,176,14696000,10
C0129,P015,Engine Block EB-600,90,10710000,7
C0129,P016,Radiator RD-250,113,1152600,11
C0129,P017,Fan Belt FB-30,34,17680,2
C0129,P018,Wheel Rim WR-24,64,723200,6
C0129,P019,Swing Motor SWM-350,139,5532200,14
C0129,P020,Pivot Pin PP-12,86,98900,6
C0129,P021,Boom Cylinder BC-400,113,5220600,9
C0129,P022,Control Valve CV-75,138,2332200,11
C0129,P023,Idler Wheel IW-55,51,660450,7
C0129,P024,Track Roller TR-60,88,906400,7
C0129,P025,Cabin Glass CG-20,123,965550,8
C0129,P026,Grease Cartridge GC-5,133,41230,11
C0129,P027,O-Ring Set OR-50,114,54720,9
C0129,P028,Light Assembly LA-18,126,283500,7
C0129,P029,Pressure Sensor PS-90,51,201450,5
C0129,P030,Fuel Pump FP-350,122,2671800,9
C0130,P001,Hydraulic Pump HP-300,74,1813000,7
C0130,P002,Engine Oil Filter OF-90,103,74160,9
C0130,P003,Air Filter AF-120,140,175000,9
C0130,P004,Track Chain TC-45,54,2149200,5
C0130,P005,Fuel Injector FI-220,36,304200,6
C0130,P006,Alternator ALT-500,121,1355200,10
C0130,P007,Hydraulic Hose HH-60,110,159500,10
C0130,P008,Bucket Tooth BT-10,60,34800,6
C0130,P009,Starter Motor SM-700,56,834400,7
C0130,P010,Turbocharger TB-900,56,1954400,5
C0130,P011,Hydraulic Cylinder HC-200,122,3367200,9
C0130,P012,Brake Pad BP-40,40,98000,3
C0130,P013,Seal Kit SK-15,74,107300,9
C0130,P014,Transmission Assembly TA-800,88,7348000,10
C0130,P015,Engine Block EB-600,110,13090000,7
C0130,P016,Radiator RD-250,49,499800,4
C0130,P017,Fan Belt FB-30,107,55640,10
C0130,P018,Wheel Rim WR-24,125,1412500,10
C0130,P019,Swing Motor SWM-350,105,4179000,7
C0130,P020,Pivot Pin PP-12,101,116150,7
C0130,P021,Boom Cylinder BC-400,43,1986600,4
C0130,P022,Control Valve CV-75,101,1706900,9
C0130,P023,Idler Wheel IW-55,47,608650,5
C0130,P024,Track Roller TR-60,45,463500,6
C0130,P025,Cabin Glass CG-20,83,651550,6
C0130,P026,Grease Cartridge GC-5,90,27900,7
C0130,P027,O-Ring Set OR-50,160,76800,10
C0130,P028,Light Assembly LA-18,107,240750,10
C0130,P029,Pressure Sensor PS-90,156,616200,12
C0130,P030,Fuel Pump FP-350,103,2255700,8
C0131,P001,Hydraulic Pump HP-300,143,3503500,13
C0131,P002,Engine Oil Filter OF-90,57,41040,6
C0131,P003,Air Filter AF-120,75,93750,8
C0131,P004,Track Chain TC-45,67,2666600,6
C0131,P005,Fuel Injector FI-220,80,676000,8
C0131,P006,Alternator ALT-500,100,1120000,8
C0131,P007,Hydraulic Hose HH-60,101,146450,8
C0131,P008,Bucket Tooth BT-10,115,66700,10
C0131,P009,Starter Motor SM-700,161,2398900,10
C0131,P010,Turbocharger TB-900,135,4711500,8
C0131,P011,Hydraulic Cylinder HC-200,69,1904400,5
C0131,P012,Brake Pad BP-40,113,276850,11
C0131,P013,Seal Kit SK-15,88,127600,7
C0131,P014,Transmission Assembly TA-800,150,12525000,10
C0131,P015,Engine Block EB-600,74,8806000,7
C0131,P016,Radiator RD-250,82,836400,9
C0131,P017,Fan Belt FB-30,128,66560,8
C0131,P018,Wheel Rim WR-24,76,858800,7
C0131,P019,Swing Motor SWM-350,111,4417800,8
C0131,P020,Pivot Pin PP-12,163,187450,10
C0131,P021,Boom Cylinder BC-400,114,5266800,11
C0131,P022,Control Valve CV-75,80,1352000,6
C0131,P023,Idler Wheel IW-55,71,919450,8
C0131,P024,Track Roller TR-60,48,494400,5
C0131,P025,Cabin Glass CG-20,58,455300,5
C0131,P026,Grease Cartridge GC-5,55,17050,4
C0131,P027,O-Ring Set OR-50,87,41760,7
C0131,P028,Light Assembly LA-18,128,288000,10
C0131,P029,Pressure Sensor PS-90,10,39500,2
C0131,P030,Fuel Pump FP-350,153,3350700,7
C0132,P001,Hydraulic Pump HP-300,108,2646000,8
C0132,P002,Engine Oil Filter OF-90,127,91440,7
C0132,P003,Air Filter AF-120,72,90000,6
C0132,P004,Track Chain TC-45,89,3542200,8
C0132,P005,Fuel Injector FI-220,78,659100,6
C0132,P006,Alternator ALT-500,92,1030400,8
C0132,P007,Hydraulic Hose HH-60,113,163850,11
C0132,P008,Bucket Tooth BT-10,88,51040,8
C0132,P009,Starter Motor SM-700,124,1847600,8
C0132,P010,Turbocharger TB-900,38,1326200,4
C0132,P011,Hydraulic Cylinder HC-200,78,2152800,5
C0132,P012,Brake Pad BP-40,28,68600,3
C0132,P013,Seal Kit SK-15,116,168200,9
C0132,P014,Transmission Assembly TA-800,58,4843000,5
C0132,P015,Engine Block EB-600,82,9758000,7
C0132,P016,Radiator RD-250,106,1081200,8
C0132,P017,Fan Belt FB-30,26,13520,3
C0132,P018,Wheel Rim WR-24,62,700600,6
C0132,P019,Swing Motor SWM-350,29,1154200,3
C0132,P020,Pivot Pin PP-12,50,57500,4
C0132,P021,Boom Cylinder BC-400,43,1986600,5
C0132,P022,Control Valve CV-75,89,1504100,11
C0132,P023,Idler Wheel IW-55,59,764050,8
C0132,P024,Track Roller TR-60,102,1050600,9
C0132,P025,Cabin Glass CG-20,105,824250,10
C0132,P026,Grease Cartridge GC-5,17,5270,2
C0132,P027,O-Ring Set OR-50,100,48000,6
C0132,P028,Light Assembly LA-18,142,319500,9
C0132,P029,Pressure Sensor PS-90,127,501650,12
C0132,P030,Fuel Pump FP-350,71,1554900,7
C0133,P001,Hydraulic Pump HP-300,59,1445500,7
C0133,P002,Engine Oil Filter OF-90,52,37440,5
C0133,P003,Air Filter AF-120,24,30000,5
C0133,P004,Track Chain TC-45,43,1711400,3
C0133,P005,Fuel Injector FI-220,52,439400,4
C0133,P006,Alternator ALT-500,52,582400,5
C0133,P007,Hydraulic Hose HH-60,146,211700,11
C0133,P008,Bucket Tooth BT-10,46,26680,4
C0133,P009,Starter Motor SM-700,41,610900,5
C0133,P010,Turbocharger TB-900,33,1151700,4
C0133,P011,Hydraulic Cylinder HC-200,84,2318400,7
C0133,P012,Brake Pad BP-40,16,39200,2
C0133,P013,Seal Kit SK-15,23,33350,2
C0133,P014,Transmission Assembly TA-800,88,7348000,7
C0133,P015,Engine Block EB-600,78,9282000,7
C0133,P016,Radiator RD-250,79,805800,6
C0133,P017,Fan Belt FB-30,39,20280,3
C0133,P018,Wheel Rim WR-24,64,723200,6
C0133,P019,Swing Motor SWM-350,123,4895400,10
C0133,P020,Pivot Pin PP-12,43,49450,4
C0133,P021,Boom Cylinder BC-400,109,5035800,8
C0133,P022,Control Valve CV-75,126,2129400,7
C0133,P023,Idler Wheel IW-55,74,958300,5
C0133,P024,Track Roller TR-60,96,988800,8
C0133,P025,Cabin Glass CG-20,8,62800,1
C0133,P026,Grease Cartridge GC-5,125,38750,9
C0133,P027,O-Ring Set OR-50,90,43200,6
C0133,P028,Light Assembly LA-18,54,121500,6
C0133,P029,Pressure Sensor PS-90,106,418700,9
C0133,P030,Fuel Pump FP-350,57,1248300,5
C0134,P001,Hydraulic Pump HP-300,180,4410000,17
C0134,P002,Engine Oil Filter OF-90,100,72000,11
C0134,P003,Air Filter AF-120,106,132500,9
C0134,P004,Track Chain TC-45,154,6129200,17
C0134,P005,Fuel Injector FI-220,80,676000,8
C0134,P006,Alternator ALT-500,54,604800,7
C0134,P007,Hydraulic Hose HH-60,173,250850,12
C0134,P008,Bucket Tooth BT-10,145,84100,9
C0134,P009,Starter Motor SM-700,143,2130700,15
C0134,P010,Turbocharger TB-900,182,6351800,15
C0134,P011,Hydraulic Cylinder HC-200,92,2539200,10
C0134,P012,Brake Pad BP-40,236,578200,19
C0134,P013,Seal Kit SK-15,106,153700,10
C0134,P014,Transmission Assembly TA-800,96,8016000,9
C0134,P015,Engine Block EB-600,151,17969000,13
C0134,P016,Radiator RD-250,198,2019600,14
C0134,P017,Fan Belt FB-30,220,114400,16
C0134,P018,Wheel Rim WR-24,123,1389900,9
C0134,P019,Swing Motor SWM-350,175,6965000,13
C0134,P020,Pivot Pin PP-12,87,100050,7
C0134,P021,Boom Cylinder BC-400,97,4481400,10
C0134,P022,Control Valve CV-75,98,1656200,8
C0134,P023,Idler Wheel IW-55,100,1295000,9
C0134,P024,Track Roller TR-60,140,1442000,13
C0134,P025,Cabin Glass CG-20,132,1036200,10
C0134,P026,Grease Cartridge GC-5,143,44330,13
C0134,P027,O-Ring Set OR-50,99,47520,9
C0134,P028,Light Assembly LA-18,114,256500,10
C0134,P029,Pressure Sensor PS-90,116,458200,8
C0134,P030,Fuel Pump FP-350,23,503700,4
C0135,P001,Hydraulic Pump HP-300,102,2499000,7
C0135,P002,Engine Oil Filter OF-90,78,56160,9
C0135,P003,Air Filter AF-120,127,158750,10
C0135,P004,Track Chain TC-45,120,4776000,10
C0135,P005,Fuel Injector FI-220,123,1039350,10
C0135,P006,Alternator ALT-500,57,638400,7
C0135,P007,Hydraulic Hose HH-60,87,126150,7
C0135,P008,Bucket Tooth BT-10,178,103240,12
C0135,P009,Starter Motor SM-700,136,2026400,10
C0135,P010,Turbocharger TB-900,156,5444400,10
C0135,P011,Hydraulic Cylinder HC-200,143,3946800,11
C0135,P012,Brake Pad BP-40,130,318500,8
C0135,P013,Seal Kit SK-15,114,165300,8
C0135,P014,Transmission Assembly TA-800,139,11606500,14
C0135,P015,Engine Block EB-600,85,10115000,8
C0135,P016,Radiator RD-250,52,530400,6
C0135,P017,Fan Belt FB-30,108,56160,10
C0135,P018,Wheel Rim WR-24,71,802300,8
C0135,P019,Swing Motor SWM-350,136,5412800,14
C0135,P020,Pivot Pin PP-12,148,170200,12
C0135,P021,Boom Cylinder BC-400,106,4897200,11
C0135,P022,Control Valve CV-75,147,2484300,14
C0135,P023,Idler Wheel IW-55,63,815850,5
C0135,P024,Track Roller TR-60,69,710700,6
C0135,P025,Cabin Glass CG-20,113,887050,9
C0135,P026,Grease Cartridge GC-5,48,14880,4
C0135,P027,O-Ring Set OR-50,73,35040,8
C0135,P028,Light Assembly LA-18,76,171000,8
C0135,P029,Pressure Sensor PS-90,114,450300,11
C0135,P030,Fuel Pump FP-350,46,1007400,5
C0136,P001,Hydraulic Pump HP-300,79,1935500,6
C0136,P002,Engine Oil Filter OF-90,164,118080,10
C0136,P003,Air Filter AF-120,98,122500,8
C0136,P004,Track Chain TC-45,52,2069600,5
C0136,P005,Fuel Injector FI-220,53,447850,6
C0136,P006,Alternator ALT-500,50,560000,5
C0136,P007,Hydraulic Hose HH-60,108,156600,10
C0136,P008,Bucket Tooth BT-10,46,26680,6
C0136,P009,Starter Motor SM-700,76,1132400,7
C0136,P010,Turbocharger TB-900,53,1849700,7
C0136,P011,Hydraulic Cylinder HC-200,63,1738800,5
C0136,P012,Brake Pad BP-40,63,154350,6
C0136,P013,Seal Kit SK-15,85,123250,6
C0136,P014,Transmission Assembly TA-800,26,2171000,4
C0136,P015,Engine Block EB-600,82,9758000,5
C0136,P016,Radiator RD-250,55,561000,6
C0136,P017,Fan Belt FB-30,127,66040,11
C0136,P018,Wheel Rim WR-24,110,1243000,8
C0136,P019,Swing Motor SWM-350,108,4298400,9
C0136,P020,Pivot Pin PP-12,90,103500,7
C0136,P021,Boom Cylinder BC-400,140,6468000,9
C0136,P022,Control Valve CV-75,115,1943500,8
C0136,P023,Idler Wheel IW-55,32,414400,4
C0136,P024,Track Roller TR-60,75,772500,6
C0136,P025,Cabin Glass CG-20,93,730050,7
C0136,P026,Grease Cartridge GC-5,75,23250,7
C0136,P027,O-Ring Set OR-50,20,9600,5
C0136,P028,Light Assembly LA-18,112,252000,10
C0136,P029,Pressure Sensor PS-90,92,363400,5
C0136,P030,Fuel Pump FP-350,69,1511100,6
C0137,P001,Hydraulic Pump HP-300,72,1764000,7
C0137,P002,Engine Oil Filter OF-90,73,52560,8
C0137,P003,Air Filter AF-120,16,20000,3
C0137,P004,Track Chain TC-45,60,2388000,6
C0137,P005,Fuel Injector FI-220,40,338000,4
C0137,P006,Alternator ALT-500,69,772800,5
C0137,P007,Hydraulic Hose HH-60,54,78300,4
C0137,P008,Bucket Tooth BT-10,109,63220,8
C0137,P009,Starter Motor SM-700,119,1773100,9
C0137,P010,Turbocharger TB-900,134,4676600,9
C0137,P011,Hydraulic Cylinder HC-200,50,1380000,4
C0137,P012,Brake Pad BP-40,75,183750,5
C0137,P013,Seal Kit SK-15,32,46400,3
C0137,P014,Transmission Assembly TA-800,103,8600500,5
C0137,P015,Engine Block EB-600,94,11186000,8
C0137,P016,Radiator RD-250,58,591600,5
C0137,P017,Fan Belt FB-30,106,55120,6
C0137,P018,Wheel Rim WR-24,44,497200,3
C0137,P019,Swing Motor SWM-350,83,3303400,6
C0137,P020,Pivot Pin PP-12,39,44850,4
C0137,P021,Boom Cylinder BC-400,56,2587200,5
C0137,P022,Control Valve CV-75,69,1166100,7
C0137,P023,Idler Wheel IW-55,75,971250,5
C0137,P024,Track Roller TR-60,32,329600,4
C0137,P025,Cabin Glass CG-20,83,651550,5
C0137,P026,Grease Cartridge GC-5,88,27280,6
C0137,P027,O-Ring Set OR-50,91,43680,6
C0137,P028,Light Assembly LA-18,56,126000,4
C0137,P029,Pressure Sensor PS-90,75,296250,6
C0137,P030,Fuel Pump FP-350,39,854100,4
C0138,P001,Hydraulic Pump HP-300,133,3258500,13
C0138,P002,Engine Oil Filter OF-90,118,84960,8
C0138,P003,Air Filter AF-120,76,95000,6
C0138,P004,Track Chain TC-45,90,3582000,8
C0138,P005,Fuel Injector FI-220,87,735150,8
C0138,P006,Alternator ALT-500,178,1993600,12
C0138,P007,Hydraulic Hose HH-60,47,68150,5
C0138,P008,Bucket Tooth BT-10,100,58000,10
C0138,P009,Starter Motor SM-700,113,1683700,10
C0138,P010,Turbocharger TB-900,127,4432300,8
C0138,P011,Hydraulic Cylinder HC-200,99,2732400,8
C0138,P012,Brake Pad BP-40,70,171500,6
C0138,P013,Seal Kit SK-15,87,126150,7
C0138,P014,Transmission Assembly TA-800,112,9352000,10
C0138,P015,Engine Block EB-600,88,10472000,9
C0138,P016,Radiator RD-250,141,1438200,11
C0138,P017,Fan Belt FB-30,129,67080,8
C0138,P018,Wheel Rim WR-24,71,802300,8
C0138,P019,Swing Motor SWM-350,105,4179000,10
C0138,P020,Pivot Pin PP-12,119,136850,9
C0138,P021,Boom Cylinder BC-400,54,2494800,6
C0138,P022,Control Valve CV-75,43,726700,4
C0138,P023,Idler Wheel IW-55,66,854700,7
C0138,P024,Track Roller TR-60,82,844600,9
C0138,P025,Cabin Glass CG-20,100,785000,12
C0138,P026,Grease Cartridge GC-5,107,33170,12
C0138,P027,O-Ring Set OR-50,144,69120,11
C0138,P028,Light Assembly LA-18,78,175500,10
C0138,P029,Pressure Sensor PS-90,51,201450,4
C0138,P030,Fuel Pump FP-350,128,2803200,11
C0139,P001,Hydraulic Pump HP-300,79,1935500,5
C0139,P002,Engine Oil Filter OF-90,67,48240,7
C0139,P003,Air Filter AF-120,113,141250,8
C0139,P004,Track Chain TC-45,94,3741200,8
C0139,P005,Fuel Injector FI-220,80,676000,8
C0139,P006,Alternator ALT-500,95,1064000,7
C0139,P007,Hydraulic Hose HH-60,55,79750,4
C0139,P008,Bucket Tooth BT-10,75,43500,7
C0139,P009,Starter Motor SM-700,36,536400,4
C0139,P010,Turbocharger TB-900,17,593300,3
C0139,P011,Hydraulic Cylinder HC-200,54,1490400,4
C0139,P012,Brake Pad BP-40,70,171500,8
C0139,P013,Seal Kit SK-15,43,62350,3
C0139,P014,Transmission Assembly TA-800,63,5260500,7
C0139,P015,Engine Block EB-600,49,5831000,4
C0139,P016,Radiator RD-250,45,459000,3
C0139,P017,Fan Belt FB-30,91,47320,8
C0139,P018,Wheel Rim WR-24,68,768400,7
C0139,P019,Swing Motor SWM-350,107,4258600,9
C0139,P020,Pivot Pin PP-12,93,106950,6
C0139,P021,Boom Cylinder BC-400,100,4620000,10
C0139,P022,Control Valve CV-75,51,861900,7
C0139,P023,Idler Wheel IW-55,111,1437450,8
C0139,P024,Track Roller TR-60,89,916700,10
C0139,P025,Cabin Glass CG-20,114,894900,9
C0139,P026,Grease Cartridge GC-5,117,36270,8
C0139,P027,O-Ring Set OR-50,37,17760,5
C0139,P028,Light Assembly LA-18,84,189000,6
C0139,P029,Pressure Sensor PS-90,56,221200,4
C0139,P030,Fuel Pump FP-350,69,1511100,8
C0140,P001,Hydraulic Pump HP-300,74,1813000,5
C0140,P002,Engine Oil Filter OF-90,63,45360,5
C0140,P003,Air Filter AF-120,86,107500,10
C0140,P004,Track Chain TC-45,96,3820800,6
C0140,P005,Fuel Injector FI-220,26,219700,4
C0140,P006,Alternator ALT-500,93,1041600,8
C0140,P007,Hydraulic Hose HH-60,157,227650,11
C0140,P008,Bucket Tooth BT-10,99,57420,9
C0140,P009,Starter Motor SM-700,132,1966800,10
C0140,P010,Turbocharger TB-900,104,3629600,10
C0140,P011,Hydraulic Cylinder HC-200,88,2428800,10
C0140,P012,Brake Pad BP-40,166,406700,11
C0140,P013,Seal Kit SK-15,88,127600,8
C0140,P014,Transmission Assembly TA-800,121,10103500,9
C0140,P015,Engine Block EB-600,98,11662000,8
C0140,P016,Radiator RD-250,89,907800,8
C0140,P017,Fan Belt FB-30,58,30160,6
C0140,P018,Wheel Rim WR-24,150,1695000,14
C0140,P019,Swing Motor SWM-350,63,2507400,8
C0140,P020,Pivot Pin PP-12,84,96600,6
C0140,P021,Boom Cylinder BC-400,174,8038800,12
C0140,P022,Control Valve CV-75,82,1385800,7
C0140,P023,Idler Wheel IW-55,109,1411550,13
C0140,P024,Track Roller TR-60,82,844600,9
C0140,P025,Cabin Glass CG-20,168,1318800,11
C0140,P026,Grease Cartridge GC-5,101,31310,8
C0140,P027,O-Ring Set OR-50,72,34560,6
C0140,P028,Light Assembly LA-18,177,398250,12
C0140,P029,Pressure Sensor PS-90,84,331800,9
C0140,P030,Fuel Pump FP-350,69,1511100,8
C0141,P001,Hydraulic Pump HP-300,88,2156000,8
C0141,P002,Engine Oil Filter OF-90,70,50400,7
C0141,P003,Air Filter AF-120,103,128750,7
C0141,P004,Track Chain TC-45,146,5810800,10
C0141,P005,Fuel Injector FI-220,97,819650,7
C0141,P006,Alternator ALT-500,52,582400,7
C0141,P007,Hydraulic Hose HH-60,118,171100,10
C0141,P008,Bucket Tooth BT-10,38,22040,5
C0141,P009,Starter Motor SM-700,41,610900,6
C0141,P010,Turbocharger TB-900,34,1186600,5
C0141,P011,Hydraulic Cylinder HC-200,70,1932000,7
C0141,P012,Brake Pad BP-40,91,222950,7
C0141,P013,Seal Kit SK-15,121,175450,10
C0141,P014,Transmission Assembly TA-800,140,11690000,12
C0141,P015,Engine Block EB-600,157,18683000,12
C0141,P016,Radiator RD-250,54,550800,7
C0141,P017,Fan Belt FB-30,70,36400,8
C0141,P018,Wheel Rim WR-24,79,892700,8
C0141,P019,Swing Motor SWM-350,90,3582000,6
C0141,P020,Pivot Pin PP-12,107,123050,9
C0141,P021,Boom Cylinder BC-400,62,2864400,9
C0141,P022,Control Valve CV-75,105,1774500,6
C0141,P023,Idler Wheel IW-55,169,2188550,11
C0141,P024,Track Roller TR-60,52,535600,7
C0141,P025,Cabin Glass CG-20,98,769300,8
C0141,P026,Grease Cartridge GC-5,114,35340,8
C0141,P027,O-Ring Set OR-50,118,56640,11
C0141,P028,Light Assembly LA-18,83,186750,8
C0141,P029,Pressure Sensor PS-90,81,319950,10
C0141,P030,Fuel Pump FP-350,79,1730100,7
C0142,P001,Hydraulic Pump HP-300,127,3111500,9
C0142,P002,Engine Oil Filter OF-90,69,49680,6
C0142,P003,Air Filter AF-120,106,132500,8
C0142,P004,Track Chain TC-45,140,5572000,14
C0142,P005,Fuel Injector FI-220,122,1030900,11
C0142,P006,Alternator ALT-500,158,1769600,12
C0142,P007,Hydraulic Hose HH-60,78,113100,9
C0142,P008,Bucket Tooth BT-10,156,90480,10
C0142,P009,Starter Motor SM-700,110,1639000,9
C0142,P010,Turbocharger TB-900,131,4571900,9
C0142,P011,Hydraulic Cylinder HC-200,35,966000,5
C0142,P012,Brake Pad BP-40,120,294000,13
C0142,P013,Seal Kit SK-15,125,181250,9
C0142,P014,Transmission Assembly TA-800,175,14612500,14
C0142,P015,Engine Block EB-600,89,10591000,7
C0142,P016,Radiator RD-250,174,1774800,11
C0142,P017,Fan Belt FB-30,57,29640,8
C0142,P018,Wheel Rim WR-24,124,1401200,10
C0142,P019,Swing Motor SWM-350,155,6169000,14
C0142,P020,Pivot Pin PP-12,58,66700,5
C0142,P021,Boom Cylinder BC-400,133,6144600,9
C0142,P022,Control Valve CV-75,101,1706900,9
C0142,P023,Idler Wheel IW-55,141,1825950,12
C0142,P024,Track Roller TR-60,102,1050600,10
C0142,P025,Cabin Glass CG-20,101,792850,8
C0142,P026,Grease Cartridge GC-5,142,44020,11
C0142,P027,O-Ring Set OR-50,89,42720,9
C0142,P028,Light Assembly LA-18,48,108000,8
C0142,P029,Pressure Sensor PS-90,137,541150,10
C0142,P030,Fuel Pump FP-350,115,2518500,11
C0143,P001,Hydraulic Pump HP-300,67,1641500,5
C0143,P002,Engine Oil Filter OF-90,70,50400,5
C0143,P003,Air Filter AF-120,93,116250,8
C0143,P004,Track Chain TC-45,53,2109400,5
C0143,P005,Fuel Injector FI-220,80,676000,6
C0143,P006,Alternator ALT-500,72,806400,4
C0143,P007,Hydraulic Hose HH-60,139,201550,10
C0143,P008,Bucket Tooth BT-10,61,35380,5
C0143,P009,Starter Motor SM-700,63,938700,6
C0143,P010,Turbocharger TB-900,53,1849700,5
C0143,P011,Hydraulic Cylinder HC-200,91,2511600,8
C0143,P012,Brake Pad BP-40,23,56350,3
C0143,P013,Seal Kit SK-15,68,98600,5
C0143,P014,Transmission Assembly TA-800,85,7097500,5
C0143,P015,Engine Block EB-600,78,9282000,9
C0143,P016,Radiator RD-250,63,642600,6
C0143,P017,Fan Belt FB-30,15,7800,2
C0143,P018,Wheel Rim WR-24,62,700600,7
C0143,P019,Swing Motor SWM-350,83,3303400,6
C0143,P020,Pivot Pin PP-12,81,93150,6
C0143,P021,Boom Cylinder BC-400,58,2679600,6
C0143,P022,Control Valve CV-75,45,760500,6
C0143,P023,Idler Wheel IW-55,62,802900,4
C0143,P024,Track Roller TR-60,29,298700,4
C0143,P025,Cabin Glass CG-20,50,392500,4
C0143,P026,Grease Cartridge GC-5,37,11470,4
C0143,P027,O-Ring Set OR-50,64,30720,5
C0143,P028,Light Assembly LA-18,139,312750,9
C0143,P029,Pressure Sensor PS-90,109,430550,6
C0143,P030,Fuel Pump FP-350,56,1226400,5
C0144,P001,Hydraulic Pump HP-300,37,906500,5
C0144,P002,Engine Oil Filter OF-90,68,48960,6
C0144,P003,Air Filter AF-120,98,122500,7
C0144,P004,Track Chain TC-45,77,3064600,6
C0144,P005,Fuel Injector FI-220,62,523900,7
C0144,P006,Alternator ALT-500,50,560000,4
C0144,P007,Hydraulic Hose HH-60,141,204450,10
C0144,P008,Bucket Tooth BT-10,67,38860,6
C0144,P009,Starter Motor SM-700,143,2130700,10
C0144,P010,Turbocharger TB-900,103,3594700,8
C0144,P011,Hydraulic Cylinder HC-200,40,1104000,3
C0144,P012,Brake Pad BP-40,32,78400,3
C0144,P013,Seal Kit SK-15,48,69600,4
C0144,P014,Transmission Assembly TA-800,87,7264500,8
C0144,P015,Engine Block EB-600,78,9282000,5
C0144,P016,Radiator RD-250,50,510000,6
C0144,P017,Fan Belt FB-30,111,57720,7
C0144,P018,Wheel Rim WR-24,92,1039600,7
C0144,P019,Swing Motor SWM-350,45,1791000,4
C0144,P020,Pivot Pin PP-12,82,94300,8
C0144,P021,Boom Cylinder BC-400,90,4158000,7
C0144,P022,Control Valve CV-75,84,1419600,6
C0144,P023,Idler Wheel IW-55,134,1735300,9
C0144,P024,Track Roller TR-60,96,988800,8
C0144,P025,Cabin Glass CG-20,61,478850,4
C0144,P026,Grease Cartridge GC-5,30,9300,4
C0144,P027,O-Ring Set OR-50,121,58080,10
C0144,P028,Light Assembly LA-18,68,153000,6
C0144,P029,Pressure Sensor PS-90,56,221200,3
C0144,P030,Fuel Pump FP-350,31,678900,2
C0145,P001,Hydraulic Pump HP-300,69,1690500,5
C0145,P002,Engine Oil Filter OF-90,51,36720,4
C0145,P003,Air Filter AF-120,55,68750,5
C0145,P004,Track Chain TC-45,94,3741200,8
C0145,P005,Fuel Injector FI-220,143,1208350,9
C0145,P006,Alternator ALT-500,72,806400,7
C0145,P007,Hydraulic Hose HH-60,53,76850,5
C0145,P008,Bucket Tooth BT-10,45,26100,6
C0145,P009,Starter Motor SM-700,159,2369100,12
C0145,P010,Turbocharger TB-900,78,2722200,6
C0145,P011,Hydraulic Cylinder HC-200,51,1407600,5
C0145,P012,Brake Pad BP-40,30,73500,3
C0145,P013,Seal Kit SK-15,47,68150,6
C0145,P014,Transmission Assembly TA-800,8,668000,2
C0145,P015,Engine Block EB-600,38,4522000,6
C0145,P016,Radiator RD-250,97,989400,8
C0145,P017,Fan Belt FB-30,142,73840,12
C0145,P018,Wheel Rim WR-24,9,101700,2
C0145,P019,Swing Motor SWM-350,55,2189000,5
C0145,P020,Pivot Pin PP-12,96,110400,10
C0145,P021,Boom Cylinder BC-400,62,2864400,4
C0145,P022,Control Valve CV-75,41,692900,3
C0145,P023,Idler Wheel IW-55,46,595700,6
C0145,P024,Track Roller TR-60,27,278100,2
C0145,P025,Cabin Glass CG-20,88,690800,7
C0145,P026,Grease Cartridge GC-5,110,34100,8
C0145,P027,O-Ring Set OR-50,58,27840,5
C0145,P028,Light Assembly LA-18,43,96750,3
C0145,P029,Pressure Sensor PS-90,57,225150,5
C0145,P030,Fuel Pump FP-350,60,1314000,6
C0146,P001,Hydraulic Pump HP-300,112,2744000,8
C0146,P002,Engine Oil Filter OF-90,78,56160,7
C0146,P003,Air Filter AF-120,86,107500,6
C0146,P004,Track Chain TC-45,91,3621800,7
C0146,P005,Fuel Injector FI-220,123,1039350,9
C0146,P006,Alternator ALT-500,94,1052800,9
C0146,P007,Hydraulic Hose HH-60,110,159500,8
C0146,P008,Bucket Tooth BT-10,64,37120,8
C0146,P009,Starter Motor SM-700,124,1847600,9
C0146,P010,Turbocharger TB-900,97,3385300,8
C0146,P011,Hydraulic Cylinder HC-200,51,1407600,6
C0146,P012,Brake Pad BP-40,75,183750,9
C0146,P013,Seal Kit SK-15,63,91350,5
C0146,P014,Transmission Assembly TA-800,42,3507000,3
C0146,P015,Engine Block EB-600,91,10829000,8
C0146,P016,Radiator RD-250,132,1346400,9
C0146,P017,Fan Belt FB-30,100,52000,11
C0146,P018,Wheel Rim WR-24,118,1333400,8
C0146,P019,Swing Motor SWM-350,72,2865600,8
C0146,P020,Pivot Pin PP-12,49,56350,6
C0146,P021,Boom Cylinder BC-400,164,7576800,9
C0146,P022,Control Valve CV-75,63,1064700,7
C0146,P023,Idler Wheel IW-55,78,1010100,7
C0146,P024,Track Roller TR-60,102,1050600,9
C0146,P025,Cabin Glass CG-20,109,855650,10
C0146,P026,Grease Cartridge GC-5,53,16430,5
C0146,P027,O-Ring Set OR-50,60,28800,7
C0146,P028,Light Assembly LA-18,70,157500,6
C0146,P029,Pressure Sensor PS-90,32,126400,3
C0146,P030,Fuel Pump FP-350,76,1664400,8
C0147,P001,Hydraulic Pump HP-300,30,735000,2
C0147,P002,Engine Oil Filter OF-90,69,49680,7
C0147,P003,Air Filter AF-120,154,192500,10
C0147,P004,Track Chain TC-45,62,2467600,5
C0147,P005,Fuel Injector FI-220,49,414050,5
C0147,P006,Alternator ALT-500,90,1008000,7
C0147,P007,Hydraulic Hose HH-60,65,94250,5
C0147,P008,Bucket Tooth BT-10,70,40600,7
C0147,P009,Starter Motor SM-700,58,864200,6
C0147,P010,Turbocharger TB-900,57,1989300,6
C0147,P011,Hydraulic Cylinder HC-200,26,717600,2
C0147,P012,Brake Pad BP-40,71,173950,5
C0147,P013,Seal Kit SK-15,44,63800,4
C0147,P014,Transmission Assembly TA-800,106,8851000,7
C0147,P015,Engine Block EB-600,74,8806000,6
C0147,P016,Radiator RD-250,122,1244400,10
C0147,P017,Fan Belt FB-30,105,54600,8
C0147,P018,Wheel Rim WR-24,95,1073500,5
C0147,P019,Swing Motor SWM-350,135,5373000,9
C0147,P020,Pivot Pin PP-12,61,70150,5
C0147,P021,Boom Cylinder BC-400,98,4527600,8
C0147,P022,Control Valve CV-75,85,1436500,5
C0147,P023,Idler Wheel IW-55,138,1787100,7
C0147,P024,Track Roller TR-60,71,731300,7
C0147,P025,Cabin Glass CG-20,55,431750,7
C0147,P026,Grease Cartridge GC-5,100,31000,7
C0147,P027,O-Ring Set OR-50,125,60000,9
C0147,P028,Light Assembly LA-18,110,247500,7
C0147,P029,Pressure Sensor PS-90,96,379200,10
C0147,P030,Fuel Pump FP-350,73,1598700,6
C0148,P001,Hydraulic Pump HP-300,117,2866500,9
C0148,P002,Engine Oil Filter OF-90,66,47520,4
C0148,P003,Air Filter AF-120,154,192500,9
C0148,P004,Track Chain TC-45,76,3024800,8
C0148,P005,Fuel Injector FI-220,62,523900,6
C0148,P006,Alternator ALT-500,88,985600,6
C0148,P007,Hydraulic Hose HH-60,92,133400,9
C0148,P008,Bucket Tooth BT-10,58,33640,4
C0148,P009,Starter Motor SM-700,56,834400,5
C0148,P010,Turbocharger TB-900,69,2408100,8
C0148,P011,Hydraulic Cylinder HC-200,86,2373600,9
C0148,P012,Brake Pad BP-40,50,122500,4
C0148,P013,Seal Kit SK-15,36,52200,4
C0148,P014,Transmission Assembly TA-800,100,8350000,9
C0148,P015,Engine Block EB-600,88,10472000,7
C0148,P016,Radiator RD-250,46,469200,4
C0148,P017,Fan Belt FB-30,99,51480,8
C0148,P018,Wheel Rim WR-24,100,1130000,5
C0148,P019,Swing Motor SWM-350,88,3502400,6
C0148,P020,Pivot Pin PP-12,123,141450,11
C0148,P021,Boom Cylinder BC-400,69,3187800,5
C0148,P022,Control Valve CV-75,90,1521000,8
C0148,P023,Idler Wheel IW-55,114,1476300,9
C0148,P024,Track Roller TR-60,67,690100,7
C0148,P025,Cabin Glass CG-20,27,211950,4
C0148,P026,Grease Cartridge GC-5,117,36270,8
C0148,P027,O-Ring Set OR-50,33,15840,3
C0148,P028,Light Assembly LA-18,45,101250,6
C0148,P029,Pressure Sensor PS-90,65,256750,6
C0148,P030,Fuel Pump FP-350,76,1664400,8
C0149,P001,Hydraulic Pump HP-300,114,2793000,11
C0149,P002,Engine Oil Filter OF-90,72,51840,9
C0149,P003,Air Filter AF-120,71,88750,7
C0149,P004,Track Chain TC-45,46,1830800,7
C0149,P005,Fuel Injector FI-220,79,667550,7
C0149,P006,Alternator ALT-500,104,1164800,8
C0149,P007,Hydraulic Hose HH-60,112,162400,10
C0149,P008,Bucket Tooth BT-10,143,82940,11
C0149,P009,Starter Motor SM-700,125,1862500,11
C0149,P010,Turbocharger TB-900,136,4746400,9
C0149,P011,Hydraulic Cylinder HC-200,82,2263200,7
C0149,P012,Brake Pad BP-40,124,303800,11
C0149,P013,Seal Kit SK-15,62,89900,7
C0149,P014,Transmission Assembly TA-800,161,13443500,13
C0149,P015,Engine Block EB-600,138,16422000,9
C0149,P016,Radiator RD-250,131,1336200,9
C0149,P017,Fan Belt FB-30,116,60320,9
C0149,P018,Wheel Rim WR-24,62,700600,5
C0149,P019,Swing Motor SWM-350,28,1114400,2
C0149,P020,Pivot Pin PP-12,121,139150,9
C0149,P021,Boom Cylinder BC-400,42,1940400,6
C0149,P022,Control Valve CV-75,69,1166100,9
C0149,P023,Idler Wheel IW-55,91,1178450,10
C0149,P024,Track Roller TR-60,48,494400,4
C0149,P025,Cabin Glass CG-20,122,957700,12
C0149,P026,Grease Cartridge GC-5,81,25110,9
C0149,P027,O-Ring Set OR-50,62,29760,6
C0149,P028,Light Assembly LA-18,92,207000,9
C0149,P029,Pressure Sensor PS-90,113,446350,12
C0149,P030,Fuel Pump FP-350,81,1773900,6
C0150,P001,Hydraulic Pump HP-300,66,1617000,5
C0150,P002,Engine Oil Filter OF-90,97,69840,8
C0150,P003,Air Filter AF-120,44,55000,5
C0150,P004,Track Chain TC-45,56,2228800,6
C0150,P005,Fuel Injector FI-220,41,346450,4
C0150,P006,Alternator ALT-500,62,694400,7
C0150,P007,Hydraulic Hose HH-60,71,102950,6
C0150,P008,Bucket Tooth BT-10,87,50460,10
C0150,P009,Starter Motor SM-700,142,2115800,10
C0150,P010,Turbocharger TB-900,48,1675200,5
C0150,P011,Hydraulic Cylinder HC-200,69,1904400,8
C0150,P012,Brake Pad BP-40,87,213150,7
C0150,P014,Transmission Assembly TA-800,87,7264500,9
C0150,P015,Engine Block EB-600,55,6545000,5
C0150,P016,Radiator RD-250,57,581400,6
C0150,P017,Fan Belt FB-30,58,30160,5
C0150,P018,Wheel Rim WR-24,72,813600,9
C0150,P019,Swing Motor SWM-350,6,238800,1
C0150,P020,Pivot Pin PP-12,82,94300,8
C0150,P021,Boom Cylinder BC-400,88,4065600,10
C0150,P022,Control Valve CV-75,93,1571700,7
C0150,P023,Idler Wheel IW-55,63,815850,6
C0150,P024,Track Roller TR-60,18,185400,1
C0150,P025,Cabin Glass CG-20,71,557350,6
C0150,P026,Grease Cartridge GC-5,129,39990,10
C0150,P027,O-Ring Set OR-50,63,30240,6
C0150,P028,Light Assembly LA-18,127,285750,12
C0150,P029,Pressure Sensor PS-90,151,596450,10
C0150,P030,Fuel Pump FP-350,31,678900,4
C0151,P001,Hydraulic Pump HP-300,73,1788500,6
C0151,P002,Engine Oil Filter OF-90,108,77760,8
C0151,P003,Air Filter AF-120,105,131250,10
C0151,P004,Track Chain TC-45,94,3741200,6
C0151,P005,Fuel Injector FI-220,61,515450,4
C0151,P006,Alternator ALT-500,103,1153600,8
C0151,P007,Hydraulic Hose HH-60,123,178350,11
C0151,P008,Bucket Tooth BT-10,24,13920,3
C0151,P009,Starter Motor SM-700,11,163900,3
C0151,P010,Turbocharger TB-900,123,4292700,13
C0151,P011,Hydraulic Cylinder HC-200,47,1297200,5
C0151,P012,Brake Pad BP-40,74,181300,5
C0151,P013,Seal Kit SK-15,36,52200,4
C0151,P014,Transmission Assembly TA-800,18,1503000,3
C0151,P015,Engine Block EB-600,53,6307000,6
C0151,P016,Radiator RD-250,38,387600,5
C0151,P017,Fan Belt FB-30,64,33280,6
C0151,P018,Wheel Rim WR-24,109,1231700,9
C0151,P019,Swing Motor SWM-350,78,3104400,6
C0151,P020,Pivot Pin PP-12,75,86250,4
C0151,P021,Boom Cylinder BC-400,101,4666200,8
C0151,P022,Control Valve CV-75,23,388700,2
C0151,P023,Idler Wheel IW-55,62,802900,5
C0151,P024,Track Roller TR-60,56,576800,8
C0151,P025,Cabin Glass CG-20,58,455300,5
C0151,P026,Grease Cartridge GC-5,73,22630,6
C0151,P027,O-Ring Set OR-50,78,37440,7
C0151,P028,Light Assembly LA-18,62,139500,6
C0151,P029,Pressure Sensor PS-90,113,446350,8
C0151,P030,Fuel Pump FP-350,84,1839600,5
C0152,P001,Hydraulic Pump HP-300,24,588000,3
C0152,P002,Engine Oil Filter OF-90,106,76320,8
C0152,P003,Air Filter AF-120,87,108750,8
C0152,P004,Track Chain TC-45,98,3900400,9
C0152,P005,Fuel Injector FI-220,133,1123850,12
C0152,P006,Alternator ALT-500,127,1422400,11
C0152,P007,Hydraulic Hose HH-60,128,185600,12
C0152,P008,Bucket Tooth BT-10,114,66120,9
C0152,P009,Starter Motor SM-700,141,2100900,9
C0152,P010,Turbocharger TB-900,74,2582600,7
C0152,P011,Hydraulic Cylinder HC-200,82,2263200,9
C0152,P012,Brake Pad BP-40,111,271950,8
C0152,P013,Seal Kit SK-15,33,47850,3
C0152,P014,Transmission Assembly TA-800,116,9686000,11
C0152,P015,Engine Block EB-600,70,8330000,6
C0152,P016,Radiator RD-250,124,1264800,7
C0152,P017,Fan Belt FB-30,95,49400,7
C0152,P018,Wheel Rim WR-24,128,1446400,10
C0152,P019,Swing Motor SWM-350,159,6328200,13
C0152,P020,Pivot Pin PP-12,97,111550,12
C0152,P021,Boom Cylinder BC-400,36,1663200,4
C0152,P022,Control Valve CV-75,56,946400,5
C0152,P023,Idler Wheel IW-55,110,1424500,10
C0152,P024,Track Roller TR-60,73,751900,8
C0152,P025,Cabin Glass CG-20,105,824250,9
C0152,P026,Grease Cartridge GC-5,165,51150,12
C0152,P027,O-Ring Set OR-50,87,41760,6
C0152,P028,Light Assembly LA-18,212,477000,13
C0152,P029,Pressure Sensor PS-90,65,256750,6
C0152,P030,Fuel Pump FP-350,62,1357800,5
C0153,P001,Hydraulic Pump HP-300,155,3797500,13
C0153,P002,Engine Oil Filter OF-90,130,93600,10
C0153,P003,Air Filter AF-120,167,208750,11
C0153,P004,Track Chain TC-45,176,7004800,13
C0153,P005,Fuel Injector FI-220,124,1047800,11
C0153,P006,Alternator ALT-500,66,739200,8
C0153,P007,Hydraulic Hose HH-60,157,227650,12
C0153,P008,Bucket Tooth BT-10,169,98020,13
C0153,P009,Starter Motor SM-700,197,2935300,15
C0153,P010,Turbocharger TB-900,145,5060500,10
C0153,P011,Hydraulic Cylinder HC-200,117,3229200,12
C0153,P012,Brake Pad BP-40,100,245000,11
C0153,P013,Seal Kit SK-15,84,121800,10
C0153,P014,Transmission Assembly TA-800,107,8934500,10
C0153,P015,Engine Block EB-600,190,22610000,13
C0153,P016,Radiator RD-250,218,2223600,15
C0153,P017,Fan Belt FB-30,179,93080,13
C0153,P018,Wheel Rim WR-24,107,1209100,10
C0153,P019,Swing Motor SWM-350,224,8915200,16
C0153,P020,Pivot Pin PP-12,137,157550,10
C0153,P021,Boom Cylinder BC-400,179,8269800,11
C0153,P022,Control Valve CV-75,97,1639300,10
C0153,P023,Idler Wheel IW-55,93,1204350,6
C0153,P024,Track Roller TR-60,68,700400,8
C0153,P025,Cabin Glass CG-20,145,1138250,13
C0153,P026,Grease Cartridge GC-5,108,33480,12
C0153,P027,O-Ring Set OR-50,138,66240,12
C0153,P028,Light Assembly LA-18,144,324000,15
C0153,P029,Pressure Sensor PS-90,211,833450,14
C0153,P030,Fuel Pump FP-350,124,2715600,12
C0154,P001,Hydraulic Pump HP-300,122,2989000,12
C0154,P002,Engine Oil Filter OF-90,94,67680,7
C0154,P003,Air Filter AF-120,117,146250,9
C0154,P004,Track Chain TC-45,224,8915200,14
C0154,P005,Fuel Injector FI-220,123,1039350,9
C0154,P006,Alternator ALT-500,41,459200,5
C0154,P007,Hydraulic Hose HH-60,69,100050,8
C0154,P008,Bucket Tooth BT-10,66,38280,5
C0154,P009,Starter Motor SM-700,71,1057900,8
C0154,P010,Turbocharger TB-900,79,2757100,6
C0154,P011,Hydraulic Cylinder HC-200,84,2318400,7
C0154,P012,Brake Pad BP-40,133,325850,9
C0154,P013,Seal Kit SK-15,90,130500,8
C0154,P014,Transmission Assembly TA-800,51,4258500,4
C0154,P015,Engine Block EB-600,118,14042000,9
C0154,P016,Radiator RD-250,120,1224000,11
C0154,P017,Fan Belt FB-30,86,44720,8
C0154,P018,Wheel Rim WR-24,115,1299500,7
C0154,P019,Swing Motor SWM-350,101,4019800,8
C0154,P020,Pivot Pin PP-12,156,179400,15
C0154,P021,Boom Cylinder BC-400,141,6514200,10
C0154,P022,Control Valve CV-75,115,1943500,9
C0154,P023,Idler Wheel IW-55,110,1424500,7
C0154,P024,Track Roller TR-60,78,803400,5
C0154,P025,Cabin Glass CG-20,94,737900,9
C0154,P026,Grease Cartridge GC-5,72,22320,5
C0154,P027,O-Ring Set OR-50,144,69120,14
C0154,P028,Light Assembly LA-18,102,229500,9
C0154,P029,Pressure Sensor PS-90,70,276500,6
C0154,P030,Fuel Pump FP-350,171,3744900,11
C0155,P001,Hydraulic Pump HP-300,69,1690500,7
C0155,P002,Engine Oil Filter OF-90,53,38160,5
C0155,P003,Air Filter AF-120,74,92500,6
C0155,P004,Track Chain TC-45,35,1393000,3
C0155,P005,Fuel Injector FI-220,84,709800,7
C0155,P006,Alternator ALT-500,58,649600,4
C0155,P007,Hydraulic Hose HH-60,59,85550,5
C0155,P008,Bucket Tooth BT-10,66,38280,5
C0155,P009,Starter Motor SM-700,67,998300,6
C0155,P010,Turbocharger TB-900,104,3629600,7
C0155,P011,Hydraulic Cylinder HC-200,31,855600,6
C0155,P012,Brake Pad BP-40,64,156800,6
C0155,P013,Seal Kit SK-15,36,52200,4
C0155,P014,Transmission Assembly TA-800,75,6262500,6
C0155,P015,Engine Block EB-600,52,6188000,3
C0155,P016,Radiator RD-250,43,438600,3
C0155,P017,Fan Belt FB-30,81,42120,7
C0155,P018,Wheel Rim WR-24,53,598900,3
C0155,P019,Swing Motor SWM-350,76,3024800,8
C0155,P020,Pivot Pin PP-12,35,40250,6
C0155,P021,Boom Cylinder BC-400,65,3003000,6
C0155,P022,Control Valve CV-75,71,1199900,4
C0155,P023,Idler Wheel IW-55,83,1074850,8
C0155,P024,Track Roller TR-60,92,947600,7
C0155,P025,Cabin Glass CG-20,34,266900,5
C0155,P026,Grease Cartridge GC-5,104,32240,10
C0155,P027,O-Ring Set OR-50,91,43680,5
C0155,P028,Light Assembly LA-18,119,267750,6
C0155,P029,Pressure Sensor PS-90,49,193550,3
C0155,P030,Fuel Pump FP-350,79,1730100,9
C0156,P001,Hydraulic Pump HP-300,100,2450000,7
C0156,P002,Engine Oil Filter OF-90,94,67680,10
C0156,P003,Air Filter AF-120,74,92500,7
C0156,P004,Track Chain TC-45,37,1472600,4
C0156,P005,Fuel Injector FI-220,123,1039350,7
C0156,P006,Alternator ALT-500,65,728000,4
C0156,P007,Hydraulic Hose HH-60,96,139200,7
C0156,P008,Bucket Tooth BT-10,50,29000,5
C0156,P009,Starter Motor SM-700,124,1847600,7
C0156,P010,Turbocharger TB-900,120,4188000,7
C0156,P011,Hydraulic Cylinder HC-200,45,1242000,3
C0156,P012,Brake Pad BP-40,87,213150,8
C0156,P013,Seal Kit SK-15,42,60900,5
C0156,P014,Transmission Assembly TA-800,108,9018000,10
C0156,P015,Engine Block EB-600,109,12971000,6
C0156,P016,Radiator RD-250,137,1397400,10
C0156,P017,Fan Belt FB-30,41,21320,4
C0156,P018,Wheel Rim WR-24,93,1050900,7
C0156,P019,Swing Motor SWM-350,115,4577000,9
C0156,P020,Pivot Pin PP-12,112,128800,8
C0156,P021,Boom Cylinder BC-400,114,5266800,9
C0156,P022,Control Valve CV-75,43,726700,4
C0156,P023,Idler Wheel IW-55,76,984200,5
C0156,P024,Track Roller TR-60,73,751900,6
C0156,P025,Cabin Glass CG-20,42,329700,5
C0156,P026,Grease Cartridge GC-5,61,18910,5
C0156,P027,O-Ring Set OR-50,84,40320,7
C0156,P028,Light Assembly LA-18,103,231750,9
C0156,P029,Pressure Sensor PS-90,44,173800,4
C0156,P030,Fuel Pump FP-350,93,2036700,7
C0157,P001,Hydraulic Pump HP-300,92,2254000,7
C0157,P002,Engine Oil Filter OF-90,74,53280,7
C0157,P003,Air Filter AF-120,52,65000,6
C0157,P004,Track Chain TC-45,130,5174000,9
C0157,P005,Fuel Injector FI-220,61,515450,7
C0157,P006,Alternator ALT-500,72,806400,6
C0157,P007,Hydraulic Hose HH-60,70,101500,6
C0157,P008,Bucket Tooth BT-10,72,41760,5
C0157,P009,Starter Motor SM-700,60,894000,5
C0157,P010,Turbocharger TB-900,136,4746400,12
C0157,P011,Hydraulic Cylinder HC-200,110,3036000,8
C0157,P012,Brake Pad BP-40,40,98000,5
C0157,P013,Seal Kit SK-15,163,236350,9
C0157,P014,Transmission Assembly TA-800,91,7598500,7
C0157,P015,Engine Block EB-600,80,9520000,9
C0157,P016,Radiator RD-250,91,928200,7
C0157,P017,Fan Belt FB-30,52,27040,6
C0157,P018,Wheel Rim WR-24,31,350300,5
C0157,P019,Swing Motor SWM-350,90,3582000,6
C0157,P020,Pivot Pin PP-12,163,187450,11
C0157,P021,Boom Cylinder BC-400,130,6006000,10
C0157,P022,Control Valve CV-75,101,1706900,7
C0157,P023,Idler Wheel IW-55,64,828800,4
C0157,P024,Track Roller TR-60,64,659200,4
C0157,P025,Cabin Glass CG-20,132,1036200,13
C0157,P026,Grease Cartridge GC-5,95,29450,6
C0157,P027,O-Ring Set OR-50,115,55200,9
C0157,P028,Light Assembly LA-18,172,387000,13
C0157,P029,Pressure Sensor PS-90,131,517450,10
C0157,P030,Fuel Pump FP-350,20,438000,3
C0158,P001,Hydraulic Pump HP-300,81,1984500,8
C0158,P002,Engine Oil Filter OF-90,55,39600,7
C0158,P003,Air Filter AF-120,30,37500,3
C0158,P004,Track Chain TC-45,73,2905400,6
C0158,P005,Fuel Injector FI-220,65,549250,7
C0158,P006,Alternator ALT-500,74,828800,6
C0158,P007,Hydraulic Hose HH-60,45,65250,4
C0158,P008,Bucket Tooth BT-10,73,42340,5
C0158,P009,Starter Motor SM-700,90,1341000,7
C0158,P010,Turbocharger TB-900,92,3210800,9
C0158,P011,Hydraulic Cylinder HC-200,129,3560400,10
C0158,P012,Brake Pad BP-40,157,384650,9
C0158,P013,Seal Kit SK-15,66,95700,6
C0158,P014,Transmission Assembly TA-800,71,5928500,6
C0158,P015,Engine Block EB-600,101,12019000,7
C0158,P016,Radiator RD-250,106,1081200,10
C0158,P017,Fan Belt FB-30,39,20280,4
C0158,P018,Wheel Rim WR-24,173,1954900,14
C0158,P019,Swing Motor SWM-350,38,1512400,5
C0158,P020,Pivot Pin PP-12,86,98900,8
C0158,P021,Boom Cylinder BC-400,106,4897200,6
C0158,P022,Control Valve CV-75,88,1487200,6
C0158,P023,Idler Wheel IW-55,91,1178450,6
C0158,P024,Track Roller TR-60,38,391400,4
C0158,P025,Cabin Glass CG-20,124,973400,8
C0158,P026,Grease Cartridge GC-5,55,17050,5
C0158,P027,O-Ring Set OR-50,64,30720,6
C0158,P028,Light Assembly LA-18,50,112500,5
C0158,P029,Pressure Sensor PS-90,115,454250,11
C0158,P030,Fuel Pump FP-350,70,1533000,6
C0159,P001,Hydraulic Pump HP-300,102,2499000,10
C0159,P002,Engine Oil Filter OF-90,81,58320,8
C0159,P003,Air Filter AF-120,87,108750,10
C0159,P004,Track Chain TC-45,66,2626800,6
C0159,P005,Fuel Injector FI-220,157,1326650,12
C0159,P006,Alternator ALT-500,101,1131200,7
C0159,P007,Hydraulic Hose HH-60,145,210250,11
C0159,P008,Bucket Tooth BT-10,72,41760,6
C0159,P009,Starter Motor SM-700,102,1519800,11
C0159,P010,Turbocharger TB-900,75,2617500,5
C0159,P011,Hydraulic Cylinder HC-200,109,3008400,9
C0159,P012,Brake Pad BP-40,15,36750,3
C0159,P013,Seal Kit SK-15,81,117450,5
C0159,P014,Transmission Assembly TA-800,49,4091500,4
C0159,P015,Engine Block EB-600,88,10472000,11
C0159,P016,Radiator RD-250,88,897600,6
C0159,P017,Fan Belt FB-30,90,46800,11
C0159,P018,Wheel Rim WR-24,74,836200,5
C0159,P019,Swing Motor SWM-350,96,3820800,8
C0159,P020,Pivot Pin PP-12,99,113850,7
C0159,P021,Boom Cylinder BC-400,83,3834600,6
C0159,P022,Control Valve CV-75,72,1216800,10
C0159,P023,Idler Wheel IW-55,53,686350,6
C0159,P024,Track Roller TR-60,71,731300,7
C0159,P025,Cabin Glass CG-20,69,541650,8
C0159,P026,Grease Cartridge GC-5,71,22010,7
C0159,P027,O-Ring Set OR-50,91,43680,6
C0159,P028,Light Assembly LA-18,172,387000,11
C0159,P029,Pressure Sensor PS-90,175,691250,12
C0159,P030,Fuel Pump FP-350,57,1248300,4
C0160,P001,Hydraulic Pump HP-300,33,808500,4
C0160,P002,Engine Oil Filter OF-90,72,51840,7
C0160,P003,Air Filter AF-120,62,77500,8
C0160,P004,Track Chain TC-45,92,3661600,8
C0160,P005,Fuel Injector FI-220,110,929500,10
C0160,P006,Alternator ALT-500,56,627200,7
C0160,P007,Hydraulic Hose HH-60,160,232000,12
C0160,P008,Bucket Tooth BT-10,44,25520,7
C0160,P009,Starter Motor SM-700,139,2071100,9
C0160,P010,Turbocharger TB-900,166,5793400,12
C0160,P011,Hydraulic Cylinder HC-200,78,2152800,8
C0160,P012,Brake Pad BP-40,100,245000,8
C0160,P013,Seal Kit SK-15,31,44950,4
C0160,P014,Transmission Assembly TA-800,110,9185000,7
C0160,P015,Engine Block EB-600,133,15827000,11
C0160,P016,Radiator RD-250,150,1530000,14
C0160,P017,Fan Belt FB-30,129,67080,11
C0160,P018,Wheel Rim WR-24,135,1525500,9
C0160,P019,Swing Motor SWM-350,71,2825800,7
C0160,P020,Pivot Pin PP-12,175,201250,13
C0160,P021,Boom Cylinder BC-400,88,4065600,11
C0160,P022,Control Valve CV-75,143,2416700,11
C0160,P023,Idler Wheel IW-55,83,1074850,9
C0160,P024,Track Roller TR-60,79,813700,8
C0160,P025,Cabin Glass CG-20,102,800700,10
C0160,P026,Grease Cartridge GC-5,165,51150,13
C0160,P027,O-Ring Set OR-50,211,101280,11
C0160,P028,Light Assembly LA-18,85,191250,7
C0160,P029,Pressure Sensor PS-90,94,371300,10
C0160,P030,Fuel Pump FP-350,101,2211900,9
C0161,P001,Hydraulic Pump HP-300,102,2499000,9
C0161,P002,Engine Oil Filter OF-90,128,92160,12
C0161,P003,Air Filter AF-120,97,121250,8
C0161,P004,Track Chain TC-45,153,6089400,14
C0161,P005,Fuel Injector FI-220,63,532350,4
C0161,P006,Alternator ALT-500,81,907200,9
C0161,P007,Hydraulic Hose HH-60,91,131950,8
C0161,P008,Bucket Tooth BT-10,121,70180,9
C0161,P009,Starter Motor SM-700,147,2190300,14
C0161,P010,Turbocharger TB-900,99,3455100,7
C0161,P011,Hydraulic Cylinder HC-200,70,1932000,6
C0161,P012,Brake Pad BP-40,143,350350,11
C0161,P013,Seal Kit SK-15,99,143550,9
C0161,P014,Transmission Assembly TA-800,84,7014000,9
C0161,P015,Engine Block EB-600,91,10829000,8
C0161,P016,Radiator RD-250,122,1244400,7
C0161,P017,Fan Belt FB-30,91,47320,10
C0161,P018,Wheel Rim WR-24,143,1615900,12
C0161,P019,Swing Motor SWM-350,128,5094400,11
C0161,P020,Pivot Pin PP-12,125,143750,9
C0161,P021,Boom Cylinder BC-400,66,3049200,5
C0161,P022,Control Valve CV-75,60,1014000,6
C0161,P023,Idler Wheel IW-55,111,1437450,8
C0161,P024,Track Roller TR-60,66,679800,9
C0161,P025,Cabin Glass CG-20,93,730050,5
C0161,P026,Grease Cartridge GC-5,135,41850,11
C0161,P027,O-Ring Set OR-50,108,51840,8
C0161,P028,Light Assembly LA-18,168,378000,14
C0161,P029,Pressure Sensor PS-90,73,288350,8
C0161,P030,Fuel Pump FP-350,94,2058600,10
C0162,P001,Hydraulic Pump HP-300,50,1225000,5
C0162,P002,Engine Oil Filter OF-90,60,43200,3
C0162,P003,Air Filter AF-120,99,123750,8
C0162,P004,Track Chain TC-45,87,3462600,8
C0162,P005,Fuel Injector FI-220,127,1073150,7
C0162,P006,Alternator ALT-500,141,1579200,11
C0162,P007,Hydraulic Hose HH-60,64,92800,4
C0162,P008,Bucket Tooth BT-10,109,63220,8
C0162,P009,Starter Motor SM-700,85,1266500,6
C0162,P010,Turbocharger TB-900,83,2896700,10
C0162,P011,Hydraulic Cylinder HC-200,99,2732400,8
C0162,P012,Brake Pad BP-40,69,169050,7
C0162,P013,Seal Kit SK-15,95,137750,9
C0162,P014,Transmission Assembly TA-800,120,10020000,9
C0162,P015,Engine Block EB-600,120,14280000,8
C0162,P016,Radiator RD-250,50,510000,6
C0162,P017,Fan Belt FB-30,17,8840,1
C0162,P018,Wheel Rim WR-24,54,610200,5
C0162,P019,Swing Motor SWM-350,91,3621800,8
C0162,P020,Pivot Pin PP-12,15,17250,2
C0162,P021,Boom Cylinder BC-400,85,3927000,8
C0162,P022,Control Valve CV-75,85,1436500,6
C0162,P023,Idler Wheel IW-55,49,634550,4
C0162,P024,Track Roller TR-60,79,813700,6
C0162,P025,Cabin Glass CG-20,87,682950,7
C0162,P026,Grease Cartridge GC-5,31,9610,3
C0162,P027,O-Ring Set OR-50,97,46560,7
C0162,P028,Light Assembly LA-18,75,168750,6
C0162,P029,Pressure Sensor PS-90,58,229100,3
C0162,P030,Fuel Pump FP-350,94,2058600,6
C0163,P001,Hydraulic Pump HP-300,154,3773000,13
C0163,P002,Engine Oil Filter OF-90,57,41040,8
C0163,P003,Air Filter AF-120,103,128750,8
C0163,P004,Track Chain TC-45,74,2945200,5
C0163,P005,Fuel Injector FI-220,105,887250,7
C0163,P006,Alternator ALT-500,69,772800,8
C0163,P007,Hydraulic Hose HH-60,109,158050,7
C0163,P008,Bucket Tooth BT-10,88,51040,7
C0163,P009,Starter Motor SM-700,47,700300,5
C0163,P010,Turbocharger TB-900,48,1675200,6
C0163,P011,Hydraulic Cylinder HC-200,93,2566800,9
C0163,P012,Brake Pad BP-40,137,335650,10
C0163,P013,Seal Kit SK-15,83,120350,8
C0163,P014,Transmission Assembly TA-800,51,4258500,8
C0163,P015,Engine Block EB-600,73,8687000,8
C0163,P016,Radiator RD-250,122,1244400,11
C0163,P017,Fan Belt FB-30,114,59280,8
C0163,P018,Wheel Rim WR-24,46,519800,5
C0163,P019,Swing Motor SWM-350,51,2029800,5
C0163,P020,Pivot Pin PP-12,33,37950,4
C0163,P021,Boom Cylinder BC-400,25,1155000,5
C0163,P022,Control Valve CV-75,66,1115400,7
C0163,P023,Idler Wheel IW-55,116,1502200,11
C0163,P024,Track Roller TR-60,182,1874600,12
C0163,P025,Cabin Glass CG-20,95,745750,9
C0163,P026,Grease Cartridge GC-5,123,38130,8
C0163,P027,O-Ring Set OR-50,43,20640,3
C0163,P028,Light Assembly LA-18,65,146250,7
C0163,P029,Pressure Sensor PS-90,116,458200,7
C0163,P030,Fuel Pump FP-350,110,2409000,7
C0164,P001,Hydraulic Pump HP-300,76,1862000,8
C0164,P002,Engine Oil Filter OF-90,57,41040,6
C0164,P003,Air Filter AF-120,108,135000,10
C0164,P004,Track Chain TC-45,40,1592000,4
C0164,P005,Fuel Injector FI-220,80,676000,4
C0164,P006,Alternator ALT-500,89,996800,7
C0164,P007,Hydraulic Hose HH-60,86,124700,8
C0164,P008,Bucket Tooth BT-10,91,52780,8
C0164,P009,Starter Motor SM-700,75,1117500,7
C0164,P010,Turbocharger TB-900,70,2443000,7
C0164,P011,Hydraulic Cylinder HC-200,115,3174000,10
C0164,P012,Brake Pad BP-40,66,161700,8
C0164,P013,Seal Kit SK-15,46,66700,5
C0164,P014,Transmission Assembly TA-800,101,8433500,6
C0164,P015,Engine Block EB-600,80,9520000,7
C0164,P016,Radiator RD-250,139,1417800,10
C0164,P017,Fan Belt FB-30,83,43160,6
C0164,P018,Wheel Rim WR-24,48,542400,4
C0164,P019,Swing Motor SWM-350,135,5373000,11
C0164,P020,Pivot Pin PP-12,112,128800,7
C0164,P021,Boom Cylinder BC-400,69,3187800,6
C0164,P022,Control Valve CV-75,85,1436500,7
C0164,P023,Idler Wheel IW-55,59,764050,4
C0164,P024,Track Roller TR-60,77,793100,7
C0164,P025,Cabin Glass CG-20,40,314000,3
C0164,P026,Grease Cartridge GC-5,122,37820,7
C0164,P027,O-Ring Set OR-50,54,25920,4
C0164,P028,Light Assembly LA-18,84,189000,7
C0164,P029,Pressure Sensor PS-90,109,430550,10
C0164,P030,Fuel Pump FP-350,70,1533000,7
C0165,P001,Hydraulic Pump HP-300,129,3160500,15
C0165,P002,Engine Oil Filter OF-90,107,77040,11
C0165,P003,Air Filter AF-120,65,81250,9
C0165,P004,Track Chain TC-45,89,3542200,11
C0165,P005,Fuel Injector FI-220,232,1960400,18
C0165,P006,Alternator ALT-500,125,1400000,10
C0165,P007,Hydraulic Hose HH-60,67,97150,5
C0165,P008,Bucket Tooth BT-10,176,102080,11
C0165,P009,Starter Motor SM-700,66,983400,10
C0165,P010,Turbocharger TB-900,129,4502100,11
C0165,P011,Hydraulic Cylinder HC-200,171,4719600,12
C0165,P012,Brake Pad BP-40,105,257250,10
C0165,P013,Seal Kit SK-15,99,143550,7
C0165,P014,Transmission Assembly TA-800,97,8099500,8
C0165,P015,Engine Block EB-600,44,5236000,6
C0165,P016,Radiator RD-250,141,1438200,12
C0165,P017,Fan Belt FB-30,49,25480,5
C0165,P018,Wheel Rim WR-24,142,1604600,16
C0165,P019,Swing Motor SWM-350,185,7363000,15
C0165,P020,Pivot Pin PP-12,72,82800,5
C0165,P021,Boom Cylinder BC-400,155,7161000,11
C0165,P022,Control Valve CV-75,119,2011100,9
C0165,P023,Idler Wheel IW-55,87,1126650,8
C0165,P024,Track Roller TR-60,138,1421400,13
C0165,P025,Cabin Glass CG-20,156,1224600,15
C0165,P026,Grease Cartridge GC-5,85,26350,10
C0165,P027,O-Ring Set OR-50,118,56640,9
C0165,P028,Light Assembly LA-18,110,247500,6
C0165,P029,Pressure Sensor PS-90,120,474000,9
C0165,P030,Fuel Pump FP-350,208,4555200,15
C0166,P001,Hydraulic Pump HP-300,61,1494500,6
C0166,P002,Engine Oil Filter OF-90,78,56160,9
C0166,P003,Air Filter AF-120,55,68750,4
C0166,P004,Track Chain TC-45,68,2706400,6
C0166,P005,Fuel Injector FI-220,92,777400,7
C0166,P006,Alternator ALT-500,80,896000,9
C0166,P007,Hydraulic Hose HH-60,45,65250,4
C0166,P008,Bucket Tooth BT-10,104,60320,8
C0166,P009,Starter Motor SM-700,67,998300,8
C0166,P010,Turbocharger TB-900,61,2128900,6
C0166,P011,Hydraulic Cylinder HC-200,98,2704800,7
C0166,P012,Brake Pad BP-40,139,340550,10
C0166,P013,Seal Kit SK-15,80,116000,6
C0166,P014,Transmission Assembly TA-800,66,5511000,6
C0166,P015,Engine Block EB-600,182,21658000,12
C0166,P016,Radiator RD-250,47,479400,4
C0166,P017,Fan Belt FB-30,159,82680,11
C0166,P018,Wheel Rim WR-24,94,1062200,9
C0166,P019,Swing Motor SWM-350,54,2149200,4
C0166,P020,Pivot Pin PP-12,92,105800,8
C0166,P021,Boom Cylinder BC-400,116,5359200,9
C0166,P022,Control Valve CV-75,125,2112500,9
C0166,P023,Idler Wheel IW-55,115,1489250,9
C0166,P024,Track Roller TR-60,96,988800,11
C0166,P025,Cabin Glass CG-20,96,753600,7
C0166,P026,Grease Cartridge GC-5,113,35030,6
C0166,P027,O-Ring Set OR-50,73,35040,6
C0166,P028,Light Assembly LA-18,131,294750,10
C0166,P029,Pressure Sensor PS-90,75,296250,8
C0166,P030,Fuel Pump FP-350,150,3285000,9
C0167,P001,Hydraulic Pump HP-300,68,1666000,6
C0167,P002,Engine Oil Filter OF-90,68,48960,6
C0167,P003,Air Filter AF-120,124,155000,8
C0167,P004,Track Chain TC-45,33,1313400,5
C0167,P005,Fuel Injector FI-220,122,1030900,9
C0167,P006,Alternator ALT-500,83,929600,6
C0167,P007,Hydraulic Hose HH-60,49,71050,6
C0167,P008,Bucket Tooth BT-10,104,60320,9
C0167,P009,Starter Motor SM-700,86,1281400,9
C0167,P010,Turbocharger TB-900,48,1675200,6
C0167,P011,Hydraulic Cylinder HC-200,94,2594400,8
C0167,P012,Brake Pad BP-40,49,120050,7
C0167,P013,Seal Kit SK-15,86,124700,10
C0167,P014,Transmission Assembly TA-800,94,7849000,7
C0167,P015,Engine Block EB-600,69,8211000,6
C0167,P016,Radiator RD-250,148,1509600,11
C0167,P017,Fan Belt FB-30,63,32760,8
C0167,P018,Wheel Rim WR-24,156,1762800,13
C0167,P019,Swing Motor SWM-350,51,2029800,5
C0167,P020,Pivot Pin PP-12,21,24150,3
C0167,P021,Boom Cylinder BC-400,61,2818200,6
C0167,P022,Control Valve CV-75,82,1385800,7
C0167,P023,Idler Wheel IW-55,111,1437450,8
C0167,P024,Track Roller TR-60,41,422300,3
C0167,P025,Cabin Glass CG-20,93,730050,9
C0167,P026,Grease Cartridge GC-5,72,22320,5
C0167,P027,O-Ring Set OR-50,78,37440,5
C0167,P028,Light Assembly LA-18,59,132750,5
C0167,P029,Pressure Sensor PS-90,113,446350,9
C0167,P030,Fuel Pump FP-350,76,1664400,6
C0168,P001,Hydraulic Pump HP-300,65,1592500,7
C0168,P002,Engine Oil Filter OF-90,91,65520,6
C0168,P003,Air Filter AF-120,109,136250,9
C0168,P004,Track Chain TC-45,69,2746200,7
C0168,P005,Fuel Injector FI-220,146,1233700,10
C0168,P006,Alternator ALT-500,159,1780800,11
C0168,P007,Hydraulic Hose HH-60,118,171100,7
C0168,P008,Bucket Tooth BT-10,59,34220,5
C0168,P009,Starter Motor SM-700,72,1072800,4
C0168,P010,Turbocharger TB-900,136,4746400,11
C0168,P011,Hydraulic Cylinder HC-200,60,1656000,5
C0168,P012,Brake Pad BP-40,67,164150,7
C0168,P013,Seal Kit SK-15,102,147900,10
C0168,P014,Transmission Assembly TA-800,104,8684000,7
C0168,P015,Engine Block EB-600,153,18207000,10
C0168,P016,Radiator RD-250,160,1632000,11
C0168,P017,Fan Belt FB-30,123,63960,8
C0168,P018,Wheel Rim WR-24,44,497200,5
C0168,P019,Swing Motor SWM-350,112,4457600,10
C0168,P020,Pivot Pin PP-12,185,212750,12
C0168,P021,Boom Cylinder BC-400,84,3880800,8
C0168,P022,Control Valve CV-75,123,2078700,9
C0168,P023,Idler Wheel IW-55,136,1761200,12
C0168,P024,Track Roller TR-60,33,339900,5
C0168,P025,Cabin Glass CG-20,132,1036200,13
C0168,P026,Grease Cartridge GC-5,141,43710,10
C0168,P027,O-Ring Set OR-50,123,59040,8
C0168,P028,Light Assembly LA-18,86,193500,8
C0168,P029,Pressure Sensor PS-90,62,244900,7
C0168,P030,Fuel Pump FP-350,103,2255700,7
C0169,P001,Hydraulic Pump HP-300,82,2009000,8
C0169,P002,Engine Oil Filter OF-90,99,71280,10
C0169,P003,Air Filter AF-120,160,200000,14
C0169,P004,Track Chain TC-45,120,4776000,12
C0169,P005,Fuel Injector FI-220,73,616850,6
C0169,P006,Alternator ALT-500,43,481600,5
C0169,P007,Hydraulic Hose HH-60,103,149350,8
C0169,P008,Bucket Tooth BT-10,69,40020,7
C0169,P009,Starter Motor SM-700,136,2026400,9
C0169,P010,Turbocharger TB-900,86,3001400,8
C0169,P011,Hydraulic Cylinder HC-200,177,4885200,14
C0169,P012,Brake Pad BP-40,125,306250,9
C0169,P013,Seal Kit SK-15,73,105850,5
C0169,P014,Transmission Assembly TA-800,102,8517000,8
C0169,P015,Engine Block EB-600,129,15351000,10
C0169,P016,Radiator RD-250,162,1652400,13
C0169,P017,Fan Belt FB-30,96,49920,8
C0169,P018,Wheel Rim WR-24,65,734500,5
C0169,P019,Swing Motor SWM-350,125,4975000,10
C0169,P020,Pivot Pin PP-12,84,96600,5
C0169,P021,Boom Cylinder BC-400,82,3788400,8
C0169,P022,Control Valve CV-75,126,2129400,10
C0169,P023,Idler Wheel IW-55,179,2318050,12
C0169,P024,Track Roller TR-60,109,1122700,11
C0169,P025,Cabin Glass CG-20,56,439600,8
C0169,P026,Grease Cartridge GC-5,101,31310,9
C0169,P027,O-Ring Set OR-50,35,16800,5
C0169,P028,Light Assembly LA-18,97,218250,9
C0169,P029,Pressure Sensor PS-90,106,418700,8
C0169,P030,Fuel Pump FP-350,130,2847000,11
C0170,P001,Hydraulic Pump HP-300,61,1494500,4
C0170,P002,Engine Oil Filter OF-90,75,54000,8
C0170,P003,Air Filter AF-120,30,37500,3
C0170,P004,Track Chain TC-45,119,4736200,9
C0170,P005,Fuel Injector FI-220,156,1318200,10
C0170,P006,Alternator ALT-500,46,515200,3
C0170,P007,Hydraulic Hose HH-60,103,149350,7
C0170,P008,Bucket Tooth BT-10,97,56260,8
C0170,P009,Starter Motor SM-700,58,864200,6
C0170,P010,Turbocharger TB-900,51,1779900,5
C0170,P011,Hydraulic Cylinder HC-200,61,1683600,7
C0170,P012,Brake Pad BP-40,67,164150,7
C0170,P013,Seal Kit SK-15,79,114550,5
C0170,P014,Transmission Assembly TA-800,66,5511000,7
C0170,P015,Engine Block EB-600,68,8092000,10
C0170,P016,Radiator RD-250,79,805800,5
C0170,P017,Fan Belt FB-30,63,32760,6
C0170,P018,Wheel Rim WR-24,59,666700,6
C0170,P019,Swing Motor SWM-350,49,1950200,6
C0170,P020,Pivot Pin PP-12,41,47150,6
C0170,P021,Boom Cylinder BC-400,30,1386000,3
C0170,P022,Control Valve CV-75,115,1943500,10
C0170,P023,Idler Wheel IW-55,70,906500,6
C0170,P024,Track Roller TR-60,50,515000,5
C0170,P025,Cabin Glass CG-20,89,698650,8
C0170,P026,Grease Cartridge GC-5,108,33480,6
C0170,P027,O-Ring Set OR-50,41,19680,4
C0170,P028,Light Assembly LA-18,58,130500,4
C0170,P029,Pressure Sensor PS-90,93,367350,5
C0170,P030,Fuel Pump FP-350,85,1861500,6
C0171,P001,Hydraulic Pump HP-300,161,3944500,12
C0171,P002,Engine Oil Filter OF-90,84,60480,6
C0171,P003,Air Filter AF-120,101,126250,11
C0171,P004,Track Chain TC-45,136,5412800,11
C0171,P005,Fuel Injector FI-220,52,439400,4
C0171,P006,Alternator ALT-500,64,716800,5
C0171,P007,Hydraulic Hose HH-60,63,91350,9
C0171,P008,Bucket Tooth BT-10,118,68440,7
C0171,P009,Starter Motor SM-700,110,1639000,7
C0171,P010,Turbocharger TB-900,62,2163800,5
C0171,P011,Hydraulic Cylinder HC-200,82,2263200,7
C0171,P012,Brake Pad BP-40,115,281750,7
C0171,P013,Seal Kit SK-15,74,107300,7
C0171,P014,Transmission Assembly TA-800,167,13944500,11
C0171,P015,Engine Block EB-600,83,9877000,7
C0171,P016,Radiator RD-250,77,785400,5
C0171,P017,Fan Belt FB-30,81,42120,5
C0171,P018,Wheel Rim WR-24,112,1265600,7
C0171,P019,Swing Motor SWM-350,52,2069600,5
C0171,P020,Pivot Pin PP-12,102,117300,7
C0171,P021,Boom Cylinder BC-400,71,3280200,5
C0171,P022,Control Valve CV-75,8,135200,2
C0171,P023,Idler Wheel IW-55,101,1307950,9
C0171,P024,Track Roller TR-60,75,772500,7
C0171,P025,Cabin Glass CG-20,86,675100,6
C0171,P026,Grease Cartridge GC-5,87,26970,8
C0171,P027,O-Ring Set OR-50,23,11040,3
C0171,P028,Light Assembly LA-18,37,83250,3
C0171,P029,Pressure Sensor PS-90,80,316000,7
C0171,P030,Fuel Pump FP-350,60,1314000,9
C0172,P001,Hydraulic Pump HP-300,129,3160500,10
C0172,P002,Engine Oil Filter OF-90,118,84960,9
C0172,P003,Air Filter AF-120,71,88750,6
C0172,P004,Track Chain TC-45,81,3223800,9
C0172,P005,Fuel Injector FI-220,119,1005550,8
C0172,P006,Alternator ALT-500,158,1769600,12
C0172,P007,Hydraulic Hose HH-60,119,172550,9
C0172,P008,Bucket Tooth BT-10,16,9280,1
C0172,P009,Starter Motor SM-700,73,1087700,6
C0172,P010,Turbocharger TB-900,148,5165200,11
C0172,P011,Hydraulic Cylinder HC-200,29,800400,3
C0172,P012,Brake Pad BP-40,60,147000,6
C0172,P013,Seal Kit SK-15,94,136300,9
C0172,P014,Transmission Assembly TA-800,102,8517000,11
C0172,P015,Engine Block EB-600,102,12138000,8
C0172,P016,Radiator RD-250,99,1009800,9
C0172,P017,Fan Belt FB-30,89,46280,8
C0172,P018,Wheel Rim WR-24,105,1186500,9
C0172,P019,Swing Motor SWM-350,150,5970000,9
C0172,P020,Pivot Pin PP-12,113,129950,7
C0172,P021,Boom Cylinder BC-400,86,3973200,8
C0172,P022,Control Valve CV-75,84,1419600,6
C0172,P023,Idler Wheel IW-55,78,1010100,9
C0172,P024,Track Roller TR-60,94,968200,7
C0172,P025,Cabin Glass CG-20,105,824250,9
C0172,P026,Grease Cartridge GC-5,83,25730,5
C0172,P027,O-Ring Set OR-50,56,26880,5
C0172,P028,Light Assembly LA-18,43,96750,4
C0172,P029,Pressure Sensor PS-90,82,323900,6
C0172,P030,Fuel Pump FP-350,100,2190000,8
C0173,P001,Hydraulic Pump HP-300,159,3895500,8
C0173,P002,Engine Oil Filter OF-90,107,77040,8
C0173,P003,Air Filter AF-120,136,170000,12
C0173,P004,Track Chain TC-45,94,3741200,9
C0173,P005,Fuel Injector FI-220,61,515450,4
C0173,P006,Alternator ALT-500,104,1164800,9
C0173,P007,Hydraulic Hose HH-60,101,146450,7
C0173,P008,Bucket Tooth BT-10,96,55680,10
C0173,P009,Starter Motor SM-700,52,774800,6
C0173,P010,Turbocharger TB-900,45,1570500,4
C0173,P011,Hydraulic Cylinder HC-200,49,1352400,4
C0173,P012,Brake Pad BP-40,28,68600,3
C0173,P013,Seal Kit SK-15,53,76850,5
C0173,P014,Transmission Assembly TA-800,110,9185000,7
C0173,P015,Engine Block EB-600,56,6664000,5
C0173,P016,Radiator RD-250,72,734400,6
C0173,P017,Fan Belt FB-30,133,69160,14
C0173,P018,Wheel Rim WR-24,167,1887100,9
C0173,P019,Swing Motor SWM-350,68,2706400,8
C0173,P020,Pivot Pin PP-12,95,109250,5
C0173,P021,Boom Cylinder BC-400,106,4897200,7
C0173,P022,Control Valve CV-75,167,2822300,10
C0173,P023,Idler Wheel IW-55,126,1631700,8
C0173,P024,Track Roller TR-60,75,772500,6
C0173,P025,Cabin Glass CG-20,90,706500,8
C0173,P026,Grease Cartridge GC-5,75,23250,9
C0173,P027,O-Ring Set OR-50,81,38880,7
C0173,P028,Light Assembly LA-18,109,245250,9
C0173,P029,Pressure Sensor PS-90,98,387100,9
C0173,P030,Fuel Pump FP-350,163,3569700,12
C0174,P001,Hydraulic Pump HP-300,53,1298500,5
C0174,P002,Engine Oil Filter OF-90,83,59760,6
C0174,P003,Air Filter AF-120,72,90000,10
C0174,P004,Track Chain TC-45,26,1034800,2
C0174,P005,Fuel Injector FI-220,83,701350,8
C0174,P006,Alternator ALT-500,77,862400,8
C0174,P007,Hydraulic Hose HH-60,70,101500,6
C0174,P008,Bucket Tooth BT-10,74,42920,5
C0174,P009,Starter Motor SM-700,47,700300,2
C0174,P010,Turbocharger TB-900,96,3350400,5
C0174,P011,Hydraulic Cylinder HC-200,51,1407600,6
C0174,P012,Brake Pad BP-40,129,316050,11
C0174,P013,Seal Kit SK-15,82,118900,5
C0174,P014,Transmission Assembly TA-800,20,1670000,2
C0174,P015,Engine Block EB-600,56,6664000,4
C0174,P016,Radiator RD-250,10,102000,2
C0174,P017,Fan Belt FB-30,105,54600,7
C0174,P018,Wheel Rim WR-24,12,135600,2
C0174,P019,Swing Motor SWM-350,61,2427800,6
C0174,P020,Pivot Pin PP-12,49,56350,4
C0174,P021,Boom Cylinder BC-400,65,3003000,7
C0174,P022,Control Valve CV-75,88,1487200,3
C0174,P023,Idler Wheel IW-55,116,1502200,6
C0174,P024,Track Roller TR-60,40,412000,3
C0174,P025,Cabin Glass CG-20,55,431750,7
C0174,P026,Grease Cartridge GC-5,79,24490,6
C0174,P027,O-Ring Set OR-50,83,39840,7
C0174,P028,Light Assembly LA-18,47,105750,5
C0174,P029,Pressure Sensor PS-90,59,233050,3
C0174,P030,Fuel Pump FP-350,28,613200,3
C0175,P001,Hydraulic Pump HP-300,145,3552500,5
C0175,P002,Engine Oil Filter OF-90,80,57600,7
C0175,P003,Air Filter AF-120,92,115000,8
C0175,P004,Track Chain TC-45,101,4019800,9
C0175,P005,Fuel Injector FI-220,116,980200,9
C0175,P006,Alternator ALT-500,105,1176000,11
C0175,P007,Hydraulic Hose HH-60,101,146450,8
C0175,P008,Bucket Tooth BT-10,56,32480,6
C0175,P009,Starter Motor SM-700,59,879100,4
C0175,P010,Turbocharger TB-900,118,4118200,8
C0175,P011,Hydraulic Cylinder HC-200,111,3063600,9
C0175,P012,Brake Pad BP-40,76,186200,7
C0175,P013,Seal Kit SK-15,15,21750,3
C0175,P014,Transmission Assembly TA-800,67,5594500,4
C0175,P015,Engine Block EB-600,118,14042000,11
C0175,P016,Radiator RD-250,61,622200,6
C0175,P017,Fan Belt FB-30,82,42640,6
C0175,P018,Wheel Rim WR-24,164,1853200,13
C0175,P019,Swing Motor SWM-350,69,2746200,5
C0175,P020,Pivot Pin PP-12,91,104650,8
C0175,P021,Boom Cylinder BC-400,53,2448600,6
C0175,P022,Control Valve CV-75,67,1132300,7
C0175,P023,Idler Wheel IW-55,128,1657600,11
C0175,P024,Track Roller TR-60,104,1071200,8
C0175,P025,Cabin Glass CG-20,91,714350,10
C0175,P026,Grease Cartridge GC-5,76,23560,5
C0175,P027,O-Ring Set OR-50,62,29760,5
C0175,P028,Light Assembly LA-18,67,150750,6
C0175,P029,Pressure Sensor PS-90,84,331800,7
C0175,P030,Fuel Pump FP-350,106,2321400,10
C0176,P001,Hydraulic Pump HP-300,51,1249500,5
C0176,P002,Engine Oil Filter OF-90,144,103680,11
C0176,P003,Air Filter AF-120,69,86250,9
C0176,P004,Track Chain TC-45,111,4417800,8
C0176,P005,Fuel Injector FI-220,101,853450,9
C0176,P006,Alternator ALT-500,118,1321600,10
C0176,P007,Hydraulic Hose HH-60,92,133400,6
C0176,P008,Bucket Tooth BT-10,76,44080,6
C0176,P009,Starter Motor SM-700,108,1609200,9
C0176,P010,Turbocharger TB-900,162,5653800,9
C0176,P011,Hydraulic Cylinder HC-200,145,4002000,11
C0176,P012,Brake Pad BP-40,84,205800,8
C0176,P013,Seal Kit SK-15,98,142100,10
C0176,P014,Transmission Assembly TA-800,104,8684000,8
C0176,P015,Engine Block EB-600,77,9163000,8
C0176,P016,Radiator RD-250,127,1295400,13
C0176,P017,Fan Belt FB-30,82,42640,9
C0176,P018,Wheel Rim WR-24,71,802300,9
C0176,P019,Swing Motor SWM-350,6,238800,2
C0176,P020,Pivot Pin PP-12,34,39100,4
C0176,P021,Boom Cylinder BC-400,100,4620000,9
C0176,P022,Control Valve CV-75,118,1994200,8
C0176,P023,Idler Wheel IW-55,125,1618750,10
C0176,P024,Track Roller TR-60,139,1431700,9
C0176,P025,Cabin Glass CG-20,57,447450,7
C0176,P026,Grease Cartridge GC-5,86,26660,9
C0176,P027,O-Ring Set OR-50,101,48480,9
C0176,P028,Light Assembly LA-18,145,326250,10
C0176,P029,Pressure Sensor PS-90,91,359450,8
C0176,P030,Fuel Pump FP-350,141,3087900,10
C0177,P001,Hydraulic Pump HP-300,67,1641500,4
C0177,P002,Engine Oil Filter OF-90,50,36000,6
C0177,P003,Air Filter AF-120,45,56250,3
C0177,P004,Track Chain TC-45,31,1233800,4
C0177,P005,Fuel Injector FI-220,66,557700,5
C0177,P006,Alternator ALT-500,113,1265600,8
C0177,P007,Hydraulic Hose HH-60,81,117450,7
C0177,P008,Bucket Tooth BT-10,48,27840,5
C0177,P009,Starter Motor SM-700,38,566200,4
C0177,P010,Turbocharger TB-900,62,2163800,4
C0177,P011,Hydraulic Cylinder HC-200,88,2428800,8
C0177,P012,Brake Pad BP-40,79,193550,6
C0177,P013,Seal Kit SK-15,148,214600,11
C0177,P014,Transmission Assembly TA-800,53,4425500,8
C0177,P015,Engine Block EB-600,37,4403000,4
C0177,P016,Radiator RD-250,98,999600,8
C0177,P017,Fan Belt FB-30,133,69160,7
C0177,P018,Wheel Rim WR-24,84,949200,5
C0177,P019,Swing Motor SWM-350,71,2825800,6
C0177,P020,Pivot Pin PP-12,45,51750,4
C0177,P021,Boom Cylinder BC-400,53,2448600,5
C0177,P022,Control Valve CV-75,53,895700,6
C0177,P023,Idler Wheel IW-55,64,828800,8
C0177,P024,Track Roller TR-60,97,999100,7
C0177,P025,Cabin Glass CG-20,33,259050,3
C0177,P026,Grease Cartridge GC-5,101,31310,8
C0177,P027,O-Ring Set OR-50,101,48480,10
C0177,P028,Light Assembly LA-18,98,220500,9
C0177,P029,Pressure Sensor PS-90,85,335750,7
C0177,P030,Fuel Pump FP-350,56,1226400,7
C0178,P001,Hydraulic Pump HP-300,108,2646000,10
C0178,P002,Engine Oil Filter OF-90,89,64080,9
C0178,P003,Air Filter AF-120,156,195000,15
C0178,P004,Track Chain TC-45,108,4298400,10
C0178,P005,Fuel Injector FI-220,180,1521000,14
C0178,P006,Alternator ALT-500,149,1668800,14
C0178,P007,Hydraulic Hose HH-60,127,184150,12
C0178,P008,Bucket Tooth BT-10,103,59740,11
C0178,P009,Starter Motor SM-700,102,1519800,10
C0178,P010,Turbocharger TB-900,102,3559800,8
C0178,P011,Hydraulic Cylinder HC-200,72,1987200,8
C0178,P012,Brake Pad BP-40,92,225400,7
C0178,P013,Seal Kit SK-15,116,168200,10
C0178,P014,Transmission Assembly TA-800,127,10604500,13
C0178,P015,Engine Block EB-600,141,16779000,12
C0178,P016,Radiator RD-250,196,1999200,16
C0178,P017,Fan Belt FB-30,173,89960,12
C0178,P018,Wheel Rim WR-24,120,1356000,12
C0178,P019,Swing Motor SWM-350,161,6407800,15
C0178,P020,Pivot Pin PP-12,118,135700,11
C0178,P021,Boom Cylinder BC-400,184,8500800,14
C0178,P022,Control Valve CV-75,230,3887000,20
C0178,P023,Idler Wheel IW-55,124,1605800,9
C0178,P024,Track Roller TR-60,124,1277200,12
C0178,P025,Cabin Glass CG-20,81,635850,7
C0178,P026,Grease Cartridge GC-5,98,30380,9
C0178,P027,O-Ring Set OR-50,152,72960,11
C0178,P028,Light Assembly LA-18,95,213750,7
C0178,P029,Pressure Sensor PS-90,141,556950,10
C0178,P030,Fuel Pump FP-350,188,4117200,13
C0179,P001,Hydraulic Pump HP-300,39,955500,4
C0179,P002,Engine Oil Filter OF-90,110,79200,8
C0179,P003,Air Filter AF-120,101,126250,8
C0179,P004,Track Chain TC-45,100,3980000,10
C0179,P005,Fuel Injector FI-220,38,321100,3
C0179,P006,Alternator ALT-500,124,1388800,9
C0179,P007,Hydraulic Hose HH-60,131,189950,10
C0179,P008,Bucket Tooth BT-10,53,30740,5
C0179,P009,Starter Motor SM-700,43,640700,4
C0179,P010,Turbocharger TB-900,93,3245700,9
C0179,P011,Hydraulic Cylinder HC-200,60,1656000,4
C0179,P012,Brake Pad BP-40,44,107800,7
C0179,P013,Seal Kit SK-15,102,147900,8
C0179,P014,Transmission Assembly TA-800,39,3256500,5
C0179,P015,Engine Block EB-600,33,3927000,5
C0179,P016,Radiator RD-250,113,1152600,9
C0179,P017,Fan Belt FB-30,91,47320,7
C0179,P018,Wheel Rim WR-24,92,1039600,8
C0179,P019,Swing Motor SWM-350,96,3820800,7
C0179,P020,Pivot Pin PP-12,101,116150,8
C0179,P021,Boom Cylinder BC-400,66,3049200,5
C0179,P022,Control Valve CV-75,86,1453400,8
C0179,P023,Idler Wheel IW-55,46,595700,3
C0179,P024,Track Roller TR-60,79,813700,10
C0179,P025,Cabin Glass CG-20,90,706500,7
C0179,P026,Grease Cartridge GC-5,51,15810,6
C0179,P027,O-Ring Set OR-50,113,54240,11
C0179,P028,Light Assembly LA-18,54,121500,6
C0179,P029,Pressure Sensor PS-90,79,312050,8
C0179,P030,Fuel Pump FP-350,87,1905300,6
C0180,P001,Hydraulic Pump HP-300,61,1494500,4
C0180,P002,Engine Oil Filter OF-90,81,58320,9
C0180,P003,Air Filter AF-120,71,88750,7
C0180,P004,Track Chain TC-45,34,1353200,4
C0180,P005,Fuel Injector FI-220,142,1199900,11
C0180,P006,Alternator ALT-500,86,963200,6
C0180,P007,Hydraulic Hose HH-60,99,143550,7
C0180,P008,Bucket Tooth BT-10,79,45820,7
C0180,P009,Starter Motor SM-700,135,2011500,11
C0180,P010,Turbocharger TB-900,58,2024200,5
C0180,P011,Hydraulic Cylinder HC-200,99,2732400,8
C0180,P012,Brake Pad BP-40,70,171500,5
C0180,P013,Seal Kit SK-15,57,82650,4
C0180,P014,Transmission Assembly TA-800,18,1503000,1
C0180,P016,Radiator RD-250,97,989400,8
C0180,P017,Fan Belt FB-30,93,48360,7
C0180,P018,Wheel Rim WR-24,73,824900,8
C0180,P019,Swing Motor SWM-350,49,1950200,6
C0180,P020,Pivot Pin PP-12,27,31050,3
C0180,P021,Boom Cylinder BC-400,85,3927000,5
C0180,P022,Control Valve CV-75,25,422500,2
C0180,P023,Idler Wheel IW-55,106,1372700,7
C0180,P024,Track Roller TR-60,85,875500,6
C0180,P025,Cabin Glass CG-20,64,502400,6
C0180,P026,Grease Cartridge GC-5,72,22320,7
C0180,P027,O-Ring Set OR-50,117,56160,10
C0180,P028,Light Assembly LA-18,29,65250,3
C0180,P029,Pressure Sensor PS-90,84,331800,6
C0180,P030,Fuel Pump FP-350,51,1116900,5
C0181,P001,Hydraulic Pump HP-300,65,1592500,6
C0181,P002,Engine Oil Filter OF-90,79,56880,7
C0181,P003,Air Filter AF-120,145,181250,9
C0181,P004,Track Chain TC-45,120,4776000,8
C0181,P005,Fuel Injector FI-220,99,836550,9
C0181,P006,Alternator ALT-500,28,313600,4
C0181,P007,Hydraulic Hose HH-60,96,139200,8
C0181,P008,Bucket Tooth BT-10,105,60900,10
C0181,P009,Starter Motor SM-700,99,1475100,6
C0181,P010,Turbocharger TB-900,89,3106100,7
C0181,P011,Hydraulic Cylinder HC-200,127,3505200,10
C0181,P012,Brake Pad BP-40,77,188650,8
C0181,P013,Seal Kit SK-15,104,150800,10
C0181,P014,Transmission Assembly TA-800,45,3757500,5
C0181,P015,Engine Block EB-600,93,11067000,6
C0181,P016,Radiator RD-250,84,856800,10
C0181,P017,Fan Belt FB-30,68,35360,7
C0181,P018,Wheel Rim WR-24,113,1276900,10
C0181,P019,Swing Motor SWM-350,37,1472600,5
C0181,P020,Pivot Pin PP-12,115,132250,9
C0181,P021,Boom Cylinder BC-400,100,4620000,11
C0181,P022,Control Valve CV-75,121,2044900,9
C0181,P023,Idler Wheel IW-55,57,738150,6
C0181,P024,Track Roller TR-60,102,1050600,8
C0181,P025,Cabin Glass CG-20,111,871350,9
C0181,P026,Grease Cartridge GC-5,41,12710,4
C0181,P027,O-Ring Set OR-50,73,35040,7
C0181,P028,Light Assembly LA-18,99,222750,8
C0181,P029,Pressure Sensor PS-90,85,335750,9
C0181,P030,Fuel Pump FP-350,104,2277600,7
C0182,P001,Hydraulic Pump HP-300,64,1568000,4
C0182,P002,Engine Oil Filter OF-90,88,63360,7
C0182,P003,Air Filter AF-120,89,111250,6
C0182,P004,Track Chain TC-45,35,1393000,4
C0182,P005,Fuel Injector FI-220,25,211250,2
C0182,P006,Alternator ALT-500,70,784000,6
C0182,P007,Hydraulic Hose HH-60,77,111650,7
C0182,P008,Bucket Tooth BT-10,43,24940,6
C0182,P009,Starter Motor SM-700,57,849300,6
C0182,P010,Turbocharger TB-900,74,2582600,8
C0182,P011,Hydraulic Cylinder HC-200,15,414000,3
C0182,P012,Brake Pad BP-40,95,232750,7
C0182,P013,Seal Kit SK-15,86,124700,8
C0182,P014,Transmission Assembly TA-800,27,2254500,2
C0182,P015,Engine Block EB-600,90,10710000,7
C0182,P016,Radiator RD-250,119,1213800,7
C0182,P017,Fan Belt FB-30,93,48360,6
C0182,P018,Wheel Rim WR-24,136,1536800,9
C0182,P019,Swing Motor SWM-350,86,3422800,7
C0182,P020,Pivot Pin PP-12,102,117300,8
C0182,P021,Boom Cylinder BC-400,93,4296600,7
C0182,P022,Control Valve CV-75,81,1368900,7
C0182,P023,Idler Wheel IW-55,42,543900,3
C0182,P024,Track Roller TR-60,100,1030000,7
C0182,P025,Cabin Glass CG-20,48,376800,6
C0182,P026,Grease Cartridge GC-5,85,26350,8
C0182,P027,O-Ring Set OR-50,62,29760,5
C0182,P028,Light Assembly LA-18,62,139500,4
C0182,P029,Pressure Sensor PS-90,56,221200,5
C0182,P030,Fuel Pump FP-350,3,65700,1
C0183,P001,Hydraulic Pump HP-300,85,2082500,8
C0183,P002,Engine Oil Filter OF-90,35,25200,5
C0183,P003,Air Filter AF-120,103,128750,8
C0183,P004,Track Chain TC-45,70,2786000,6
C0183,P005,Fuel Injector FI-220,51,430950,6
C0183,P006,Alternator ALT-500,85,952000,8
C0183,P007,Hydraulic Hose HH-60,71,102950,5
C0183,P008,Bucket Tooth BT-10,90,52200,8
C0183,P009,Starter Motor SM-700,107,1594300,10
C0183,P010,Turbocharger TB-900,53,1849700,4
C0183,P011,Hydraulic Cylinder HC-200,92,2539200,7
C0183,P012,Brake Pad BP-40,63,154350,5
C0183,P013,Seal Kit SK-15,74,107300,6
C0183,P014,Transmission Assembly TA-800,51,4258500,4
C0183,P015,Engine Block EB-600,29,3451000,4
C0183,P016,Radiator RD-250,51,520200,5
C0183,P017,Fan Belt FB-30,80,41600,10
C0183,P018,Wheel Rim WR-24,78,881400,8
C0183,P019,Swing Motor SWM-350,56,2228800,5
C0183,P020,Pivot Pin PP-12,38,43700,7
C0183,P021,Boom Cylinder BC-400,47,2171400,4
C0183,P022,Control Valve CV-75,120,2028000,8
C0183,P023,Idler Wheel IW-55,77,997150,7
C0183,P024,Track Roller TR-60,56,576800,5
C0183,P025,Cabin Glass CG-20,77,604450,6
C0183,P026,Grease Cartridge GC-5,50,15500,4
C0183,P027,O-Ring Set OR-50,47,22560,5
C0183,P028,Light Assembly LA-18,85,191250,7
C0183,P029,Pressure Sensor PS-90,144,568800,11
C0183,P030,Fuel Pump FP-350,50,1095000,6
C0184,P001,Hydraulic Pump HP-300,109,2670500,10
C0184,P002,Engine Oil Filter OF-90,104,74880,9
C0184,P003,Air Filter AF-120,108,135000,11
C0184,P004,Track Chain TC-45,87,3462600,8
C0184,P005,Fuel Injector FI-220,71,599950,7
C0184,P006,Alternator ALT-500,76,851200,9
C0184,P007,Hydraulic Hose HH-60,90,130500,10
C0184,P008,Bucket Tooth BT-10,55,31900,8
C0184,P009,Starter Motor SM-700,68,1013200,6
C0184,P010,Turbocharger TB-900,116,4048400,8
C0184,P011,Hydraulic Cylinder HC-200,40,1104000,6
C0184,P012,Brake Pad BP-40,111,271950,8
C0184,P013,Seal Kit SK-15,113,163850,9
C0184,P014,Transmission Assembly TA-800,157,13109500,11
C0184,P015,Engine Block EB-600,96,11424000,9
C0184,P016,Radiator RD-250,157,1601400,11
C0184,P017,Fan Belt FB-30,117,60840,11
C0184,P018,Wheel Rim WR-24,111,1254300,8
C0184,P019,Swing Motor SWM-350,106,4218800,8
C0184,P020,Pivot Pin PP-12,44,50600,3
C0184,P021,Boom Cylinder BC-400,58,2679600,7
C0184,P022,Control Valve CV-75,83,1402700,8
C0184,P023,Idler Wheel IW-55,122,1579900,9
C0184,P024,Track Roller TR-60,91,937300,8
C0184,P025,Cabin Glass CG-20,110,863500,8
C0184,P026,Grease Cartridge GC-5,83,25730,5
C0184,P027,O-Ring Set OR-50,82,39360,6
C0184,P028,Light Assembly LA-18,64,144000,7
C0184,P029,Pressure Sensor PS-90,92,363400,6
C0184,P030,Fuel Pump FP-350,125,2737500,13
C0185,P001,Hydraulic Pump HP-300,49,1200500,5
C0185,P002,Engine Oil Filter OF-90,87,62640,10
C0185,P003,Air Filter AF-120,74,92500,9
C0185,P004,Track Chain TC-45,75,2985000,7
C0185,P005,Fuel Injector FI-220,63,532350,9
C0185,P006,Alternator ALT-500,77,862400,7
C0185,P007,Hydraulic Hose HH-60,95,137750,8
C0185,P008,Bucket Tooth BT-10,144,83520,11
C0185,P009,Starter Motor SM-700,58,864200,6
C0185,P010,Turbocharger TB-900,105,3664500,9
C0185,P011,Hydraulic Cylinder HC-200,81,2235600,8
C0185,P012,Brake Pad BP-40,115,281750,9
C0185,P013,Seal Kit SK-15,60,87000,4
C0185,P014,Transmission Assembly TA-800,101,8433500,7
C0185,P015,Engine Block EB-600,74,8806000,7
C0185,P016,Radiator RD-250,82,836400,6
C0185,P017,Fan Belt FB-30,67,34840,6
C0185,P018,Wheel Rim WR-24,68,768400,7
C0185,P019,Swing Motor SWM-350,118,4696400,9
C0185,P020,Pivot Pin PP-12,80,92000,7
C0185,P021,Boom Cylinder BC-400,89,4111800,8
C0185,P022,Control Valve CV-75,69,1166100,7
C0185,P023,Idler Wheel IW-55,67,867650,6
C0185,P024,Track Roller TR-60,17,175100,1
C0185,P025,Cabin Glass CG-20,150,1177500,12
C0185,P026,Grease Cartridge GC-5,93,28830,8
C0185,P027,O-Ring Set OR-50,111,53280,7
C0185,P028,Light Assembly LA-18,132,297000,9
C0185,P029,Pressure Sensor PS-90,75,296250,6
C0185,P030,Fuel Pump FP-350,44,963600,4
C0186,P001,Hydraulic Pump HP-300,100,2450000,6
C0186,P002,Engine Oil Filter OF-90,73,52560,6
C0186,P003,Air Filter AF-120,96,120000,8
C0186,P004,Track Chain TC-45,82,3263600,5
C0186,P005,Fuel Injector FI-220,74,625300,6
C0186,P006,Alternator ALT-500,140,1568000,11
C0186,P007,Hydraulic Hose HH-60,85,123250,8
C0186,P008,Bucket Tooth BT-10,142,82360,9
C0186,P009,Starter Motor SM-700,67,998300,7
C0186,P010,Turbocharger TB-900,110,3839000,8
C0186,P011,Hydraulic Cylinder HC-200,90,2484000,6
C0186,P012,Brake Pad BP-40,73,178850,6
C0186,P013,Seal Kit SK-15,43,62350,5
C0186,P014,Transmission Assembly TA-800,150,12525000,10
C0186,P015,Engine Block EB-600,107,12733000,11
C0186,P016,Radiator RD-250,82,836400,9
C0186,P017,Fan Belt FB-30,128,66560,10
C0186,P018,Wheel Rim WR-24,103,1163900,7
C0186,P019,Swing Motor SWM-350,147,5850600,9
C0186,P020,Pivot Pin PP-12,199,228850,14
C0186,P021,Boom Cylinder BC-400,89,4111800,7
C0186,P022,Control Valve CV-75,67,1132300,7
C0186,P023,Idler Wheel IW-55,127,1644650,10
C0186,P024,Track Roller TR-60,134,1380200,9
C0186,P025,Cabin Glass CG-20,90,706500,9
C0186,P026,Grease Cartridge GC-5,96,29760,8
C0186,P027,O-Ring Set OR-50,97,46560,8
C0186,P028,Light Assembly LA-18,97,218250,9
C0186,P029,Pressure Sensor PS-90,7,27650,2
C0186,P030,Fuel Pump FP-350,99,2168100,8
C0187,P001,Hydraulic Pump HP-300,108,2646000,8
C0187,P002,Engine Oil Filter OF-90,18,12960,1
C0187,P003,Air Filter AF-120,94,117500,7
C0187,P004,Track Chain TC-45,101,4019800,9
C0187,P005,Fuel Injector FI-220,89,752050,11
C0187,P006,Alternator ALT-500,67,750400,5
C0187,P007,Hydraulic Hose HH-60,10,14500,3
C0187,P008,Bucket Tooth BT-10,103,59740,10
C0187,P009,Starter Motor SM-700,56,834400,6
C0187,P010,Turbocharger TB-900,29,1012100,5
C0187,P011,Hydraulic Cylinder HC-200,39,1076400,3
C0187,P012,Brake Pad BP-40,77,188650,7
C0187,P013,Seal Kit SK-15,117,169650,8
C0187,P014,Transmission Assembly TA-800,80,6680000,9
C0187,P015,Engine Block EB-600,63,7497000,7
C0187,P016,Radiator RD-250,43,438600,3
C0187,P017,Fan Belt FB-30,126,65520,9
C0187,P018,Wheel Rim WR-24,71,802300,5
C0187,P019,Swing Motor SWM-350,76,3024800,7
C0187,P020,Pivot Pin PP-12,51,58650,4
C0187,P021,Boom Cylinder BC-400,77,3557400,4
C0187,P022,Control Valve CV-75,73,1233700,3
C0187,P023,Idler Wheel IW-55,90,1165500,7
C0187,P024,Track Roller TR-60,78,803400,6
C0187,P025,Cabin Glass CG-20,42,329700,5
C0187,P026,Grease Cartridge GC-5,38,11780,3
C0187,P027,O-Ring Set OR-50,80,38400,7
C0187,P028,Light Assembly LA-18,30,67500,3
C0187,P029,Pressure Sensor PS-90,66,260700,7
C0187,P030,Fuel Pump FP-350,57,1248300,6
C0188,P001,Hydraulic Pump HP-300,105,2572500,10
C0188,P002,Engine Oil Filter OF-90,130,93600,11
C0188,P003,Air Filter AF-120,129,161250,10
C0188,P004,Track Chain TC-45,80,3184000,7
C0188,P005,Fuel Injector FI-220,70,591500,8
C0188,P006,Alternator ALT-500,127,1422400,10
C0188,P007,Hydraulic Hose HH-60,29,42050,4
C0188,P008,Bucket Tooth BT-10,126,73080,9
C0188,P009,Starter Motor SM-700,63,938700,5
C0188,P010,Turbocharger TB-900,112,3908800,7
C0188,P011,Hydraulic Cylinder HC-200,115,3174000,8
C0188,P012,Brake Pad BP-40,164,401800,15
C0188,P013,Seal Kit SK-15,76,110200,7
C0188,P014,Transmission Assembly TA-800,90,7515000,11
C0188,P015,Engine Block EB-600,69,8211000,7
C0188,P016,Radiator RD-250,104,1060800,7
C0188,P017,Fan Belt FB-30,101,52520,10
C0188,P018,Wheel Rim WR-24,114,1288200,10
C0188,P019,Swing Motor SWM-350,76,3024800,8
C0188,P020,Pivot Pin PP-12,44,50600,3
C0188,P021,Boom Cylinder BC-400,104,4804800,8
C0188,P022,Control Valve CV-75,69,1166100,7
C0188,P023,Idler Wheel IW-55,42,543900,4
C0188,P024,Track Roller TR-60,67,690100,7
C0188,P025,Cabin Glass CG-20,70,549500,8
C0188,P026,Grease Cartridge GC-5,144,44640,12
C0188,P027,O-Ring Set OR-50,84,40320,5
C0188,P028,Light Assembly LA-18,70,157500,7
C0188,P029,Pressure Sensor PS-90,97,383150,8
C0188,P030,Fuel Pump FP-350,93,2036700,9
C0189,P001,Hydraulic Pump HP-300,164,4018000,12
C0189,P002,Engine Oil Filter OF-90,85,61200,8
C0189,P003,Air Filter AF-120,96,120000,8
C0189,P004,Track Chain TC-45,91,3621800,8
C0189,P005,Fuel Injector FI-220,117,988650,13
C0189,P006,Alternator ALT-500,77,862400,6
C0189,P007,Hydraulic Hose HH-60,96,139200,7
C0189,P008,Bucket Tooth BT-10,175,101500,12
C0189,P009,Starter Motor SM-700,73,1087700,6
C0189,P010,Turbocharger TB-900,60,2094000,8
C0189,P011,Hydraulic Cylinder HC-200,127,3505200,11
C0189,P012,Brake Pad BP-40,75,183750,8
C0189,P013,Seal Kit SK-15,77,111650,7
C0189,P014,Transmission Assembly TA-800,111,9268500,9
C0189,P015,Engine Block EB-600,96,11424000,10
C0189,P016,Radiator RD-250,129,1315800,13
C0189,P017,Fan Belt FB-30,137,71240,10
C0189,P018,Wheel Rim WR-24,74,836200,5
C0189,P019,Swing Motor SWM-350,48,1910400,4
C0189,P020,Pivot Pin PP-12,79,90850,6
C0189,P021,Boom Cylinder BC-400,88,4065600,7
C0189,P022,Control Valve CV-75,106,1791400,9
C0189,P023,Idler Wheel IW-55,174,2253300,13
C0189,P024,Track Roller TR-60,116,1194800,9
C0189,P025,Cabin Glass CG-20,155,1216750,10
C0189,P026,Grease Cartridge GC-5,119,36890,11
C0189,P027,O-Ring Set OR-50,267,128160,13
C0189,P028,Light Assembly LA-18,93,209250,7
C0189,P029,Pressure Sensor PS-90,84,331800,9
C0189,P030,Fuel Pump FP-350,73,1598700,5
C0190,P001,Hydraulic Pump HP-300,70,1715000,7
C0190,P002,Engine Oil Filter OF-90,44,31680,4
C0190,P003,Air Filter AF-120,86,107500,10
C0190,P004,Track Chain TC-45,49,1950200,6
C0190,P005,Fuel Injector FI-220,79,667550,6
C0190,P006,Alternator ALT-500,139,1556800,11
C0190,P007,Hydraulic Hose HH-60,62,89900,7
C0190,P008,Bucket Tooth BT-10,67,38860,5
C0190,P009,Starter Motor SM-700,87,1296300,6
C0190,P010,Turbocharger TB-900,42,1465800,3
C0190,P011,Hydraulic Cylinder HC-200,72,1987200,8
C0190,P012,Brake Pad BP-40,91,222950,8
C0190,P013,Seal Kit SK-15,121,175450,9
C0190,P014,Transmission Assembly TA-800,149,12441500,11
C0190,P015,Engine Block EB-600,71,8449000,7
C0190,P016,Radiator RD-250,99,1009800,9
C0190,P017,Fan Belt FB-30,78,40560,6
C0190,P018,Wheel Rim WR-24,79,892700,6
C0190,P019,Swing Motor SWM-350,125,4975000,11
C0190,P020,Pivot Pin PP-12,44,50600,4
C0190,P021,Boom Cylinder BC-400,65,3003000,7
C0190,P022,Control Valve CV-75,124,2095600,7
C0190,P023,Idler Wheel IW-55,80,1036000,6
C0190,P024,Track Roller TR-60,96,988800,7
C0190,P025,Cabin Glass CG-20,42,329700,4
C0190,P026,Grease Cartridge GC-5,122,37820,11
C0190,P027,O-Ring Set OR-50,122,58560,6
C0190,P028,Light Assembly LA-18,81,182250,7
C0190,P029,Pressure Sensor PS-90,21,82950,3
C0190,P030,Fuel Pump FP-350,132,2890800,12
C0191,P001,Hydraulic Pump HP-300,90,2205000,7
C0191,P002,Engine Oil Filter OF-90,86,61920,6
C0191,P003,Air Filter AF-120,61,76250,4
C0191,P004,Track Chain TC-45,36,1432800,3
C0191,P005,Fuel Injector FI-220,79,667550,7
C0191,P006,Alternator ALT-500,71,795200,6
C0191,P007,Hydraulic Hose HH-60,18,26100,2
C0191,P008,Bucket Tooth BT-10,38,22040,4
C0191,P009,Starter Motor SM-700,85,1266500,5
C0191,P010,Turbocharger TB-900,100,3490000,7
C0191,P011,Hydraulic Cylinder HC-200,55,1518000,9
C0191,P012,Brake Pad BP-40,93,227850,8
C0191,P013,Seal Kit SK-15,121,175450,8
C0191,P014,Transmission Assembly TA-800,76,6346000,7
C0191,P015,Engine Block EB-600,174,20706000,9
C0191,P016,Radiator RD-250,85,867000,8
C0191,P017,Fan Belt FB-30,64,33280,4
C0191,P018,Wheel Rim WR-24,48,542400,4
C0191,P019,Swing Motor SWM-350,86,3422800,8
C0191,P020,Pivot Pin PP-12,39,44850,3
C0191,P021,Boom Cylinder BC-400,115,5313000,8
C0191,P022,Control Valve CV-75,122,2061800,8
C0191,P023,Idler Wheel IW-55,89,1152550,6
C0191,P024,Track Roller TR-60,105,1081500,7
C0191,P025,Cabin Glass CG-20,76,596600,6
C0191,P026,Grease Cartridge GC-5,11,3410,1
C0191,P027,O-Ring Set OR-50,83,39840,9
C0191,P028,Light Assembly LA-18,89,200250,7
C0191,P029,Pressure Sensor PS-90,47,185650,3
C0191,P030,Fuel Pump FP-350,67,1467300,3
C0192,P001,Hydraulic Pump HP-300,58,1421000,6
C0192,P002,Engine Oil Filter OF-90,205,147600,16
C0192,P003,Air Filter AF-120,121,151250,11
C0192,P004,Track Chain TC-45,24,955200,3
C0192,P005,Fuel Injector FI-220,98,828100,7
C0192,P006,Alternator ALT-500,94,1052800,9
C0192,P007,Hydraulic Hose HH-60,97,140650,9
C0192,P008,Bucket Tooth BT-10,65,37700,9
C0192,P009,Starter Motor SM-700,110,1639000,9
C0192,P010,Turbocharger TB-900,135,4711500,10
C0192,P011,Hydraulic Cylinder HC-200,109,3008400,10
C0192,P012,Brake Pad BP-40,65,159250,4
C0192,P013,Seal Kit SK-15,135,195750,13
C0192,P014,Transmission Assembly TA-800,38,3173000,5
C0192,P015,Engine Block EB-600,190,22610000,14
C0192,P016,Radiator RD-250,81,826200,6
C0192,P017,Fan Belt FB-30,110,57200,10
C0192,P018,Wheel Rim WR-24,109,1231700,10
C0192,P019,Swing Motor SWM-350,150,5970000,10
C0192,P020,Pivot Pin PP-12,30,34500,4
C0192,P021,Boom Cylinder BC-400,116,5359200,9
C0192,P022,Control Valve CV-75,67,1132300,5
C0192,P023,Idler Wheel IW-55,118,1528100,11
C0192,P024,Track Roller TR-60,81,834300,8
C0192,P025,Cabin Glass CG-20,36,282600,3
C0192,P026,Grease Cartridge GC-5,45,13950,6
C0192,P027,O-Ring Set OR-50,114,54720,8
C0192,P028,Light Assembly LA-18,67,150750,7
C0192,P029,Pressure Sensor PS-90,66,260700,5
C0192,P030,Fuel Pump FP-350,65,1423500,6
C0193,P001,Hydraulic Pump HP-300,44,1078000,4
C0193,P002,Engine Oil Filter OF-90,85,61200,8
C0193,P003,Air Filter AF-120,78,97500,7
C0193,P004,Track Chain TC-45,113,4497400,10
C0193,P005,Fuel Injector FI-220,119,1005550,9
C0193,P006,Alternator ALT-500,100,1120000,8
C0193,P007,Hydraulic Hose HH-60,50,72500,6
C0193,P008,Bucket Tooth BT-10,100,58000,9
C0193,P009,Starter Motor SM-700,34,506600,4
C0193,P010,Turbocharger TB-900,52,1814800,6
C0193,P011,Hydraulic Cylinder HC-200,141,3891600,12
C0193,P012,Brake Pad BP-40,74,181300,8
C0193,P013,Seal Kit SK-15,57,82650,4
C0193,P014,Transmission Assembly TA-800,147,12274500,12
C0193,P015,Engine Block EB-600,81,9639000,8
C0193,P016,Radiator RD-250,61,622200,5
C0193,P017,Fan Belt FB-30,171,88920,11
C0193,P018,Wheel Rim WR-24,158,1785400,13
C0193,P019,Swing Motor SWM-350,74,2945200,7
C0193,P020,Pivot Pin PP-12,75,86250,8
C0193,P021,Boom Cylinder BC-400,106,4897200,8
C0193,P022,Control Valve CV-75,150,2535000,12
C0193,P023,Idler Wheel IW-55,96,1243200,7
C0193,P024,Track Roller TR-60,96,988800,8
C0193,P025,Cabin Glass CG-20,200,1570000,13
C0193,P026,Grease Cartridge GC-5,94,29140,10
C0193,P027,O-Ring Set OR-50,63,30240,5
C0193,P028,Light Assembly LA-18,102,229500,11
C0193,P029,Pressure Sensor PS-90,99,391050,8
C0193,P030,Fuel Pump FP-350,181,3963900,13
C0194,P001,Hydraulic Pump HP-300,95,2327500,9
C0194,P002,Engine Oil Filter OF-90,64,46080,3
C0194,P003,Air Filter AF-120,58,72500,4
C0194,P004,Track Chain TC-45,106,4218800,10
C0194,P005,Fuel Injector FI-220,40,338000,3
C0194,P006,Alternator ALT-500,75,840000,8
C0194,P007,Hydraulic Hose HH-60,77,111650,3
C0194,P008,Bucket Tooth BT-10,37,21460,3
C0194,P009,Starter Motor SM-700,12,178800,2
C0194,P010,Turbocharger TB-900,75,2617500,7
C0194,P011,Hydraulic Cylinder HC-200,65,1794000,9
C0194,P012,Brake Pad BP-40,77,188650,5
C0194,P013,Seal Kit SK-15,81,117450,6
C0194,P014,Transmission Assembly TA-800,134,11189000,8
C0194,P015,Engine Block EB-600,49,5831000,6
C0194,P016,Radiator RD-250,14,142800,3
C0194,P017,Fan Belt FB-30,81,42120,6
C0194,P018,Wheel Rim WR-24,37,418100,4
C0194,P019,Swing Motor SWM-350,18,716400,2
C0194,P020,Pivot Pin PP-12,18,20700,3
C0194,P021,Boom Cylinder BC-400,70,3234000,5
C0194,P022,Control Valve CV-75,86,1453400,7
C0194,P023,Idler Wheel IW-55,36,466200,4
C0194,P024,Track Roller TR-60,43,442900,4
C0194,P025,Cabin Glass CG-20,111,871350,6
C0194,P026,Grease Cartridge GC-5,69,21390,5
C0194,P027,O-Ring Set OR-50,41,19680,3
C0194,P028,Light Assembly LA-18,64,144000,5
C0194,P029,Pressure Sensor PS-90,59,233050,5
C0194,P030,Fuel Pump FP-350,53,1160700,4
C0195,P001,Hydraulic Pump HP-300,107,2621500,7
C0195,P002,Engine Oil Filter OF-90,53,38160,6
C0195,P003,Air Filter AF-120,68,85000,5
C0195,P004,Track Chain TC-45,57,2268600,6
C0195,P005,Fuel Injector FI-220,67,566150,7
C0195,P006,Alternator ALT-500,63,705600,8
C0195,P007,Hydraulic Hose HH-60,69,100050,7
C0195,P008,Bucket Tooth BT-10,35,20300,3
C0195,P009,Starter Motor SM-700,64,953600,5
C0195,P010,Turbocharger TB-900,123,4292700,7
C0195,P011,Hydraulic Cylinder HC-200,75,2070000,7
C0195,P012,Brake Pad BP-40,78,191100,6
C0195,P013,Seal Kit SK-15,119,172550,8
C0195,P014,Transmission Assembly TA-800,52,4342000,6
C0195,P015,Engine Block EB-600,94,11186000,6
C0195,P016,Radiator RD-250,60,612000,5
C0195,P017,Fan Belt FB-30,42,21840,6
C0195,P018,Wheel Rim WR-24,91,1028300,8
C0195,P019,Swing Motor SWM-350,172,6845600,11
C0195,P020,Pivot Pin PP-12,37,42550,3
C0195,P021,Boom Cylinder BC-400,101,4666200,8
C0195,P022,Control Valve CV-75,28,473200,5
C0195,P023,Idler Wheel IW-55,54,699300,4
C0195,P024,Track Roller TR-60,67,690100,7
C0195,P025,Cabin Glass CG-20,61,478850,6
C0195,P026,Grease Cartridge GC-5,97,30070,7
C0195,P027,O-Ring Set OR-50,169,81120,12
C0195,P028,Light Assembly LA-18,45,101250,4
C0195,P029,Pressure Sensor PS-90,66,260700,7
C0195,P030,Fuel Pump FP-350,33,722700,4
C0196,P001,Hydraulic Pump HP-300,97,2376500,8
C0196,P002,Engine Oil Filter OF-90,157,113040,12
C0196,P003,Air Filter AF-120,109,136250,10
C0196,P004,Track Chain TC-45,101,4019800,9
C0196,P005,Fuel Injector FI-220,142,1199900,9
C0196,P006,Alternator ALT-500,197,2206400,14
C0196,P007,Hydraulic Hose HH-60,53,76850,4
C0196,P008,Bucket Tooth BT-10,83,48140,7
C0196,P009,Starter Motor SM-700,85,1266500,11
C0196,P010,Turbocharger TB-900,168,5863200,15
C0196,P011,Hydraulic Cylinder HC-200,117,3229200,9
C0196,P012,Brake Pad BP-40,67,164150,7
C0196,P013,Seal Kit SK-15,114,165300,11
C0196,P014,Transmission Assembly TA-800,77,6429500,7
C0196,P015,Engine Block EB-600,96,11424000,7
C0196,P016,Radiator RD-250,89,907800,11
C0196,P017,Fan Belt FB-30,151,78520,12
C0196,P018,Wheel Rim WR-24,124,1401200,13
C0196,P019,Swing Motor SWM-350,75,2985000,5
C0196,P020,Pivot Pin PP-12,100,115000,9
C0196,P021,Boom Cylinder BC-400,131,6052200,7
C0196,P022,Control Valve CV-75,149,2518100,15
C0196,P023,Idler Wheel IW-55,74,958300,5
C0196,P024,Track Roller TR-60,137,1411100,11
C0196,P025,Cabin Glass CG-20,84,659400,6
C0196,P026,Grease Cartridge GC-5,127,39370,9
C0196,P027,O-Ring Set OR-50,100,48000,7
C0196,P028,Light Assembly LA-18,115,258750,11
C0196,P029,Pressure Sensor PS-90,158,624100,15
C0196,P030,Fuel Pump FP-350,206,4511400,12
C0197,P001,Hydraulic Pump HP-300,137,3356500,12
C0197,P002,Engine Oil Filter OF-90,138,99360,9
C0197,P003,Air Filter AF-120,83,103750,6
C0197,P004,Track Chain TC-45,101,4019800,7
C0197,P005,Fuel Injector FI-220,94,794300,11
C0197,P006,Alternator ALT-500,58,649600,9
C0197,P007,Hydraulic Hose HH-60,118,171100,8
C0197,P008,Bucket Tooth BT-10,137,79460,11
C0197,P009,Starter Motor SM-700,95,1415500,10
C0197,P010,Turbocharger TB-900,155,5409500,12
C0197,P011,Hydraulic Cylinder HC-200,160,4416000,15
C0197,P012,Brake Pad BP-40,96,235200,9
C0197,P013,Seal Kit SK-15,113,163850,9
C0197,P014,Transmission Assembly TA-800,123,10270500,9
C0197,P015,Engine Block EB-600,118,14042000,9
C0197,P016,Radiator RD-250,115,1173000,11
C0197,P017,Fan Belt FB-30,98,50960,9
C0197,P018,Wheel Rim WR-24,98,1107400,10
C0197,P019,Swing Motor SWM-350,79,3144200,10
C0197,P020,Pivot Pin PP-12,162,186300,11
C0197,P021,Boom Cylinder BC-400,153,7068600,10
C0197,P022,Control Valve CV-75,74,1250600,5
C0197,P023,Idler Wheel IW-55,119,1541050,10
C0197,P024,Track Roller TR-60,105,1081500,10
C0197,P025,Cabin Glass CG-20,113,887050,8
C0197,P026,Grease Cartridge GC-5,102,31620,8
C0197,P027,O-Ring Set OR-50,114,54720,9
C0197,P028,Light Assembly LA-18,108,243000,9
C0197,P029,Pressure Sensor PS-90,113,446350,6
C0197,P030,Fuel Pump FP-350,152,3328800,9
C0198,P001,Hydraulic Pump HP-300,80,1960000,7
C0198,P002,Engine Oil Filter OF-90,80,57600,7
C0198,P003,Air Filter AF-120,90,112500,8
C0198,P004,Track Chain TC-45,94,3741200,7
C0198,P005,Fuel Injector FI-220,55,464750,6
C0198,P006,Alternator ALT-500,48,537600,4
C0198,P007,Hydraulic Hose HH-60,52,75400,4
C0198,P008,Bucket Tooth BT-10,82,47560,6
C0198,P009,Starter Motor SM-700,106,1579400,9
C0198,P010,Turbocharger TB-900,77,2687300,9
C0198,P011,Hydraulic Cylinder HC-200,89,2456400,7
C0198,P012,Brake Pad BP-40,121,296450,9
C0198,P013,Seal Kit SK-15,109,158050,6
C0198,P014,Transmission Assembly TA-800,155,12942500,11
C0198,P015,Engine Block EB-600,103,12257000,9
C0198,P016,Radiator RD-250,71,724200,7
C0198,P017,Fan Belt FB-30,90,46800,8
C0198,P018,Wheel Rim WR-24,96,1084800,10
C0198,P019,Swing Motor SWM-350,75,2985000,6
C0198,P020,Pivot Pin PP-12,69,79350,5
C0198,P021,Boom Cylinder BC-400,43,1986600,5
C0198,P022,Control Valve CV-75,116,1960400,8
C0198,P023,Idler Wheel IW-55,84,1087800,6
C0198,P024,Track Roller TR-60,37,381100,4
C0198,P025,Cabin Glass CG-20,29,227650,5
C0198,P026,Grease Cartridge GC-5,129,39990,9
C0198,P027,O-Ring Set OR-50,104,49920,6
C0198,P028,Light Assembly LA-18,113,254250,8
C0198,P029,Pressure Sensor PS-90,76,300200,5
C0198,P030,Fuel Pump FP-350,24,525600,2
C0199,P001,Hydraulic Pump HP-300,59,1445500,5
C0199,P002,Engine Oil Filter OF-90,133,95760,9
C0199,P003,Air Filter AF-120,78,97500,8
C0199,P004,Track Chain TC-45,31,1233800,2
C0199,P005,Fuel Injector FI-220,57,481650,6
C0199,P006,Alternator ALT-500,143,1601600,9
C0199,P007,Hydraulic Hose HH-60,30,43500,3
C0199,P008,Bucket Tooth BT-10,142,82360,10
C0199,P009,Starter Motor SM-700,94,1400600,6
C0199,P010,Turbocharger TB-900,61,2128900,5
C0199,P011,Hydraulic Cylinder HC-200,50,1380000,6
C0199,P012,Brake Pad BP-40,62,151900,7
C0199,P013,Seal Kit SK-15,82,118900,9
C0199,P014,Transmission Assembly TA-800,59,4926500,5
C0199,P015,Engine Block EB-600,87,10353000,4
C0199,P016,Radiator RD-250,166,1693200,14
C0199,P017,Fan Belt FB-30,60,31200,6
C0199,P018,Wheel Rim WR-24,133,1502900,9
C0199,P019,Swing Motor SWM-350,80,3184000,8
C0199,P020,Pivot Pin PP-12,74,85100,7
C0199,P021,Boom Cylinder BC-400,68,3141600,7
C0199,P022,Control Valve CV-75,90,1521000,8
C0199,P023,Idler Wheel IW-55,72,932400,6
C0199,P024,Track Roller TR-60,122,1256600,9
C0199,P025,Cabin Glass CG-20,81,635850,7
C0199,P026,Grease Cartridge GC-5,133,41230,10
C0199,P027,O-Ring Set OR-50,75,36000,5
C0199,P028,Light Assembly LA-18,87,195750,9
C0199,P029,Pressure Sensor PS-90,88,347600,7
C0199,P030,Fuel Pump FP-350,75,1642500,9
C0200,P001,Hydraulic Pump HP-300,126,3087000,14
C0200,P002,Engine Oil Filter OF-90,226,162720,18
C0200,P003,Air Filter AF-120,204,255000,12
C0200,P004,Track Chain TC-45,86,3422800,6
C0200,P005,Fuel Injector FI-220,84,709800,7
C0200,P006,Alternator ALT-500,204,2284800,13
C0200,P007,Hydraulic Hose HH-60,89,129050,6
C0200,P008,Bucket Tooth BT-10,183,106140,14
C0200,P009,Starter Motor SM-700,88,1311200,9
C0200,P010,Turbocharger TB-900,87,3036300,6
C0200,P011,Hydraulic Cylinder HC-200,189,5216400,14
C0200,P012,Brake Pad BP-40,53,129850,7
C0200,P013,Seal Kit SK-15,122,176900,10
C0200,P014,Transmission Assembly TA-800,145,12107500,12
C0200,P015,Engine Block EB-600,161,19159000,9
C0200,P016,Radiator RD-250,96,979200,12
C0200,P017,Fan Belt FB-30,70,36400,7
C0200,P018,Wheel Rim WR-24,184,2079200,17
C0200,P019,Swing Motor SWM-350,113,4497400,12
C0200,P020,Pivot Pin PP-12,165,189750,11
C0200,P021,Boom Cylinder BC-400,105,4851000,9
C0200,P022,Control Valve CV-75,119,2011100,11
C0200,P023,Idler Wheel IW-55,84,1087800,8
C0200,P024,Track Roller TR-60,151,1555300,10
C0200,P025,Cabin Glass CG-20,125,981250,9
C0200,P026,Grease Cartridge GC-5,90,27900,8
C0200,P027,O-Ring Set OR-50,112,53760,8
C0200,P028,Light Assembly LA-18,52,117000,6
C0200,P029,Pressure Sensor PS-90,143,564850,14
C0200,P030,Fuel Pump FP-350,136,2978400,9
C0201,P001,Hydraulic Pump HP-300,96,2352000,10
C0201,P002,Engine Oil Filter OF-90,153,110160,13
C0201,P003,Air Filter AF-120,120,150000,11
C0201,P004,Track Chain TC-45,187,7442600,12
C0201,P005,Fuel Injector FI-220,77,650650,7
C0201,P006,Alternator ALT-500,153,1713600,11
C0201,P007,Hydraulic Hose HH-60,138,200100,11
C0201,P008,Bucket Tooth BT-10,68,39440,9
C0201,P009,Starter Motor SM-700,115,1713500,11
C0201,P010,Turbocharger TB-900,185,6456500,11
C0201,P011,Hydraulic Cylinder HC-200,151,4167600,13
C0201,P012,Brake Pad BP-40,88,215600,8
C0201,P013,Seal Kit SK-15,139,201550,10
C0201,P014,Transmission Assembly TA-800,90,7515000,8
C0201,P015,Engine Block EB-600,116,13804000,10
C0201,P016,Radiator RD-250,90,918000,8
C0201,P017,Fan Belt FB-30,112,58240,10
C0201,P018,Wheel Rim WR-24,73,824900,7
C0201,P019,Swing Motor SWM-350,23,915400,5
C0201,P020,Pivot Pin PP-12,89,102350,9
C0201,P021,Boom Cylinder BC-400,141,6514200,11
C0201,P022,Control Valve CV-75,155,2619500,14
C0201,P023,Idler Wheel IW-55,147,1903650,11
C0201,P024,Track Roller TR-60,117,1205100,11
C0201,P025,Cabin Glass CG-20,99,777150,7
C0201,P026,Grease Cartridge GC-5,55,17050,6
C0201,P027,O-Ring Set OR-50,116,55680,10
C0201,P028,Light Assembly LA-18,90,202500,8
C0201,P029,Pressure Sensor PS-90,148,584600,9
C0201,P030,Fuel Pump FP-350,135,2956500,9
C0202,P001,Hydraulic Pump HP-300,47,1151500,5
C0202,P002,Engine Oil Filter OF-90,66,47520,4
C0202,P003,Air Filter AF-120,107,133750,9
C0202,P004,Track Chain TC-45,117,4656600,8
C0202,P005,Fuel Injector FI-220,190,1605500,12
C0202,P006,Alternator ALT-500,31,347200,3
C0202,P007,Hydraulic Hose HH-60,65,94250,8
C0202,P008,Bucket Tooth BT-10,93,53940,8
C0202,P009,Starter Motor SM-700,130,1937000,9
C0202,P010,Turbocharger TB-900,104,3629600,7
C0202,P011,Hydraulic Cylinder HC-200,129,3560400,8
C0202,P012,Brake Pad BP-40,105,257250,9
C0202,P013,Seal Kit SK-15,46,66700,7
C0202,P014,Transmission Assembly TA-800,95,7932500,10
C0202,P015,Engine Block EB-600,50,5950000,5
C0202,P016,Radiator RD-250,70,714000,9
C0202,P017,Fan Belt FB-30,176,91520,13
C0202,P018,Wheel Rim WR-24,49,553700,3
C0202,P019,Swing Motor SWM-350,54,2149200,7
C0202,P020,Pivot Pin PP-12,47,54050,5
C0202,P021,Boom Cylinder BC-400,79,3649800,6
C0202,P022,Control Valve CV-75,118,1994200,8
C0202,P023,Idler Wheel IW-55,93,1204350,8
C0202,P024,Track Roller TR-60,108,1112400,7
C0202,P025,Cabin Glass CG-20,111,871350,6
C0202,P026,Grease Cartridge GC-5,63,19530,7
C0202,P027,O-Ring Set OR-50,99,47520,9
C0202,P028,Light Assembly LA-18,101,227250,9
C0202,P029,Pressure Sensor PS-90,77,304150,8
C0202,P030,Fuel Pump FP-350,84,1839600,7
C0203,P001,Hydraulic Pump HP-300,95,2327500,7
C0203,P002,Engine Oil Filter OF-90,112,80640,6
C0203,P003,Air Filter AF-120,67,83750,5
C0203,P004,Track Chain TC-45,61,2427800,4
C0203,P005,Fuel Injector FI-220,71,599950,7
C0203,P006,Alternator ALT-500,130,1456000,10
C0203,P007,Hydraulic Hose HH-60,60,87000,5
C0203,P008,Bucket Tooth BT-10,41,23780,6
C0203,P009,Starter Motor SM-700,104,1549600,8
C0203,P010,Turbocharger TB-900,86,3001400,6
C0203,P011,Hydraulic Cylinder HC-200,84,2318400,7
C0203,P012,Brake Pad BP-40,151,369950,11
C0203,P013,Seal Kit SK-15,39,56550,2
C0203,P014,Transmission Assembly TA-800,127,10604500,11
C0203,P015,Engine Block EB-600,51,6069000,5
C0203,P016,Radiator RD-250,40,408000,7
C0203,P017,Fan Belt FB-30,87,45240,9
C0203,P018,Wheel Rim WR-24,75,847500,7
C0203,P019,Swing Motor SWM-350,71,2825800,5
C0203,P020,Pivot Pin PP-12,92,105800,8
C0203,P021,Boom Cylinder BC-400,45,2079000,4
C0203,P022,Control Valve CV-75,70,1183000,6
C0203,P023,Idler Wheel IW-55,74,958300,6
C0203,P024,Track Roller TR-60,71,731300,6
C0203,P025,Cabin Glass CG-20,49,384650,4
C0203,P026,Grease Cartridge GC-5,118,36580,10
C0203,P027,O-Ring Set OR-50,45,21600,6
C0203,P028,Light Assembly LA-18,121,272250,11
C0203,P029,Pressure Sensor PS-90,131,517450,8
C0203,P030,Fuel Pump FP-350,85,1861500,8
C0204,P001,Hydraulic Pump HP-300,64,1568000,5
C0204,P002,Engine Oil Filter OF-90,68,48960,7
C0204,P003,Air Filter AF-120,30,37500,3
C0204,P004,Track Chain TC-45,49,1950200,5
C0204,P005,Fuel Injector FI-220,77,650650,6
C0204,P006,Alternator ALT-500,114,1276800,7
C0204,P007,Hydraulic Hose HH-60,49,71050,5
C0204,P008,Bucket Tooth BT-10,105,60900,9
C0204,P009,Starter Motor SM-700,63,938700,4
C0204,P010,Turbocharger TB-900,62,2163800,5
C0204,P011,Hydraulic Cylinder HC-200,90,2484000,8
C0204,P012,Brake Pad BP-40,60,147000,7
C0204,P013,Seal Kit SK-15,32,46400,3
C0204,P014,Transmission Assembly TA-800,61,5093500,7
C0204,P015,Engine Block EB-600,51,6069000,5
C0204,P016,Radiator RD-250,108,1101600,9
C0204,P017,Fan Belt FB-30,49,25480,4
C0204,P018,Wheel Rim WR-24,96,1084800,7
C0204,P019,Swing Motor SWM-350,66,2626800,8
C0204,P020,Pivot Pin PP-12,67,77050,6
C0204,P021,Boom Cylinder BC-400,37,1709400,4
C0204,P022,Control Valve CV-75,63,1064700,6
C0204,P023,Idler Wheel IW-55,65,841750,6
C0204,P024,Track Roller TR-60,32,329600,4
C0204,P025,Cabin Glass CG-20,101,792850,5
C0204,P026,Grease Cartridge GC-5,91,28210,7
C0204,P027,O-Ring Set OR-50,85,40800,7
C0204,P028,Light Assembly LA-18,93,209250,8
C0204,P029,Pressure Sensor PS-90,36,142200,2
C0204,P030,Fuel Pump FP-350,65,1423500,5
C0205,P001,Hydraulic Pump HP-300,101,2474500,9
C0205,P002,Engine Oil Filter OF-90,104,74880,8
C0205,P003,Air Filter AF-120,99,123750,8
C0205,P004,Track Chain TC-45,85,3383000,9
C0205,P005,Fuel Injector FI-220,98,828100,6
C0205,P006,Alternator ALT-500,73,817600,7
C0205,P007,Hydraulic Hose HH-60,141,204450,9
C0205,P008,Bucket Tooth BT-10,51,29580,5
C0205,P009,Starter Motor SM-700,61,908900,5
C0205,P010,Turbocharger TB-900,14,488600,4
C0205,P011,Hydraulic Cylinder HC-200,71,1959600,8
C0205,P012,Brake Pad BP-40,58,142100,5
C0205,P013,Seal Kit SK-15,36,52200,2
C0205,P014,Transmission Assembly TA-800,46,3841000,4
C0205,P015,Engine Block EB-600,149,17731000,13
C0205,P016,Radiator RD-250,74,754800,6
C0205,P017,Fan Belt FB-30,95,49400,8
C0205,P018,Wheel Rim WR-24,95,1073500,5
C0205,P019,Swing Motor SWM-350,150,5970000,7
C0205,P020,Pivot Pin PP-12,146,167900,12
C0205,P021,Boom Cylinder BC-400,157,7253400,9
C0205,P022,Control Valve CV-75,79,1335100,8
C0205,P023,Idler Wheel IW-55,154,1994300,12
C0205,P024,Track Roller TR-60,78,803400,10
C0205,P025,Cabin Glass CG-20,69,541650,6
C0205,P026,Grease Cartridge GC-5,55,17050,7
C0205,P027,O-Ring Set OR-50,112,53760,8
C0205,P028,Light Assembly LA-18,69,155250,5
C0205,P029,Pressure Sensor PS-90,36,142200,2
C0205,P030,Fuel Pump FP-350,24,525600,4
C0206,P001,Hydraulic Pump HP-300,96,2352000,8
C0206,P002,Engine Oil Filter OF-90,91,65520,7
C0206,P003,Air Filter AF-120,98,122500,10
C0206,P004,Track Chain TC-45,136,5412800,10
C0206,P005,Fuel Injector FI-220,64,540800,7
C0206,P006,Alternator ALT-500,113,1265600,10
C0206,P007,Hydraulic Hose HH-60,85,123250,5
C0206,P008,Bucket Tooth BT-10,122,70760,9
C0206,P009,Starter Motor SM-700,95,1415500,6
C0206,P010,Turbocharger TB-900,173,6037700,14
C0206,P011,Hydraulic Cylinder HC-200,160,4416000,14
C0206,P012,Brake Pad BP-40,115,281750,11
C0206,P013,Seal Kit SK-15,123,178350,11
C0206,P014,Transmission Assembly TA-800,109,9101500,9
C0206,P015,Engine Block EB-600,185,22015000,13
C0206,P016,Radiator RD-250,108,1101600,9
C0206,P017,Fan Belt FB-30,122,63440,11
C0206,P018,Wheel Rim WR-24,93,1050900,11
C0206,P019,Swing Motor SWM-350,135,5373000,9
C0206,P020,Pivot Pin PP-12,143,164450,10
C0206,P021,Boom Cylinder BC-400,114,5266800,11
C0206,P022,Control Valve CV-75,161,2720900,12
C0206,P023,Idler Wheel IW-55,165,2136750,12
C0206,P024,Track Roller TR-60,91,937300,12
C0206,P025,Cabin Glass CG-20,90,706500,8
C0206,P026,Grease Cartridge GC-5,137,42470,10
C0206,P027,O-Ring Set OR-50,193,92640,13
C0206,P028,Light Assembly LA-18,78,175500,11
C0206,P029,Pressure Sensor PS-90,70,276500,7
C0206,P030,Fuel Pump FP-350,102,2233800,9
C0207,P001,Hydraulic Pump HP-300,127,3111500,10
C0207,P002,Engine Oil Filter OF-90,116,83520,12
C0207,P003,Air Filter AF-120,129,161250,13
C0207,P004,Track Chain TC-45,137,5452600,9
C0207,P005,Fuel Injector FI-220,120,1014000,8
C0207,P006,Alternator ALT-500,48,537600,6
C0207,P007,Hydraulic Hose HH-60,91,131950,9
C0207,P008,Bucket Tooth BT-10,85,49300,10
C0207,P009,Starter Motor SM-700,110,1639000,9
C0207,P010,Turbocharger TB-900,127,4432300,10
C0207,P011,Hydraulic Cylinder HC-200,160,4416000,11
C0207,P012,Brake Pad BP-40,106,259700,11
C0207,P013,Seal Kit SK-15,98,142100,10
C0207,P014,Transmission Assembly TA-800,184,15364000,14
C0207,P015,Engine Block EB-600,194,23086000,13
C0207,P016,Radiator RD-250,158,1611600,13
C0207,P017,Fan Belt FB-30,191,99320,15
C0207,P018,Wheel Rim WR-24,137,1548100,12
C0207,P019,Swing Motor SWM-350,137,5452600,12
C0207,P020,Pivot Pin PP-12,93,106950,9
C0207,P021,Boom Cylinder BC-400,87,4019400,9
C0207,P022,Control Valve CV-75,102,1723800,10
C0207,P023,Idler Wheel IW-55,115,1489250,11
C0207,P024,Track Roller TR-60,120,1236000,15
C0207,P025,Cabin Glass CG-20,106,832100,11
C0207,P026,Grease Cartridge GC-5,84,26040,5
C0207,P027,O-Ring Set OR-50,120,57600,9
C0207,P028,Light Assembly LA-18,178,400500,18
C0207,P029,Pressure Sensor PS-90,77,304150,8
C0207,P030,Fuel Pump FP-350,46,1007400,6
C0208,P001,Hydraulic Pump HP-300,74,1813000,6
C0208,P002,Engine Oil Filter OF-90,74,53280,8
C0208,P003,Air Filter AF-120,79,98750,6
C0208,P004,Track Chain TC-45,94,3741200,6
C0208,P005,Fuel Injector FI-220,55,464750,5
C0208,P006,Alternator ALT-500,28,313600,3
C0208,P007,Hydraulic Hose HH-60,58,84100,6
C0208,P008,Bucket Tooth BT-10,141,81780,12
C0208,P009,Starter Motor SM-700,27,402300,5
C0208,P010,Turbocharger TB-900,21,732900,3
C0208,P011,Hydraulic Cylinder HC-200,65,1794000,6
C0208,P012,Brake Pad BP-40,113,276850,10
C0208,P013,Seal Kit SK-15,89,129050,7
C0208,P014,Transmission Assembly TA-800,58,4843000,4
C0208,P015,Engine Block EB-600,92,10948000,9
C0208,P016,Radiator RD-250,95,969000,8
C0208,P017,Fan Belt FB-30,88,45760,8
C0208,P018,Wheel Rim WR-24,87,983100,9
C0208,P019,Swing Motor SWM-350,81,3223800,7
C0208,P020,Pivot Pin PP-12,84,96600,7
C0208,P021,Boom Cylinder BC-400,34,1570800,3
C0208,P022,Control Valve CV-75,93,1571700,8
C0208,P023,Idler Wheel IW-55,64,828800,5
C0208,P024,Track Roller TR-60,124,1277200,9
C0208,P025,Cabin Glass CG-20,127,996950,11
C0208,P026,Grease Cartridge GC-5,40,12400,3
C0208,P027,O-Ring Set OR-50,164,78720,12
C0208,P028,Light Assembly LA-18,114,256500,11
C0208,P029,Pressure Sensor PS-90,80,316000,8
C0208,P030,Fuel Pump FP-350,121,2649900,6
C0209,P001,Hydraulic Pump HP-300,104,2548000,9
C0209,P002,Engine Oil Filter OF-90,142,102240,11
C0209,P003,Air Filter AF-120,96,120000,10
C0209,P004,Track Chain TC-45,49,1950200,4
C0209,P005,Fuel Injector FI-220,59,498550,6
C0209,P006,Alternator ALT-500,113,1265600,10
C0209,P007,Hydraulic Hose HH-60,40,58000,5
C0209,P008,Bucket Tooth BT-10,81,46980,8
C0209,P009,Starter Motor SM-700,148,2205200,13
C0209,P010,Turbocharger TB-900,149,5200100,12
C0209,P011,Hydraulic Cylinder HC-200,86,2373600,10
C0209,P012,Brake Pad BP-40,104,254800,11
C0209,P013,Seal Kit SK-15,66,95700,4
C0209,P014,Transmission Assembly TA-800,156,13026000,8
C0209,P015,Engine Block EB-600,77,9163000,8
C0209,P016,Radiator RD-250,72,734400,8
C0209,P017,Fan Belt FB-30,112,58240,9
C0209,P018,Wheel Rim WR-24,121,1367300,9
C0209,P019,Swing Motor SWM-350,98,3900400,7
C0209,P020,Pivot Pin PP-12,119,136850,11
C0209,P021,Boom Cylinder BC-400,79,3649800,7
C0209,P022,Control Valve CV-75,133,2247700,9
C0209,P023,Idler Wheel IW-55,90,1165500,7
C0209,P024,Track Roller TR-60,103,1060900,8
C0209,P025,Cabin Glass CG-20,141,1106850,9
C0209,P026,Grease Cartridge GC-5,72,22320,6
C0209,P027,O-Ring Set OR-50,155,74400,12
C0209,P028,Light Assembly LA-18,90,202500,8
C0209,P029,Pressure Sensor PS-90,123,485850,9
C0209,P030,Fuel Pump FP-350,74,1620600,5
C0210,P001,Hydraulic Pump HP-300,158,3871000,9
C0210,P002,Engine Oil Filter OF-90,57,41040,7
C0210,P003,Air Filter AF-120,70,87500,6
C0210,P004,Track Chain TC-45,116,4616800,10
C0210,P005,Fuel Injector FI-220,63,532350,5
C0210,P006,Alternator ALT-500,26,291200,4
C0210,P007,Hydraulic Hose HH-60,58,84100,6
C0210,P008,Bucket Tooth BT-10,94,54520,7
C0210,P009,Starter Motor SM-700,150,2235000,11
C0210,P010,Turbocharger TB-900,35,1221500,5
C0210,P011,Hydraulic Cylinder HC-200,91,2511600,8
C0210,P012,Brake Pad BP-40,70,171500,8
C0210,P013,Seal Kit SK-15,49,71050,6
C0210,P014,Transmission Assembly TA-800,70,5845000,9
C0210,P015,Engine Block EB-600,69,8211000,4
C0210,P016,Radiator RD-250,45,459000,8
C0210,P017,Fan Belt FB-30,95,49400,8
C0210,P018,Wheel Rim WR-24,47,531100,5
C0210,P019,Swing Motor SWM-350,109,4338200,7
C0210,P020,Pivot Pin PP-12,59,67850,4
C0210,P021,Boom Cylinder BC-400,69,3187800,6
C0210,P022,Control Valve CV-75,81,1368900,9
C0210,P023,Idler Wheel IW-55,50,647500,5
C0210,P024,Track Roller TR-60,22,226600,4
C0210,P025,Cabin Glass CG-20,10,78500,3
C0210,P026,Grease Cartridge GC-5,55,17050,5
C0210,P027,O-Ring Set OR-50,58,27840,6
C0210,P028,Light Assembly LA-18,94,211500,6
C0210,P029,Pressure Sensor PS-90,91,359450,8
C0210,P030,Fuel Pump FP-350,64,1401600,4
C0211,P001,Hydraulic Pump HP-300,98,2401000,8
C0211,P002,Engine Oil Filter OF-90,127,91440,10
C0211,P003,Air Filter AF-120,76,95000,8
C0211,P004,Track Chain TC-45,76,3024800,7
C0211,P005,Fuel Injector FI-220,101,853450,9
C0211,P006,Alternator ALT-500,118,1321600,5
C0211,P007,Hydraulic Hose HH-60,165,239250,11
C0211,P008,Bucket Tooth BT-10,136,78880,10
C0211,P009,Starter Motor SM-700,110,1639000,10
C0211,P010,Turbocharger TB-900,101,3524900,11
C0211,P011,Hydraulic Cylinder HC-200,68,1876800,7
C0211,P012,Brake Pad BP-40,170,416500,11
C0211,P013,Seal Kit SK-15,85,123250,7
C0211,P014,Transmission Assembly TA-800,96,8016000,10
C0211,P015,Engine Block EB-600,49,5831000,5
C0211,P016,Radiator RD-250,79,805800,8
C0211,P017,Fan Belt FB-30,98,50960,8
C0211,P018,Wheel Rim WR-24,152,1717600,10
C0211,P019,Swing Motor SWM-350,116,4616800,8
C0211,P020,Pivot Pin PP-12,70,80500,7
C0211,P021,Boom Cylinder BC-400,61,2818200,6
C0211,P022,Control Valve CV-75,193,3261700,15
C0211,P023,Idler Wheel IW-55,102,1320900,10
C0211,P024,Track Roller TR-60,77,793100,6
C0211,P025,Cabin Glass CG-20,218,1711300,13
C0211,P026,Grease Cartridge GC-5,167,51770,14
C0211,P027,O-Ring Set OR-50,108,51840,9
C0211,P028,Light Assembly LA-18,128,288000,7
C0211,P029,Pressure Sensor PS-90,155,612250,13
C0211,P030,Fuel Pump FP-350,116,2540400,12
C0212,P001,Hydraulic Pump HP-300,76,1862000,8
C0212,P002,Engine Oil Filter OF-90,63,45360,8
C0212,P003,Air Filter AF-120,70,87500,7
C0212,P004,Track Chain TC-45,43,1711400,4
C0212,P005,Fuel Injector FI-220,76,642200,6
C0212,P006,Alternator ALT-500,46,515200,2
C0212,P007,Hydraulic Hose HH-60,81,117450,5
C0212,P008,Bucket Tooth BT-10,77,44660,8
C0212,P009,Starter Motor SM-700,80,1192000,9
C0212,P010,Turbocharger TB-900,81,2826900,8
C0212,P011,Hydraulic Cylinder HC-200,63,1738800,6
C0212,P012,Brake Pad BP-40,96,235200,7
C0212,P013,Seal Kit SK-15,71,102950,8
C0212,P014,Transmission Assembly TA-800,71,5928500,5
C0212,P015,Engine Block EB-600,83,9877000,7
C0212,P016,Radiator RD-250,122,1244400,10
C0212,P017,Fan Belt FB-30,82,42640,6
C0212,P018,Wheel Rim WR-24,48,542400,6
C0212,P019,Swing Motor SWM-350,36,1432800,4
C0212,P020,Pivot Pin PP-12,133,152950,9
C0212,P021,Boom Cylinder BC-400,88,4065600,7
C0212,P022,Control Valve CV-75,52,878800,4
C0212,P023,Idler Wheel IW-55,74,958300,6
C0212,P024,Track Roller TR-60,32,329600,4
C0212,P025,Cabin Glass CG-20,80,628000,7
C0212,P026,Grease Cartridge GC-5,61,18910,6
C0212,P027,O-Ring Set OR-50,51,24480,6
C0212,P028,Light Assembly LA-18,38,85500,4
C0212,P029,Pressure Sensor PS-90,86,339700,7
C0212,P030,Fuel Pump FP-350,36,788400,4
C0213,P001,Hydraulic Pump HP-300,106,2597000,9
C0213,P002,Engine Oil Filter OF-90,122,87840,10
C0213,P003,Air Filter AF-120,80,100000,4
C0213,P004,Track Chain TC-45,155,6169000,8
C0213,P005,Fuel Injector FI-220,10,84500,1
C0213,P006,Alternator ALT-500,92,1030400,7
C0213,P007,Hydraulic Hose HH-60,87,126150,7
C0213,P008,Bucket Tooth BT-10,70,40600,5
C0213,P009,Starter Motor SM-700,67,998300,6
C0213,P010,Turbocharger TB-900,121,4222900,8
C0213,P011,Hydraulic Cylinder HC-200,66,1821600,5
C0213,P012,Brake Pad BP-40,85,208250,7
C0213,P013,Seal Kit SK-15,70,101500,7
C0213,P014,Transmission Assembly TA-800,62,5177000,6
C0213,P015,Engine Block EB-600,135,16065000,9
C0213,P016,Radiator RD-250,68,693600,4
C0213,P017,Fan Belt FB-30,52,27040,5
C0213,P018,Wheel Rim WR-24,79,892700,8
C0213,P019,Swing Motor SWM-350,100,3980000,10
C0213,P020,Pivot Pin PP-12,31,35650,3
C0213,P021,Boom Cylinder BC-400,59,2725800,5
C0213,P022,Control Valve CV-75,90,1521000,7
C0213,P023,Idler Wheel IW-55,36,466200,3
C0213,P024,Track Roller TR-60,27,278100,4
C0213,P025,Cabin Glass CG-20,73,573050,6
C0213,P026,Grease Cartridge GC-5,54,16740,4
C0213,P027,O-Ring Set OR-50,60,28800,7
C0213,P028,Light Assembly LA-18,37,83250,3
C0213,P029,Pressure Sensor PS-90,60,237000,8
C0213,P030,Fuel Pump FP-350,134,2934600,9
C0214,P001,Hydraulic Pump HP-300,16,392000,2
C0214,P002,Engine Oil Filter OF-90,113,81360,8
C0214,P003,Air Filter AF-120,124,155000,7
C0214,P004,Track Chain TC-45,45,1791000,4
C0214,P005,Fuel Injector FI-220,90,760500,8
C0214,P006,Alternator ALT-500,138,1545600,8
C0214,P007,Hydraulic Hose HH-60,154,223300,13
C0214,P008,Bucket Tooth BT-10,72,41760,5
C0214,P009,Starter Motor SM-700,85,1266500,7
C0214,P010,Turbocharger TB-900,27,942300,4
C0214,P011,Hydraulic Cylinder HC-200,83,2290800,7
C0214,P012,Brake Pad BP-40,51,124950,5
C0214,P013,Seal Kit SK-15,117,169650,9
C0214,P014,Transmission Assembly TA-800,43,3590500,5
C0214,P015,Engine Block EB-600,99,11781000,7
C0214,P016,Radiator RD-250,116,1183200,9
C0214,P017,Fan Belt FB-30,66,34320,5
C0214,P018,Wheel Rim WR-24,54,610200,8
C0214,P019,Swing Motor SWM-350,111,4417800,8
C0214,P020,Pivot Pin PP-12,33,37950,4
C0214,P021,Boom Cylinder BC-400,116,5359200,9
C0214,P022,Control Valve CV-75,82,1385800,8
C0214,P023,Idler Wheel IW-55,96,1243200,4
C0214,P024,Track Roller TR-60,86,885800,7
C0214,P025,Cabin Glass CG-20,40,314000,5
C0214,P026,Grease Cartridge GC-5,86,26660,8
C0214,P027,O-Ring Set OR-50,74,35520,8
C0214,P028,Light Assembly LA-18,125,281250,10
C0214,P029,Pressure Sensor PS-90,44,173800,4
C0214,P030,Fuel Pump FP-350,63,1379700,8
C0215,P001,Hydraulic Pump HP-300,191,4679500,16
C0215,P002,Engine Oil Filter OF-90,154,110880,12
C0215,P003,Air Filter AF-120,279,348750,17
C0215,P004,Track Chain TC-45,126,5014800,10
C0215,P005,Fuel Injector FI-220,98,828100,9
C0215,P006,Alternator ALT-500,100,1120000,6
C0215,P007,Hydraulic Hose HH-60,113,163850,9
C0215,P008,Bucket Tooth BT-10,94,54520,11
C0215,P009,Starter Motor SM-700,104,1549600,11
C0215,P010,Turbocharger TB-900,71,2477900,10
C0215,P011,Hydraulic Cylinder HC-200,162,4471200,12
C0215,P012,Brake Pad BP-40,106,259700,8
C0215,P013,Seal Kit SK-15,184,266800,12
C0215,P014,Transmission Assembly TA-800,143,11940500,14
C0215,P015,Engine Block EB-600,46,5474000,5
C0215,P016,Radiator RD-250,112,1142400,10
C0215,P017,Fan Belt FB-30,161,83720,12
C0215,P018,Wheel Rim WR-24,213,2406900,19
C0215,P019,Swing Motor SWM-350,120,4776000,12
C0215,P020,Pivot Pin PP-12,43,49450,5
C0215,P021,Boom Cylinder BC-400,111,5128200,8
C0215,P022,Control Valve CV-75,183,3092700,16
C0215,P023,Idler Wheel IW-55,36,466200,4
C0215,P024,Track Roller TR-60,143,1472900,12
C0215,P025,Cabin Glass CG-20,199,1562150,14
C0215,P026,Grease Cartridge GC-5,120,37200,10
C0215,P027,O-Ring Set OR-50,137,65760,11
C0215,P028,Light Assembly LA-18,83,186750,8
C0215,P029,Pressure Sensor PS-90,140,553000,11
C0215,P030,Fuel Pump FP-350,139,3044100,10
C0216,P001,Hydraulic Pump HP-300,121,2964500,9
C0216,P002,Engine Oil Filter OF-90,56,40320,7
C0216,P003,Air Filter AF-120,67,83750,5
C0216,P004,Track Chain TC-45,69,2746200,7
C0216,P005,Fuel Injector FI-220,80,676000,9
C0216,P006,Alternator ALT-500,184,2060800,11
C0216,P007,Hydraulic Hose HH-60,68,98600,7
C0216,P008,Bucket Tooth BT-10,62,35960,8
C0216,P009,Starter Motor SM-700,98,1460200,6
C0216,P010,Turbocharger TB-900,110,3839000,10
C0216,P011,Hydraulic Cylinder HC-200,143,3946800,10
C0216,P012,Brake Pad BP-40,76,186200,6
C0216,P013,Seal Kit SK-15,111,160950,8
C0216,P014,Transmission Assembly TA-800,91,7598500,10
C0216,P015,Engine Block EB-600,112,13328000,9
C0216,P016,Radiator RD-250,117,1193400,11
C0216,P017,Fan Belt FB-30,62,32240,8
C0216,P018,Wheel Rim WR-24,193,2180900,13
C0216,P019,Swing Motor SWM-350,142,5651600,10
C0216,P020,Pivot Pin PP-12,55,63250,6
C0216,P021,Boom Cylinder BC-400,106,4897200,9
C0216,P022,Control Valve CV-75,96,1622400,9
C0216,P023,Idler Wheel IW-55,78,1010100,11
C0216,P024,Track Roller TR-60,133,1369900,12
C0216,P025,Cabin Glass CG-20,127,996950,12
C0216,P026,Grease Cartridge GC-5,159,49290,13
C0216,P027,O-Ring Set OR-50,84,40320,8
C0216,P028,Light Assembly LA-18,99,222750,10
C0216,P029,Pressure Sensor PS-90,39,154050,8
C0216,P030,Fuel Pump FP-350,63,1379700,9
C0217,P001,Hydraulic Pump HP-300,124,3038000,10
C0217,P002,Engine Oil Filter OF-90,76,54720,8
C0217,P003,Air Filter AF-120,99,123750,10
C0217,P004,Track Chain TC-45,69,2746200,4
C0217,P005,Fuel Injector FI-220,39,329550,4
C0217,P006,Alternator ALT-500,94,1052800,7
C0217,P007,Hydraulic Hose HH-60,59,85550,7
C0217,P008,Bucket Tooth BT-10,69,40020,6
C0217,P009,Starter Motor SM-700,53,789700,4
C0217,P010,Turbocharger TB-900,95,3315500,6
C0217,P011,Hydraulic Cylinder HC-200,102,2815200,9
C0217,P012,Brake Pad BP-40,48,117600,5
C0217,P013,Seal Kit SK-15,47,68150,6
C0217,P014,Transmission Assembly TA-800,196,16366000,13
C0217,P015,Engine Block EB-600,35,4165000,3
C0217,P016,Radiator RD-250,125,1275000,8
C0217,P017,Fan Belt FB-30,102,53040,7
C0217,P018,Wheel Rim WR-24,46,519800,3
C0217,P019,Swing Motor SWM-350,147,5850600,10
C0217,P020,Pivot Pin PP-12,118,135700,10
C0217,P021,Boom Cylinder BC-400,38,1755600,3
C0217,P022,Control Valve CV-75,46,777400,4
C0217,P023,Idler Wheel IW-55,57,738150,4
C0217,P024,Track Roller TR-60,106,1091800,8
C0217,P025,Cabin Glass CG-20,93,730050,7
C0217,P026,Grease Cartridge GC-5,66,20460,5
C0217,P027,O-Ring Set OR-50,79,37920,4
C0217,P028,Light Assembly LA-18,131,294750,11
C0217,P029,Pressure Sensor PS-90,57,225150,6
C0217,P030,Fuel Pump FP-350,50,1095000,4
C0218,P001,Hydraulic Pump HP-300,123,3013500,12
C0218,P002,Engine Oil Filter OF-90,65,46800,5
C0218,P003,Air Filter AF-120,61,76250,5
C0218,P004,Track Chain TC-45,77,3064600,6
C0218,P005,Fuel Injector FI-220,95,802750,8
C0218,P006,Alternator ALT-500,112,1254400,10
C0218,P007,Hydraulic Hose HH-60,105,152250,10
C0218,P008,Bucket Tooth BT-10,68,39440,8
C0218,P009,Starter Motor SM-700,73,1087700,8
C0218,P010,Turbocharger TB-900,95,3315500,7
C0218,P011,Hydraulic Cylinder HC-200,122,3367200,8
C0218,P012,Brake Pad BP-40,189,463050,13
C0218,P013,Seal Kit SK-15,62,89900,5
C0218,P014,Transmission Assembly TA-800,24,2004000,3
C0218,P015,Engine Block EB-600,71,8449000,7
C0218,P016,Radiator RD-250,146,1489200,13
C0218,P017,Fan Belt FB-30,109,56680,9
C0218,P018,Wheel Rim WR-24,106,1197800,8
C0218,P019,Swing Motor SWM-350,65,2587000,4
C0218,P020,Pivot Pin PP-12,83,95450,7
C0218,P021,Boom Cylinder BC-400,45,2079000,6
C0218,P022,Control Valve CV-75,130,2197000,11
C0218,P023,Idler Wheel IW-55,79,1023050,6
C0218,P024,Track Roller TR-60,207,2132100,15
C0218,P025,Cabin Glass CG-20,48,376800,6
C0218,P026,Grease Cartridge GC-5,45,13950,5
C0218,P027,O-Ring Set OR-50,68,32640,8
C0218,P028,Light Assembly LA-18,65,146250,7
C0218,P029,Pressure Sensor PS-90,75,296250,7
C0218,P030,Fuel Pump FP-350,122,2671800,9
C0219,P001,Hydraulic Pump HP-300,163,3993500,11
C0219,P002,Engine Oil Filter OF-90,44,31680,5
C0219,P003,Air Filter AF-120,205,256250,16
C0219,P004,Track Chain TC-45,93,3701400,7
C0219,P005,Fuel Injector FI-220,106,895700,10
C0219,P006,Alternator ALT-500,144,1612800,11
C0219,P007,Hydraulic Hose HH-60,72,104400,6
C0219,P008,Bucket Tooth BT-10,81,46980,9
C0219,P009,Starter Motor SM-700,115,1713500,12
C0219,P010,Turbocharger TB-900,122,4257800,10
C0219,P011,Hydraulic Cylinder HC-200,71,1959600,5
C0219,P012,Brake Pad BP-40,140,343000,8
C0219,P013,Seal Kit SK-15,70,101500,7
C0219,P014,Transmission Assembly TA-800,187,15614500,11
C0219,P015,Engine Block EB-600,65,7735000,7
C0219,P016,Radiator RD-250,112,1142400,10
C0219,P017,Fan Belt FB-30,108,56160,11
C0219,P018,Wheel Rim WR-24,113,1276900,7
C0219,P019,Swing Motor SWM-350,96,3820800,7
C0219,P020,Pivot Pin PP-12,117,134550,8
C0219,P021,Boom Cylinder BC-400,136,6283200,8
C0219,P022,Control Valve CV-75,92,1554800,10
C0219,P023,Idler Wheel IW-55,101,1307950,8
C0219,P024,Track Roller TR-60,97,999100,9
C0219,P025,Cabin Glass CG-20,85,667250,10
C0219,P026,Grease Cartridge GC-5,64,19840,9
C0219,P027,O-Ring Set OR-50,102,48960,10
C0219,P028,Light Assembly LA-18,171,384750,14
C0219,P029,Pressure Sensor PS-90,127,501650,9
C0219,P030,Fuel Pump FP-350,80,1752000,7
C0220,P001,Hydraulic Pump HP-300,87,2131500,9
C0220,P002,Engine Oil Filter OF-90,124,89280,10
C0220,P003,Air Filter AF-120,76,95000,8
C0220,P004,Track Chain TC-45,68,2706400,6
C0220,P005,Fuel Injector FI-220,143,1208350,11
C0220,P006,Alternator ALT-500,47,526400,4
C0220,P007,Hydraulic Hose HH-60,105,152250,9
C0220,P008,Bucket Tooth BT-10,130,75400,11
C0220,P009,Starter Motor SM-700,61,908900,7
C0220,P010,Turbocharger TB-900,201,7014900,15
C0220,P011,Hydraulic Cylinder HC-200,96,2649600,7
C0220,P012,Brake Pad BP-40,80,196000,7
C0220,P013,Seal Kit SK-15,65,94250,6
C0220,P014,Transmission Assembly TA-800,62,5177000,8
C0220,P015,Engine Block EB-600,28,3332000,3
C0220,P016,Radiator RD-250,107,1091400,9
C0220,P017,Fan Belt FB-30,123,63960,12
C0220,P018,Wheel Rim WR-24,106,1197800,8
C0220,P019,Swing Motor SWM-350,112,4457600,10
C0220,P020,Pivot Pin PP-12,148,170200,10
C0220,P021,Boom Cylinder BC-400,56,2587200,6
C0220,P022,Control Valve CV-75,96,1622400,9
C0220,P023,Idler Wheel IW-55,120,1554000,10
C0220,P024,Track Roller TR-60,78,803400,6
C0220,P025,Cabin Glass CG-20,90,706500,10
C0220,P026,Grease Cartridge GC-5,77,23870,7
C0220,P027,O-Ring Set OR-50,59,28320,7
C0220,P028,Light Assembly LA-18,99,222750,9
C0220,P029,Pressure Sensor PS-90,75,296250,9
C0220,P030,Fuel Pump FP-350,86,1883400,7
C0221,P001,Hydraulic Pump HP-300,126,3087000,10
C0221,P002,Engine Oil Filter OF-90,109,78480,11
C0221,P003,Air Filter AF-120,77,96250,8
C0221,P004,Track Chain TC-45,79,3144200,6
C0221,P005,Fuel Injector FI-220,76,642200,8
C0221,P006,Alternator ALT-500,67,750400,6
C0221,P007,Hydraulic Hose HH-60,103,149350,11
C0221,P008,Bucket Tooth BT-10,98,56840,13
C0221,P009,Starter Motor SM-700,27,402300,3
C0221,P010,Turbocharger TB-900,107,3734300,9
C0221,P011,Hydraulic Cylinder HC-200,107,2953200,8
C0221,P012,Brake Pad BP-40,94,230300,9
C0221,P013,Seal Kit SK-15,54,78300,5
C0221,P014,Transmission Assembly TA-800,202,16867000,10
C0221,P015,Engine Block EB-600,121,14399000,10
C0221,P016,Radiator RD-250,99,1009800,9
C0221,P017,Fan Belt FB-30,95,49400,9
C0221,P018,Wheel Rim WR-24,119,1344700,10
C0221,P019,Swing Motor SWM-350,100,3980000,8
C0221,P020,Pivot Pin PP-12,105,120750,9
C0221,P021,Boom Cylinder BC-400,64,2956800,8
C0221,P022,Control Valve CV-75,129,2180100,10
C0221,P023,Idler Wheel IW-55,135,1748250,11
C0221,P024,Track Roller TR-60,25,257500,5
C0221,P025,Cabin Glass CG-20,94,737900,8
C0221,P026,Grease Cartridge GC-5,69,21390,7
C0221,P027,O-Ring Set OR-50,63,30240,4
C0221,P028,Light Assembly LA-18,130,292500,12
C0221,P029,Pressure Sensor PS-90,195,770250,14
C0221,P030,Fuel Pump FP-350,99,2168100,9
C0222,P001,Hydraulic Pump HP-300,102,2499000,10
C0222,P002,Engine Oil Filter OF-90,176,126720,12
C0222,P003,Air Filter AF-120,60,75000,6
C0222,P004,Track Chain TC-45,44,1751200,3
C0222,P005,Fuel Injector FI-220,117,988650,9
C0222,P006,Alternator ALT-500,126,1411200,10
C0222,P007,Hydraulic Hose HH-60,122,176900,9
C0222,P008,Bucket Tooth BT-10,73,42340,5
C0222,P009,Starter Motor SM-700,42,625800,6
C0222,P010,Turbocharger TB-900,134,4676600,10
C0222,P011,Hydraulic Cylinder HC-200,52,1435200,5
C0222,P012,Brake Pad BP-40,71,173950,6
C0222,P013,Seal Kit SK-15,98,142100,9
C0222,P014,Transmission Assembly TA-800,97,8099500,8
C0222,P015,Engine Block EB-600,55,6545000,4
C0222,P016,Radiator RD-250,75,765000,8
C0222,P017,Fan Belt FB-30,20,10400,4
C0222,P018,Wheel Rim WR-24,129,1457700,12
C0222,P019,Swing Motor SWM-350,129,5134200,8
C0222,P020,Pivot Pin PP-12,70,80500,9
C0222,P021,Boom Cylinder BC-400,98,4527600,9
C0222,P022,Control Valve CV-75,75,1267500,7
C0222,P023,Idler Wheel IW-55,85,1100750,7
C0222,P024,Track Roller TR-60,110,1133000,8
C0222,P025,Cabin Glass CG-20,105,824250,8
C0222,P026,Grease Cartridge GC-5,115,35650,8
C0222,P027,O-Ring Set OR-50,62,29760,4
C0222,P028,Light Assembly LA-18,86,193500,9
C0222,P029,Pressure Sensor PS-90,155,612250,12
C0222,P030,Fuel Pump FP-350,96,2102400,12
C0223,P001,Hydraulic Pump HP-300,73,1788500,5
C0223,P002,Engine Oil Filter OF-90,95,68400,8
C0223,P003,Air Filter AF-120,180,225000,12
C0223,P004,Track Chain TC-45,129,5134200,9
C0223,P005,Fuel Injector FI-220,98,828100,8
C0223,P006,Alternator ALT-500,59,660800,6
C0223,P007,Hydraulic Hose HH-60,130,188500,10
C0223,P008,Bucket Tooth BT-10,82,47560,4
C0223,P009,Starter Motor SM-700,23,342700,2
C0223,P010,Turbocharger TB-900,72,2512800,6
C0223,P011,Hydraulic Cylinder HC-200,104,2870400,8
C0223,P012,Brake Pad BP-40,68,166600,9
C0223,P013,Seal Kit SK-15,61,88450,5
C0223,P014,Transmission Assembly TA-800,104,8684000,9
C0223,P015,Engine Block EB-600,45,5355000,5
C0223,P016,Radiator RD-250,142,1448400,11
C0223,P017,Fan Belt FB-30,72,37440,6
C0223,P018,Wheel Rim WR-24,30,339000,4
C0223,P019,Swing Motor SWM-350,126,5014800,9
C0223,P020,Pivot Pin PP-12,95,109250,6
C0223,P021,Boom Cylinder BC-400,78,3603600,7
C0223,P022,Control Valve CV-75,8,135200,1
C0223,P023,Idler Wheel IW-55,58,751100,5
C0223,P024,Track Roller TR-60,48,494400,4
C0223,P025,Cabin Glass CG-20,80,628000,6
C0223,P026,Grease Cartridge GC-5,148,45880,10
C0223,P027,O-Ring Set OR-50,48,23040,4
C0223,P028,Light Assembly LA-18,71,159750,5
C0223,P029,Pressure Sensor PS-90,44,173800,5
C0223,P030,Fuel Pump FP-350,59,1292100,7
C0224,P001,Hydraulic Pump HP-300,111,2719500,7
C0224,P002,Engine Oil Filter OF-90,29,20880,4
C0224,P003,Air Filter AF-120,90,112500,7
C0224,P004,Track Chain TC-45,132,5253600,8
C0224,P005,Fuel Injector FI-220,150,1267500,8
C0224,P006,Alternator ALT-500,76,851200,7
C0224,P007,Hydraulic Hose HH-60,104,150800,7
C0224,P008,Bucket Tooth BT-10,97,56260,9
C0224,P009,Starter Motor SM-700,61,908900,5
C0224,P010,Turbocharger TB-900,62,2163800,6
C0224,P011,Hydraulic Cylinder HC-200,95,2622000,11
C0224,P012,Brake Pad BP-40,92,225400,6
C0224,P013,Seal Kit SK-15,61,88450,6
C0224,P014,Transmission Assembly TA-800,75,6262500,7
C0224,P015,Engine Block EB-600,62,7378000,5
C0224,P016,Radiator RD-250,70,714000,5
C0224,P017,Fan Belt FB-30,43,22360,4
C0224,P018,Wheel Rim WR-24,73,824900,9
C0224,P019,Swing Motor SWM-350,35,1393000,5
C0224,P020,Pivot Pin PP-12,97,111550,9
C0224,P021,Boom Cylinder BC-400,124,5728800,10
C0224,P022,Control Valve CV-75,112,1892800,6
C0224,P023,Idler Wheel IW-55,93,1204350,8
C0224,P024,Track Roller TR-60,91,937300,7
C0224,P025,Cabin Glass CG-20,45,353250,5
C0224,P026,Grease Cartridge GC-5,108,33480,9
C0224,P027,O-Ring Set OR-50,126,60480,8
C0224,P028,Light Assembly LA-18,98,220500,8
C0224,P029,Pressure Sensor PS-90,154,608300,12
C0224,P030,Fuel Pump FP-350,73,1598700,7
C0225,P001,Hydraulic Pump HP-300,118,2891000,10
C0225,P002,Engine Oil Filter OF-90,78,56160,5
C0225,P003,Air Filter AF-120,143,178750,11
C0225,P004,Track Chain TC-45,144,5731200,15
C0225,P005,Fuel Injector FI-220,46,388700,6
C0225,P006,Alternator ALT-500,91,1019200,10
C0225,P007,Hydraulic Hose HH-60,159,230550,15
C0225,P008,Bucket Tooth BT-10,92,53360,8
C0225,P009,Starter Motor SM-700,42,625800,5
C0225,P010,Turbocharger TB-900,90,3141000,7
C0225,P011,Hydraulic Cylinder HC-200,76,2097600,8
C0225,P012,Brake Pad BP-40,122,298900,11
C0225,P013,Seal Kit SK-15,68,98600,6
C0225,P014,Transmission Assembly TA-800,108,9018000,10
C0225,P015,Engine Block EB-600,128,15232000,8
C0225,P016,Radiator RD-250,72,734400,6
C0225,P017,Fan Belt FB-30,37,19240,5
C0225,P018,Wheel Rim WR-24,89,1005700,7
C0225,P019,Swing Motor SWM-350,66,2626800,7
C0225,P020,Pivot Pin PP-12,206,236900,13
C0225,P021,Boom Cylinder BC-400,45,2079000,3
C0225,P022,Control Valve CV-75,132,2230800,12
C0225,P023,Idler Wheel IW-55,123,1592850,8
C0225,P024,Track Roller TR-60,89,916700,7
C0225,P025,Cabin Glass CG-20,83,651550,7
C0225,P026,Grease Cartridge GC-5,126,39060,10
C0225,P027,O-Ring Set OR-50,67,32160,8
C0225,P028,Light Assembly LA-18,71,159750,5
C0225,P029,Pressure Sensor PS-90,126,497700,10
C0225,P030,Fuel Pump FP-350,135,2956500,10
C0226,P001,Hydraulic Pump HP-300,83,2033500,7
C0226,P002,Engine Oil Filter OF-90,90,64800,6
C0226,P003,Air Filter AF-120,94,117500,6
C0226,P004,Track Chain TC-45,109,4338200,9
C0226,P005,Fuel Injector FI-220,48,405600,6
C0226,P006,Alternator ALT-500,75,840000,7
C0226,P007,Hydraulic Hose HH-60,47,68150,5
C0226,P008,Bucket Tooth BT-10,47,27260,3
C0226,P009,Starter Motor SM-700,56,834400,5
C0226,P010,Turbocharger TB-900,147,5130300,11
C0226,P011,Hydraulic Cylinder HC-200,104,2870400,7
C0226,P012,Brake Pad BP-40,79,193550,5
C0226,P013,Seal Kit SK-15,81,117450,8
C0226,P014,Transmission Assembly TA-800,11,918500,2
C0226,P015,Engine Block EB-600,37,4403000,4
C0226,P016,Radiator RD-250,80,816000,8
C0226,P017,Fan Belt FB-30,89,46280,8
C0226,P018,Wheel Rim WR-24,85,960500,6
C0226,P019,Swing Motor SWM-350,88,3502400,8
C0226,P020,Pivot Pin PP-12,32,36800,3
C0226,P021,Boom Cylinder BC-400,87,4019400,7
C0226,P022,Control Valve CV-75,154,2602600,11
C0226,P023,Idler Wheel IW-55,130,1683500,9
C0226,P024,Track Roller TR-60,43,442900,5
C0226,P025,Cabin Glass CG-20,99,777150,7
C0226,P026,Grease Cartridge GC-5,19,5890,2
C0226,P027,O-Ring Set OR-50,112,53760,7
C0226,P028,Light Assembly LA-18,34,76500,5
C0226,P029,Pressure Sensor PS-90,103,406850,8
C0226,P030,Fuel Pump FP-350,64,1401600,5
C0227,P001,Hydraulic Pump HP-300,63,1543500,7
C0227,P002,Engine Oil Filter OF-90,46,33120,6
C0227,P003,Air Filter AF-120,87,108750,11
C0227,P004,Track Chain TC-45,107,4258600,8
C0227,P005,Fuel Injector FI-220,79,667550,8
C0227,P006,Alternator ALT-500,128,1433600,12
C0227,P007,Hydraulic Hose HH-60,25,36250,3
C0227,P008,Bucket Tooth BT-10,82,47560,7
C0227,P009,Starter Motor SM-700,52,774800,6
C0227,P010,Turbocharger TB-900,146,5095400,11
C0227,P011,Hydraulic Cylinder HC-200,96,2649600,8
C0227,P012,Brake Pad BP-40,45,110250,4
C0227,P013,Seal Kit SK-15,76,110200,7
C0227,P014,Transmission Assembly TA-800,51,4258500,5
C0227,P015,Engine Block EB-600,115,13685000,7
C0227,P016,Radiator RD-250,63,642600,7
C0227,P017,Fan Belt FB-30,63,32760,6
C0227,P018,Wheel Rim WR-24,72,813600,7
C0227,P019,Swing Motor SWM-350,90,3582000,8
C0227,P020,Pivot Pin PP-12,59,67850,4
C0227,P021,Boom Cylinder BC-400,113,5220600,7
C0227,P022,Control Valve CV-75,45,760500,7
C0227,P023,Idler Wheel IW-55,147,1903650,12
C0227,P024,Track Roller TR-60,46,473800,5
C0227,P025,Cabin Glass CG-20,133,1044050,9
C0227,P026,Grease Cartridge GC-5,107,33170,10
C0227,P027,O-Ring Set OR-50,75,36000,6
C0227,P028,Light Assembly LA-18,43,96750,5
C0227,P029,Pressure Sensor PS-90,104,410800,8
C0227,P030,Fuel Pump FP-350,54,1182600,5
C0228,P001,Hydraulic Pump HP-300,66,1617000,5
C0228,P002,Engine Oil Filter OF-90,65,46800,9
C0228,P003,Air Filter AF-120,97,121250,7
C0228,P004,Track Chain TC-45,63,2507400,5
C0228,P005,Fuel Injector FI-220,75,633750,8
C0228,P006,Alternator ALT-500,65,728000,7
C0228,P007,Hydraulic Hose HH-60,75,108750,5
C0228,P008,Bucket Tooth BT-10,109,63220,7
C0228,P009,Starter Motor SM-700,97,1445300,12
C0228,P010,Turbocharger TB-900,53,1849700,4
C0228,P011,Hydraulic Cylinder HC-200,148,4084800,11
C0228,P012,Brake Pad BP-40,182,445900,10
C0228,P013,Seal Kit SK-15,51,73950,6
C0228,P014,Transmission Assembly TA-800,77,6429500,7
C0228,P015,Engine Block EB-600,131,15589000,8
C0228,P016,Radiator RD-250,95,969000,7
C0228,P017,Fan Belt FB-30,25,13000,2
C0228,P018,Wheel Rim WR-24,74,836200,6
C0228,P019,Swing Motor SWM-350,115,4577000,9
C0228,P020,Pivot Pin PP-12,77,88550,6
C0228,P021,Boom Cylinder BC-400,93,4296600,8
C0228,P022,Control Valve CV-75,16,270400,3
C0228,P023,Idler Wheel IW-55,80,1036000,7
C0228,P024,Track Roller TR-60,76,782800,9
C0228,P025,Cabin Glass CG-20,47,368950,4
C0228,P026,Grease Cartridge GC-5,19,5890,4
C0228,P027,O-Ring Set OR-50,81,38880,6
C0228,P028,Light Assembly LA-18,18,40500,2
C0228,P029,Pressure Sensor PS-90,109,430550,7
C0228,P030,Fuel Pump FP-350,96,2102400,6
C0229,P001,Hydraulic Pump HP-300,68,1666000,4
C0229,P002,Engine Oil Filter OF-90,88,63360,6
C0229,P003,Air Filter AF-120,55,68750,5
C0229,P004,Track Chain TC-45,57,2268600,4
C0229,P005,Fuel Injector FI-220,35,295750,4
C0229,P006,Alternator ALT-500,76,851200,7
C0229,P007,Hydraulic Hose HH-60,20,29000,3
C0229,P008,Bucket Tooth BT-10,66,38280,7
C0229,P009,Starter Motor SM-700,23,342700,3
C0229,P010,Turbocharger TB-900,107,3734300,10
C0229,P011,Hydraulic Cylinder HC-200,58,1600800,6
C0229,P012,Brake Pad BP-40,126,308700,9
C0229,P013,Seal Kit SK-15,58,84100,6
C0229,P014,Transmission Assembly TA-800,42,3507000,4
C0229,P015,Engine Block EB-600,106,12614000,10
C0229,P016,Radiator RD-250,35,357000,4
C0229,P017,Fan Belt FB-30,18,9360,2
C0229,P018,Wheel Rim WR-24,78,881400,11
C0229,P019,Swing Motor SWM-350,48,1910400,4
C0229,P020,Pivot Pin PP-12,8,9200,1
C0229,P021,Boom Cylinder BC-400,35,1617000,5
C0229,P022,Control Valve CV-75,42,709800,5
C0229,P023,Idler Wheel IW-55,35,453250,3
C0229,P024,Track Roller TR-60,19,195700,2
C0229,P025,Cabin Glass CG-20,40,314000,3
C0229,P026,Grease Cartridge GC-5,40,12400,4
C0229,P027,O-Ring Set OR-50,80,38400,5
C0229,P028,Light Assembly LA-18,53,119250,4
C0229,P029,Pressure Sensor PS-90,54,213300,5
C0229,P030,Fuel Pump FP-350,83,1817700,5
C0230,P001,Hydraulic Pump HP-300,98,2401000,7
C0230,P002,Engine Oil Filter OF-90,202,145440,14
C0230,P003,Air Filter AF-120,173,216250,7
C0230,P004,Track Chain TC-45,44,1751200,6
C0230,P005,Fuel Injector FI-220,96,811200,8
C0230,P006,Alternator ALT-500,78,873600,7
C0230,P007,Hydraulic Hose HH-60,174,252300,14
C0230,P008,Bucket Tooth BT-10,142,82360,9
C0230,P009,Starter Motor SM-700,52,774800,5
C0230,P010,Turbocharger TB-900,83,2896700,9
C0230,P011,Hydraulic Cylinder HC-200,155,4278000,13
C0230,P012,Brake Pad BP-40,140,343000,12
C0230,P013,Seal Kit SK-15,88,127600,8
C0230,P014,Transmission Assembly TA-800,80,6680000,7
C0230,P015,Engine Block EB-600,112,13328000,11
C0230,P016,Radiator RD-250,122,1244400,12
C0230,P017,Fan Belt FB-30,61,31720,6
C0230,P018,Wheel Rim WR-24,56,632800,7
C0230,P019,Swing Motor SWM-350,159,6328200,11
C0230,P020,Pivot Pin PP-12,129,148350,12
C0230,P021,Boom Cylinder BC-400,74,3418800,8
C0230,P022,Control Valve CV-75,120,2028000,10
C0230,P023,Idler Wheel IW-55,106,1372700,9
C0230,P024,Track Roller TR-60,46,473800,8
C0230,P025,Cabin Glass CG-20,82,643700,7
C0230,P026,Grease Cartridge GC-5,169,52390,16
C0230,P027,O-Ring Set OR-50,121,58080,12
C0230,P028,Light Assembly LA-18,83,186750,7
C0230,P029,Pressure Sensor PS-90,40,158000,4
C0230,P030,Fuel Pump FP-350,85,1861500,7
C0231,P001,Hydraulic Pump HP-300,68,1666000,7
C0231,P002,Engine Oil Filter OF-90,84,60480,5
C0231,P003,Air Filter AF-120,88,110000,8
C0231,P004,Track Chain TC-45,100,3980000,10
C0231,P005,Fuel Injector FI-220,113,954850,9
C0231,P006,Alternator ALT-500,89,996800,6
C0231,P007,Hydraulic Hose HH-60,75,108750,6
C0231,P008,Bucket Tooth BT-10,70,40600,7
C0231,P009,Starter Motor SM-700,122,1817800,9
C0231,P010,Turbocharger TB-900,145,5060500,12
C0231,P011,Hydraulic Cylinder HC-200,149,4112400,11
C0231,P012,Brake Pad BP-40,123,301350,8
C0231,P013,Seal Kit SK-15,47,68150,8
C0231,P014,Transmission Assembly TA-800,85,7097500,8
C0231,P015,Engine Block EB-600,73,8687000,9
C0231,P016,Radiator RD-250,155,1581000,12
C0231,P017,Fan Belt FB-30,61,31720,8
C0231,P018,Wheel Rim WR-24,138,1559400,13
C0231,P019,Swing Motor SWM-350,100,3980000,10
C0231,P020,Pivot Pin PP-12,101,116150,7
C0231,P021,Boom Cylinder BC-400,54,2494800,4
C0231,P022,Control Valve CV-75,93,1571700,8
C0231,P023,Idler Wheel IW-55,116,1502200,8
C0231,P024,Track Roller TR-60,101,1040300,9
C0231,P025,Cabin Glass CG-20,98,769300,9
C0231,P026,Grease Cartridge GC-5,128,39680,11
C0231,P027,O-Ring Set OR-50,64,30720,6
C0231,P028,Light Assembly LA-18,95,213750,8
C0231,P029,Pressure Sensor PS-90,86,339700,6
C0231,P030,Fuel Pump FP-350,95,2080500,8
C0232,P001,Hydraulic Pump HP-300,122,2989000,9
C0232,P002,Engine Oil Filter OF-90,136,97920,10
C0232,P003,Air Filter AF-120,121,151250,8
C0232,P004,Track Chain TC-45,80,3184000,7
C0232,P005,Fuel Injector FI-220,68,574600,6
C0232,P006,Alternator ALT-500,71,795200,8
C0232,P007,Hydraulic Hose HH-60,82,118900,6
C0232,P008,Bucket Tooth BT-10,113,65540,12
C0232,P009,Starter Motor SM-700,103,1534700,9
C0232,P010,Turbocharger TB-900,101,3524900,11
C0232,P011,Hydraulic Cylinder HC-200,91,2511600,8
C0232,P012,Brake Pad BP-40,36,88200,7
C0232,P013,Seal Kit SK-15,176,255200,15
C0232,P014,Transmission Assembly TA-800,67,5594500,7
C0232,P015,Engine Block EB-600,58,6902000,6
C0232,P016,Radiator RD-250,85,867000,8
C0232,P017,Fan Belt FB-30,94,48880,8
C0232,P018,Wheel Rim WR-24,76,858800,7
C0232,P019,Swing Motor SWM-350,157,6248600,13
C0232,P020,Pivot Pin PP-12,94,108100,7
C0232,P021,Boom Cylinder BC-400,147,6791400,13
C0232,P022,Control Valve CV-75,79,1335100,7
C0232,P023,Idler Wheel IW-55,70,906500,6
C0232,P024,Track Roller TR-60,42,432600,6
C0232,P025,Cabin Glass CG-20,99,777150,6
C0232,P026,Grease Cartridge GC-5,57,17670,5
C0232,P027,O-Ring Set OR-50,216,103680,16
C0232,P028,Light Assembly LA-18,44,99000,4
C0232,P029,Pressure Sensor PS-90,81,319950,6
C0232,P030,Fuel Pump FP-350,90,1971000,7
C0233,P001,Hydraulic Pump HP-300,135,3307500,11
C0233,P002,Engine Oil Filter OF-90,70,50400,7
C0233,P003,Air Filter AF-120,66,82500,4
C0233,P004,Track Chain TC-45,62,2467600,5
C0233,P005,Fuel Injector FI-220,28,236600,4
C0233,P006,Alternator ALT-500,108,1209600,9
C0233,P007,Hydraulic Hose HH-60,57,82650,5
C0233,P008,Bucket Tooth BT-10,80,46400,9
C0233,P009,Starter Motor SM-700,66,983400,6
C0233,P010,Turbocharger TB-900,89,3106100,6
C0233,P011,Hydraulic Cylinder HC-200,57,1573200,5
C0233,P012,Brake Pad BP-40,40,98000,6
C0233,P013,Seal Kit SK-15,86,124700,6
C0233,P014,Transmission Assembly TA-800,81,6763500,7
C0233,P015,Engine Block EB-600,58,6902000,5
C0233,P016,Radiator RD-250,111,1132200,8
C0233,P017,Fan Belt FB-30,78,40560,6
C0233,P018,Wheel Rim WR-24,64,723200,5
C0233,P019,Swing Motor SWM-350,66,2626800,5
C0233,P020,Pivot Pin PP-12,138,158700,12
C0233,P021,Boom Cylinder BC-400,77,3557400,6
C0233,P022,Control Valve CV-75,89,1504100,5
C0233,P023,Idler Wheel IW-55,81,1048950,6
C0233,P024,Track Roller TR-60,117,1205100,7
C0233,P025,Cabin Glass CG-20,109,855650,6
C0233,P026,Grease Cartridge GC-5,123,38130,9
C0233,P027,O-Ring Set OR-50,53,25440,5
C0233,P028,Light Assembly LA-18,77,173250,7
C0233,P029,Pressure Sensor PS-90,102,402900,9
C0233,P030,Fuel Pump FP-350,95,2080500,8
C0234,P001,Hydraulic Pump HP-300,140,3430000,11
C0234,P002,Engine Oil Filter OF-90,54,38880,4
C0234,P003,Air Filter AF-120,132,165000,8
C0234,P004,Track Chain TC-45,66,2626800,7
C0234,P005,Fuel Injector FI-220,173,1461850,12
C0234,P006,Alternator ALT-500,152,1702400,14
C0234,P007,Hydraulic Hose HH-60,135,195750,8
C0234,P008,Bucket Tooth BT-10,83,48140,6
C0234,P009,Starter Motor SM-700,32,476800,3
C0234,P010,Turbocharger TB-900,49,1710100,7
C0234,P011,Hydraulic Cylinder HC-200,80,2208000,7
C0234,P012,Brake Pad BP-40,28,68600,3
C0234,P013,Seal Kit SK-15,82,118900,5
C0234,P014,Transmission Assembly TA-800,126,10521000,8
C0234,P015,Engine Block EB-600,179,21301000,7
C0234,P016,Radiator RD-250,71,724200,6
C0234,P017,Fan Belt FB-30,87,45240,10
C0234,P018,Wheel Rim WR-24,105,1186500,10
C0234,P019,Swing Motor SWM-350,86,3422800,6
C0234,P020,Pivot Pin PP-12,30,34500,2
C0234,P021,Boom Cylinder BC-400,108,4989600,10
C0234,P022,Control Valve CV-75,68,1149200,7
C0234,P023,Idler Wheel IW-55,90,1165500,8
C0234,P024,Track Roller TR-60,58,597400,6
C0234,P025,Cabin Glass CG-20,168,1318800,10
C0234,P026,Grease Cartridge GC-5,71,22010,7
C0234,P027,O-Ring Set OR-50,85,40800,8
C0234,P028,Light Assembly LA-18,106,238500,8
C0234,P029,Pressure Sensor PS-90,120,474000,8
C0234,P030,Fuel Pump FP-350,81,1773900,6
C0235,P001,Hydraulic Pump HP-300,89,2180500,5
C0235,P002,Engine Oil Filter OF-90,115,82800,9
C0235,P003,Air Filter AF-120,92,115000,6
C0235,P004,Track Chain TC-45,164,6527200,11
C0235,P005,Fuel Injector FI-220,81,684450,8
C0235,P006,Alternator ALT-500,48,537600,5
C0235,P007,Hydraulic Hose HH-60,103,149350,9
C0235,P008,Bucket Tooth BT-10,84,48720,10
C0235,P009,Starter Motor SM-700,101,1504900,8
C0235,P010,Turbocharger TB-900,69,2408100,7
C0235,P011,Hydraulic Cylinder HC-200,110,3036000,10
C0235,P012,Brake Pad BP-40,35,85750,4
C0235,P013,Seal Kit SK-15,135,195750,9
C0235,P014,Transmission Assembly TA-800,77,6429500,7
C0235,P015,Engine Block EB-600,69,8211000,6
C0235,P016,Radiator RD-250,66,673200,4
C0235,P017,Fan Belt FB-30,133,69160,10
C0235,P018,Wheel Rim WR-24,140,1582000,10
C0235,P019,Swing Motor SWM-350,145,5771000,11
C0235,P020,Pivot Pin PP-12,117,134550,12
C0235,P021,Boom Cylinder BC-400,131,6052200,9
C0235,P022,Control Valve CV-75,91,1537900,8
C0235,P023,Idler Wheel IW-55,114,1476300,9
C0235,P024,Track Roller TR-60,35,360500,4
C0235,P025,Cabin Glass CG-20,85,667250,10
C0235,P026,Grease Cartridge GC-5,105,32550,8
C0235,P027,O-Ring Set OR-50,69,33120,7
C0235,P028,Light Assembly LA-18,128,288000,10
C0235,P029,Pressure Sensor PS-90,123,485850,12
C0235,P030,Fuel Pump FP-350,79,1730100,10
C0236,P001,Hydraulic Pump HP-300,59,1445500,6
C0236,P002,Engine Oil Filter OF-90,83,59760,7
C0236,P003,Air Filter AF-120,120,150000,10
C0236,P004,Track Chain TC-45,97,3860600,8
C0236,P005,Fuel Injector FI-220,104,878800,7
C0236,P006,Alternator ALT-500,78,873600,5
C0236,P007,Hydraulic Hose HH-60,116,168200,9
C0236,P008,Bucket Tooth BT-10,58,33640,5
C0236,P009,Starter Motor SM-700,130,1937000,9
C0236,P010,Turbocharger TB-900,99,3455100,6
C0236,P011,Hydraulic Cylinder HC-200,110,3036000,9
C0236,P012,Brake Pad BP-40,44,107800,4
C0236,P013,Seal Kit SK-15,173,250850,10
C0236,P014,Transmission Assembly TA-800,101,8433500,9
C0236,P015,Engine Block EB-600,122,14518000,9
C0236,P016,Radiator RD-250,108,1101600,9
C0236,P017,Fan Belt FB-30,75,39000,5
C0236,P018,Wheel Rim WR-24,71,802300,8
C0236,P019,Swing Motor SWM-350,79,3144200,11
C0236,P020,Pivot Pin PP-12,75,86250,7
C0236,P021,Boom Cylinder BC-400,92,4250400,7
C0236,P022,Control Valve CV-75,102,1723800,12
C0236,P023,Idler Wheel IW-55,99,1282050,11
C0236,P024,Track Roller TR-60,89,916700,4
C0236,P025,Cabin Glass CG-20,94,737900,8
C0236,P026,Grease Cartridge GC-5,60,18600,8
C0236,P027,O-Ring Set OR-50,59,28320,9
C0236,P028,Light Assembly LA-18,158,355500,13
C0236,P029,Pressure Sensor PS-90,94,371300,9
C0236,P030,Fuel Pump FP-350,76,1664400,8
C0237,P001,Hydraulic Pump HP-300,101,2474500,6
C0237,P002,Engine Oil Filter OF-90,43,30960,4
C0237,P003,Air Filter AF-120,80,100000,5
C0237,P004,Track Chain TC-45,146,5810800,10
C0237,P005,Fuel Injector FI-220,54,456300,5
C0237,P006,Alternator ALT-500,56,627200,6
C0237,P007,Hydraulic Hose HH-60,91,131950,8
C0237,P008,Bucket Tooth BT-10,141,81780,11
C0237,P009,Starter Motor SM-700,131,1951900,10
C0237,P010,Turbocharger TB-900,120,4188000,12
C0237,P011,Hydraulic Cylinder HC-200,106,2925600,9
C0237,P012,Brake Pad BP-40,43,105350,7
C0237,P013,Seal Kit SK-15,21,30450,4
C0237,P014,Transmission Assembly TA-800,115,9602500,10
C0237,P015,Engine Block EB-600,150,17850000,10
C0237,P016,Radiator RD-250,81,826200,8
C0237,P017,Fan Belt FB-30,119,61880,10
C0237,P018,Wheel Rim WR-24,104,1175200,8
C0237,P019,Swing Motor SWM-350,44,1751200,5
C0237,P020,Pivot Pin PP-12,92,105800,6
C0237,P021,Boom Cylinder BC-400,39,1801800,5
C0237,P022,Control Valve CV-75,87,1470300,8
C0237,P023,Idler Wheel IW-55,76,984200,9
C0237,P024,Track Roller TR-60,161,1658300,10
C0237,P025,Cabin Glass CG-20,137,1075450,11
C0237,P026,Grease Cartridge GC-5,108,33480,12
C0237,P027,O-Ring Set OR-50,72,34560,7
C0237,P028,Light Assembly LA-18,80,180000,7
C0237,P029,Pressure Sensor PS-90,93,367350,9
C0237,P030,Fuel Pump FP-350,85,1861500,7
C0238,P001,Hydraulic Pump HP-300,71,1739500,5
C0238,P002,Engine Oil Filter OF-90,119,85680,10
C0238,P003,Air Filter AF-120,35,43750,5
C0238,P004,Track Chain TC-45,34,1353200,5
C0238,P005,Fuel Injector FI-220,81,684450,7
C0238,P006,Alternator ALT-500,43,481600,8
C0238,P007,Hydraulic Hose HH-60,151,218950,10
C0238,P008,Bucket Tooth BT-10,41,23780,5
C0238,P009,Starter Motor SM-700,117,1743300,12
C0238,P010,Turbocharger TB-900,62,2163800,6
C0238,P011,Hydraulic Cylinder HC-200,61,1683600,6
C0238,P012,Brake Pad BP-40,46,112700,6
C0238,P013,Seal Kit SK-15,71,102950,8
C0238,P014,Transmission Assembly TA-800,26,2171000,4
C0238,P015,Engine Block EB-600,44,5236000,3
C0238,P016,Radiator RD-250,96,979200,6
C0238,P017,Fan Belt FB-30,75,39000,7
C0238,P018,Wheel Rim WR-24,12,135600,3
C0238,P019,Swing Motor SWM-350,56,2228800,4
C0238,P020,Pivot Pin PP-12,22,25300,3
C0238,P021,Boom Cylinder BC-400,87,4019400,5
C0238,P022,Control Valve CV-75,62,1047800,7
C0238,P023,Idler Wheel IW-55,35,453250,3
C0238,P024,Track Roller TR-60,65,669500,5
C0238,P025,Cabin Glass CG-20,95,745750,6
C0238,P026,Grease Cartridge GC-5,76,23560,7
C0238,P027,O-Ring Set OR-50,77,36960,9
C0238,P028,Light Assembly LA-18,29,65250,6
C0238,P029,Pressure Sensor PS-90,103,406850,10
C0238,P030,Fuel Pump FP-350,103,2255700,8
C0239,P001,Hydraulic Pump HP-300,80,1960000,6
C0239,P002,Engine Oil Filter OF-90,83,59760,7
C0239,P003,Air Filter AF-120,96,120000,5
C0239,P004,Track Chain TC-45,119,4736200,11
C0239,P005,Fuel Injector FI-220,47,397150,10
C0239,P006,Alternator ALT-500,59,660800,4
C0239,P007,Hydraulic Hose HH-60,157,227650,11
C0239,P008,Bucket Tooth BT-10,83,48140,6
C0239,P009,Starter Motor SM-700,118,1758200,7
C0239,P010,Turbocharger TB-900,69,2408100,8
C0239,P011,Hydraulic Cylinder HC-200,110,3036000,9
C0239,P012,Brake Pad BP-40,145,355250,10
C0239,P013,Seal Kit SK-15,46,66700,4
C0239,P014,Transmission Assembly TA-800,83,6930500,5
C0239,P015,Engine Block EB-600,58,6902000,5
C0239,P016,Radiator RD-250,56,571200,6
C0239,P017,Fan Belt FB-30,60,31200,6
C0239,P018,Wheel Rim WR-24,76,858800,6
C0239,P019,Swing Motor SWM-350,83,3303400,9
C0239,P020,Pivot Pin PP-12,62,71300,6
C0239,P021,Boom Cylinder BC-400,77,3557400,6
C0239,P022,Control Valve CV-75,71,1199900,8
C0239,P023,Idler Wheel IW-55,59,764050,5
C0239,P024,Track Roller TR-60,69,710700,8
C0239,P025,Cabin Glass CG-20,50,392500,5
C0239,P026,Grease Cartridge GC-5,77,23870,7
C0239,P027,O-Ring Set OR-50,90,43200,8
C0239,P028,Light Assembly LA-18,34,76500,5
C0239,P029,Pressure Sensor PS-90,9,35550,3
C0239,P030,Fuel Pump FP-350,108,2365200,9
C0240,P001,Hydraulic Pump HP-300,99,2425500,9
C0240,P002,Engine Oil Filter OF-90,75,54000,5
C0240,P003,Air Filter AF-120,85,106250,10
C0240,P004,Track Chain TC-45,68,2706400,7
C0240,P005,Fuel Injector FI-220,148,1250600,13
C0240,P006,Alternator ALT-500,104,1164800,10
C0240,P007,Hydraulic Hose HH-60,103,149350,11
C0240,P008,Bucket Tooth BT-10,161,93380,11
C0240,P009,Starter Motor SM-700,223,3322700,19
C0240,P010,Turbocharger TB-900,105,3664500,8
C0240,P011,Hydraulic Cylinder HC-200,204,5630400,17
C0240,P012,Brake Pad BP-40,90,220500,8
C0240,P013,Seal Kit SK-15,111,160950,13
C0240,P014,Transmission Assembly TA-800,179,14946500,12
C0240,P015,Engine Block EB-600,199,23681000,13
C0240,P016,Radiator RD-250,112,1142400,10
C0240,P017,Fan Belt FB-30,117,60840,8
C0240,P018,Wheel Rim WR-24,91,1028300,11
C0240,P019,Swing Motor SWM-350,111,4417800,8
C0240,P020,Pivot Pin PP-12,168,193200,12
C0240,P021,Boom Cylinder BC-400,139,6421800,8
C0240,P022,Control Valve CV-75,99,1673100,9
C0240,P023,Idler Wheel IW-55,128,1657600,11
C0240,P024,Track Roller TR-60,142,1462600,11
C0240,P025,Cabin Glass CG-20,150,1177500,15
C0240,P026,Grease Cartridge GC-5,188,58280,16
C0240,P027,O-Ring Set OR-50,97,46560,11
C0240,P028,Light Assembly LA-18,99,222750,12
C0240,P029,Pressure Sensor PS-90,102,402900,9
C0240,P030,Fuel Pump FP-350,102,2233800,11
C0241,P001,Hydraulic Pump HP-300,82,2009000,6
C0241,P002,Engine Oil Filter OF-90,135,97200,8
C0241,P003,Air Filter AF-120,107,133750,9
C0241,P004,Track Chain TC-45,92,3661600,7
C0241,P005,Fuel Injector FI-220,105,887250,11
C0241,P006,Alternator ALT-500,105,1176000,9
C0241,P007,Hydraulic Hose HH-60,61,88450,7
C0241,P008,Bucket Tooth BT-10,179,103820,11
C0241,P009,Starter Motor SM-700,142,2115800,10
C0241,P010,Turbocharger TB-900,128,4467200,9
C0241,P011,Hydraulic Cylinder HC-200,120,3312000,9
C0241,P012,Brake Pad BP-40,57,139650,6
C0241,P013,Seal Kit SK-15,174,252300,14
C0241,P014,Transmission Assembly TA-800,76,6346000,6
C0241,P015,Engine Block EB-600,192,22848000,8
C0241,P016,Radiator RD-250,128,1305600,9
C0241,P017,Fan Belt FB-30,130,67600,7
C0241,P018,Wheel Rim WR-24,155,1751500,10
C0241,P019,Swing Motor SWM-350,82,3263600,9
C0241,P020,Pivot Pin PP-12,88,101200,6
C0241,P021,Boom Cylinder BC-400,216,9979200,14
C0241,P022,Control Valve CV-75,103,1740700,8
C0241,P023,Idler Wheel IW-55,69,893550,9
C0241,P024,Track Roller TR-60,194,1998200,15
C0241,P025,Cabin Glass CG-20,87,682950,7
C0241,P026,Grease Cartridge GC-5,87,26970,9
C0241,P027,O-Ring Set OR-50,69,33120,7
C0241,P028,Light Assembly LA-18,143,321750,12
C0241,P029,Pressure Sensor PS-90,85,335750,7
C0241,P030,Fuel Pump FP-350,50,1095000,5
C0242,P001,Hydraulic Pump HP-300,49,1200500,7
C0242,P002,Engine Oil Filter OF-90,146,105120,11
C0242,P003,Air Filter AF-120,107,133750,11
C0242,P004,Track Chain TC-45,124,4935200,9
C0242,P005,Fuel Injector FI-220,169,1428050,12
C0242,P006,Alternator ALT-500,104,1164800,9
C0242,P007,Hydraulic Hose HH-60,121,175450,11
C0242,P008,Bucket Tooth BT-10,127,73660,10
C0242,P009,Starter Motor SM-700,99,1475100,8
C0242,P010,Turbocharger TB-900,67,2338300,6
C0242,P011,Hydraulic Cylinder HC-200,157,4333200,10
C0242,P012,Brake Pad BP-40,141,345450,11
C0242,P013,Seal Kit SK-15,107,155150,8
C0242,P014,Transmission Assembly TA-800,160,13360000,12
C0242,P015,Engine Block EB-600,92,10948000,7
C0242,P016,Radiator RD-250,69,703800,7
C0242,P017,Fan Belt FB-30,102,53040,10
C0242,P018,Wheel Rim WR-24,118,1333400,8
C0242,P019,Swing Motor SWM-350,135,5373000,8
C0242,P020,Pivot Pin PP-12,15,17250,4
C0242,P021,Boom Cylinder BC-400,76,3511200,7
C0242,P022,Control Valve CV-75,77,1301300,10
C0242,P023,Idler Wheel IW-55,113,1463350,11
C0242,P024,Track Roller TR-60,82,844600,8
C0242,P025,Cabin Glass CG-20,101,792850,10
C0242,P026,Grease Cartridge GC-5,68,21080,6
C0242,P027,O-Ring Set OR-50,111,53280,10
C0242,P028,Light Assembly LA-18,113,254250,8
C0242,P029,Pressure Sensor PS-90,134,529300,11
C0242,P030,Fuel Pump FP-350,105,2299500,9
C0243,P001,Hydraulic Pump HP-300,104,2548000,10
C0243,P002,Engine Oil Filter OF-90,102,73440,5
C0243,P003,Air Filter AF-120,112,140000,10
C0243,P004,Track Chain TC-45,29,1154200,2
C0243,P005,Fuel Injector FI-220,124,1047800,7
C0243,P006,Alternator ALT-500,127,1422400,8
C0243,P007,Hydraulic Hose HH-60,84,121800,10
C0243,P008,Bucket Tooth BT-10,74,42920,7
C0243,P009,Starter Motor SM-700,163,2428700,14
C0243,P010,Turbocharger TB-900,49,1710100,5
C0243,P011,Hydraulic Cylinder HC-200,116,3201600,9
C0243,P012,Brake Pad BP-40,55,134750,6
C0243,P013,Seal Kit SK-15,47,68150,4
C0243,P014,Transmission Assembly TA-800,102,8517000,8
C0243,P015,Engine Block EB-600,33,3927000,5
C0243,P016,Radiator RD-250,86,877200,9
C0243,P017,Fan Belt FB-30,48,24960,7
C0243,P018,Wheel Rim WR-24,73,824900,7
C0243,P019,Swing Motor SWM-350,67,2666600,5
C0243,P020,Pivot Pin PP-12,35,40250,6
C0243,P021,Boom Cylinder BC-400,83,3834600,7
C0243,P022,Control Valve CV-75,70,1183000,9
C0243,P023,Idler Wheel IW-55,91,1178450,7
C0243,P024,Track Roller TR-60,54,556200,4
C0243,P025,Cabin Glass CG-20,85,667250,7
C0243,P026,Grease Cartridge GC-5,117,36270,10
C0243,P027,O-Ring Set OR-50,112,53760,9
C0243,P028,Light Assembly LA-18,98,220500,10
C0243,P029,Pressure Sensor PS-90,40,158000,4
C0243,P030,Fuel Pump FP-350,41,897900,3
C0244,P001,Hydraulic Pump HP-300,41,1004500,3
C0244,P002,Engine Oil Filter OF-90,55,39600,3
C0244,P003,Air Filter AF-120,148,185000,14
C0244,P004,Track Chain TC-45,159,6328200,10
C0244,P005,Fuel Injector FI-220,59,498550,8
C0244,P006,Alternator ALT-500,111,1243200,8
C0244,P007,Hydraulic Hose HH-60,101,146450,7
C0244,P008,Bucket Tooth BT-10,103,59740,11
C0244,P009,Starter Motor SM-700,104,1549600,11
C0244,P010,Turbocharger TB-900,32,1116800,4
C0244,P011,Hydraulic Cylinder HC-200,208,5740800,15
C0244,P012,Brake Pad BP-40,145,355250,11
C0244,P013,Seal Kit SK-15,96,139200,9
C0244,P014,Transmission Assembly TA-800,113,9435500,11
C0244,P015,Engine Block EB-600,128,15232000,11
C0244,P016,Radiator RD-250,155,1581000,15
C0244,P017,Fan Belt FB-30,143,74360,11
C0244,P018,Wheel Rim WR-24,105,1186500,9
C0244,P019,Swing Motor SWM-350,122,4855600,11
C0244,P020,Pivot Pin PP-12,59,67850,7
C0244,P021,Boom Cylinder BC-400,116,5359200,10
C0244,P022,Control Valve CV-75,111,1875900,9
C0244,P023,Idler Wheel IW-55,90,1165500,8
C0244,P024,Track Roller TR-60,149,1534700,9
C0244,P025,Cabin Glass CG-20,116,910600,10
C0244,P026,Grease Cartridge GC-5,110,34100,9
C0244,P027,O-Ring Set OR-50,67,32160,5
C0244,P028,Light Assembly LA-18,50,112500,4
C0244,P029,Pressure Sensor PS-90,188,742600,14
C0244,P030,Fuel Pump FP-350,108,2365200,10
C0245,P001,Hydraulic Pump HP-300,99,2425500,11
C0245,P002,Engine Oil Filter OF-90,53,38160,6
C0245,P003,Air Filter AF-120,51,63750,5
C0245,P004,Track Chain TC-45,49,1950200,6
C0245,P005,Fuel Injector FI-220,117,988650,9
C0245,P006,Alternator ALT-500,94,1052800,7
C0245,P007,Hydraulic Hose HH-60,69,100050,8
C0245,P008,Bucket Tooth BT-10,75,43500,5
C0245,P009,Starter Motor SM-700,60,894000,5
C0245,P010,Turbocharger TB-900,119,4153100,9
C0245,P011,Hydraulic Cylinder HC-200,175,4830000,14
C0245,P012,Brake Pad BP-40,34,83300,5
C0245,P013,Seal Kit SK-15,35,50750,7
C0245,P014,Transmission Assembly TA-800,69,5761500,7
C0245,P015,Engine Block EB-600,84,9996000,6
C0245,P016,Radiator RD-250,127,1295400,8
C0245,P017,Fan Belt FB-30,80,41600,6
C0245,P018,Wheel Rim WR-24,74,836200,8
C0245,P019,Swing Motor SWM-350,81,3223800,8
C0245,P020,Pivot Pin PP-12,68,78200,7
C0245,P021,Boom Cylinder BC-400,66,3049200,6
C0245,P022,Control Valve CV-75,89,1504100,7
C0245,P023,Idler Wheel IW-55,45,582750,5
C0245,P024,Track Roller TR-60,92,947600,7
C0245,P025,Cabin Glass CG-20,72,565200,7
C0245,P026,Grease Cartridge GC-5,120,37200,6
C0245,P027,O-Ring Set OR-50,132,63360,8
C0245,P028,Light Assembly LA-18,69,155250,5
C0245,P029,Pressure Sensor PS-90,42,165900,6
C0245,P030,Fuel Pump FP-350,77,1686300,6
C0246,P001,Hydraulic Pump HP-300,75,1837500,7
C0246,P002,Engine Oil Filter OF-90,77,55440,8
C0246,P003,Air Filter AF-120,68,85000,7
C0246,P004,Track Chain TC-45,85,3383000,9
C0246,P005,Fuel Injector FI-220,96,811200,8
C0246,P006,Alternator ALT-500,125,1400000,9
C0246,P007,Hydraulic Hose HH-60,64,92800,7
C0246,P008,Bucket Tooth BT-10,94,54520,7
C0246,P009,Starter Motor SM-700,124,1847600,9
C0246,P010,Turbocharger TB-900,72,2512800,6
C0246,P011,Hydraulic Cylinder HC-200,98,2704800,10
C0246,P012,Brake Pad BP-40,90,220500,7
C0246,P013,Seal Kit SK-15,74,107300,6
C0246,P014,Transmission Assembly TA-800,108,9018000,10
C0246,P015,Engine Block EB-600,198,23562000,12
C0246,P016,Radiator RD-250,80,816000,8
C0246,P017,Fan Belt FB-30,57,29640,4
C0246,P018,Wheel Rim WR-24,73,824900,6
C0246,P019,Swing Motor SWM-350,62,2467600,6
C0246,P020,Pivot Pin PP-12,126,144900,10
C0246,P021,Boom Cylinder BC-400,86,3973200,9
C0246,P022,Control Valve CV-75,72,1216800,5
C0246,P023,Idler Wheel IW-55,91,1178450,10
C0246,P024,Track Roller TR-60,138,1421400,8
C0246,P025,Cabin Glass CG-20,80,628000,7
C0246,P026,Grease Cartridge GC-5,76,23560,7
C0246,P027,O-Ring Set OR-50,39,18720,3
C0246,P028,Light Assembly LA-18,36,81000,5
C0246,P029,Pressure Sensor PS-90,55,217250,5
C0246,P030,Fuel Pump FP-350,29,635100,4
C0247,P001,Hydraulic Pump HP-300,46,1127000,7
C0247,P002,Engine Oil Filter OF-90,101,72720,7
C0247,P003,Air Filter AF-120,67,83750,5
C0247,P004,Track Chain TC-45,84,3343200,6
C0247,P005,Fuel Injector FI-220,131,1106950,9
C0247,P006,Alternator ALT-500,134,1500800,9
C0247,P007,Hydraulic Hose HH-60,82,118900,9
C0247,P008,Bucket Tooth BT-10,92,53360,5
C0247,P009,Starter Motor SM-700,64,953600,5
C0247,P010,Turbocharger TB-900,101,3524900,9
C0247,P011,Hydraulic Cylinder HC-200,67,1849200,6
C0247,P012,Brake Pad BP-40,159,389550,12
C0247,P013,Seal Kit SK-15,147,213150,12
C0247,P014,Transmission Assembly TA-800,111,9268500,9
C0247,P015,Engine Block EB-600,91,10829000,9
C0247,P016,Radiator RD-250,97,989400,9
C0247,P017,Fan Belt FB-30,81,42120,6
C0247,P018,Wheel Rim WR-24,174,1966200,17
C0247,P019,Swing Motor SWM-350,112,4457600,7
C0247,P020,Pivot Pin PP-12,102,117300,8
C0247,P021,Boom Cylinder BC-400,149,6883800,11
C0247,P022,Control Valve CV-75,43,726700,4
C0247,P023,Idler Wheel IW-55,76,984200,5
C0247,P024,Track Roller TR-60,97,999100,10
C0247,P025,Cabin Glass CG-20,137,1075450,12
C0247,P026,Grease Cartridge GC-5,113,35030,7
C0247,P027,O-Ring Set OR-50,31,14880,4
C0247,P028,Light Assembly LA-18,127,285750,9
C0247,P029,Pressure Sensor PS-90,64,252800,7
C0247,P030,Fuel Pump FP-350,118,2584200,9
C0248,P001,Hydraulic Pump HP-300,29,710500,6
C0248,P002,Engine Oil Filter OF-90,14,10080,3
C0248,P003,Air Filter AF-120,11,13750,1
C0248,P004,Track Chain TC-45,94,3741200,7
C0248,P005,Fuel Injector FI-220,31,261950,2
C0248,P006,Alternator ALT-500,80,896000,8
C0248,P007,Hydraulic Hose HH-60,37,53650,5
C0248,P008,Bucket Tooth BT-10,64,37120,5
C0248,P009,Starter Motor SM-700,43,640700,4
C0248,P010,Turbocharger TB-900,66,2303400,6
C0248,P011,Hydraulic Cylinder HC-200,66,1821600,4
C0248,P012,Brake Pad BP-40,34,83300,3
C0248,P013,Seal Kit SK-15,43,62350,4
C0248,P014,Transmission Assembly TA-800,55,4592500,4
C0248,P015,Engine Block EB-600,57,6783000,4
C0248,P016,Radiator RD-250,94,958800,6
C0248,P017,Fan Belt FB-30,40,20800,5
C0248,P018,Wheel Rim WR-24,63,711900,6
C0248,P019,Swing Motor SWM-350,17,676600,1
C0248,P020,Pivot Pin PP-12,74,85100,6
C0248,P021,Boom Cylinder BC-400,121,5590200,7
C0248,P022,Control Valve CV-75,96,1622400,6
C0248,P023,Idler Wheel IW-55,57,738150,6
C0248,P024,Track Roller TR-60,94,968200,8
C0248,P025,Cabin Glass CG-20,90,706500,6
C0248,P026,Grease Cartridge GC-5,45,13950,3
C0248,P027,O-Ring Set OR-50,100,48000,10
C0248,P028,Light Assembly LA-18,95,213750,9
C0248,P029,Pressure Sensor PS-90,57,225150,4
C0248,P030,Fuel Pump FP-350,42,919800,4
C0249,P001,Hydraulic Pump HP-300,148,3626000,12
C0249,P002,Engine Oil Filter OF-90,31,22320,4
C0249,P003,Air Filter AF-120,110,137500,8
C0249,P004,Track Chain TC-45,91,3621800,6
C0249,P005,Fuel Injector FI-220,64,540800,6
C0249,P006,Alternator ALT-500,34,380800,2
C0249,P007,Hydraulic Hose HH-60,169,245050,13
C0249,P008,Bucket Tooth BT-10,142,82360,11
C0249,P009,Starter Motor SM-700,102,1519800,7
C0249,P010,Turbocharger TB-900,72,2512800,4
C0249,P011,Hydraulic Cylinder HC-200,141,3891600,9
C0249,P012,Brake Pad BP-40,47,115150,4
C0249,P013,Seal Kit SK-15,128,185600,11
C0249,P014,Transmission Assembly TA-800,108,9018000,7
C0249,P015,Engine Block EB-600,88,10472000,12
C0249,P016,Radiator RD-250,69,703800,8
C0249,P017,Fan Belt FB-30,68,35360,7
C0249,P018,Wheel Rim WR-24,29,327700,3
C0249,P019,Swing Motor SWM-350,105,4179000,9
C0249,P020,Pivot Pin PP-12,135,155250,9
C0249,P021,Boom Cylinder BC-400,115,5313000,11
C0249,P022,Control Valve CV-75,120,2028000,11
C0249,P023,Idler Wheel IW-55,107,1385650,7
C0249,P024,Track Roller TR-60,34,350200,3
C0249,P025,Cabin Glass CG-20,74,580900,7
C0249,P026,Grease Cartridge GC-5,92,28520,8
C0249,P027,O-Ring Set OR-50,120,57600,8
C0249,P028,Light Assembly LA-18,80,180000,8
C0249,P029,Pressure Sensor PS-90,68,268600,5
C0249,P030,Fuel Pump FP-350,34,744600,3
C0250,P001,Hydraulic Pump HP-300,85,2082500,8
C0250,P002,Engine Oil Filter OF-90,188,135360,15
C0250,P003,Air Filter AF-120,133,166250,11
C0250,P004,Track Chain TC-45,133,5293400,10
C0250,P005,Fuel Injector FI-220,174,1470300,11
C0250,P006,Alternator ALT-500,77,862400,8
C0250,P007,Hydraulic Hose HH-60,58,84100,4
C0250,P008,Bucket Tooth BT-10,139,80620,10
C0250,P009,Starter Motor SM-700,90,1341000,8
C0250,P010,Turbocharger TB-900,105,3664500,7
C0250,P011,Hydraulic Cylinder HC-200,50,1380000,5
C0250,P012,Brake Pad BP-40,97,237650,8
C0250,P013,Seal Kit SK-15,128,185600,11
C0250,P014,Transmission Assembly TA-800,104,8684000,9
C0250,P015,Engine Block EB-600,102,12138000,10
C0250,P016,Radiator RD-250,79,805800,8
C0250,P017,Fan Belt FB-30,119,61880,14
C0250,P018,Wheel Rim WR-24,127,1435100,12
C0250,P019,Swing Motor SWM-350,177,7044600,12
C0250,P020,Pivot Pin PP-12,129,148350,10
C0250,P021,Boom Cylinder BC-400,171,7900200,13
C0250,P022,Control Valve CV-75,93,1571700,9
C0250,P023,Idler Wheel IW-55,96,1243200,10
C0250,P024,Track Roller TR-60,90,927000,9
C0250,P025,Cabin Glass CG-20,57,447450,6
C0250,P026,Grease Cartridge GC-5,77,23870,6
C0250,P027,O-Ring Set OR-50,117,56160,9
C0250,P028,Light Assembly LA-18,89,200250,9
C0250,P029,Pressure Sensor PS-90,75,296250,7
C0250,P030,Fuel Pump FP-350,149,3263100,12
C0251,P001,Hydraulic Pump HP-300,114,2793000,8
C0251,P002,Engine Oil Filter OF-90,104,74880,7
C0251,P003,Air Filter AF-120,92,115000,7
C0251,P004,Track Chain TC-45,3,119400,1
C0251,P005,Fuel Injector FI-220,102,861900,10
C0251,P006,Alternator ALT-500,92,1030400,6
C0251,P007,Hydraulic Hose HH-60,81,117450,7
C0251,P008,Bucket Tooth BT-10,101,58580,8
C0251,P009,Starter Motor SM-700,87,1296300,9
C0251,P010,Turbocharger TB-900,84,2931600,7
C0251,P011,Hydraulic Cylinder HC-200,50,1380000,3
C0251,P012,Brake Pad BP-40,78,191100,6
C0251,P013,Seal Kit SK-15,29,42050,3
C0251,P014,Transmission Assembly TA-800,47,3924500,5
C0251,P015,Engine Block EB-600,168,19992000,11
C0251,P016,Radiator RD-250,133,1356600,11
C0251,P017,Fan Belt FB-30,47,24440,7
C0251,P018,Wheel Rim WR-24,34,384200,3
C0251,P019,Swing Motor SWM-350,107,4258600,9
C0251,P020,Pivot Pin PP-12,95,109250,8
C0251,P021,Boom Cylinder BC-400,76,3511200,6
C0251,P022,Control Valve CV-75,86,1453400,8
C0251,P023,Idler Wheel IW-55,54,699300,5
C0251,P024,Track Roller TR-60,88,906400,7
C0251,P025,Cabin Glass CG-20,37,290450,5
C0251,P026,Grease Cartridge GC-5,92,28520,7
C0251,P027,O-Ring Set OR-50,103,49440,7
C0251,P028,Light Assembly LA-18,113,254250,13
C0251,P029,Pressure Sensor PS-90,75,296250,7
C0251,P030,Fuel Pump FP-350,74,1620600,6
C0252,P001,Hydraulic Pump HP-300,69,1690500,7
C0252,P002,Engine Oil Filter OF-90,91,65520,7
C0252,P003,Air Filter AF-120,131,163750,10
C0252,P004,Track Chain TC-45,68,2706400,5
C0252,P005,Fuel Injector FI-220,87,735150,8
C0252,P006,Alternator ALT-500,67,750400,6
C0252,P007,Hydraulic Hose HH-60,79,114550,7
C0252,P008,Bucket Tooth BT-10,151,87580,11
C0252,P009,Starter Motor SM-700,133,1981700,10
C0252,P010,Turbocharger TB-900,87,3036300,7
C0252,P011,Hydraulic Cylinder HC-200,77,2125200,7
C0252,P012,Brake Pad BP-40,117,286650,9
C0252,P013,Seal Kit SK-15,36,52200,3
C0252,P014,Transmission Assembly TA-800,24,2004000,3
C0252,P015,Engine Block EB-600,81,9639000,8
C0252,P016,Radiator RD-250,109,1111800,8
C0252,P017,Fan Belt FB-30,70,36400,7
C0252,P018,Wheel Rim WR-24,49,553700,4
C0252,P019,Swing Motor SWM-350,128,5094400,10
C0252,P020,Pivot Pin PP-12,34,39100,5
C0252,P021,Boom Cylinder BC-400,57,2633400,6
C0252,P022,Control Valve CV-75,79,1335100,9
C0252,P023,Idler Wheel IW-55,50,647500,6
C0252,P024,Track Roller TR-60,89,916700,9
C0252,P025,Cabin Glass CG-20,82,643700,10
C0252,P026,Grease Cartridge GC-5,50,15500,6
C0252,P027,O-Ring Set OR-50,100,48000,8
C0252,P028,Light Assembly LA-18,21,47250,4
C0252,P029,Pressure Sensor PS-90,58,229100,5
C0252,P030,Fuel Pump FP-350,50,1095000,5
C0253,P001,Hydraulic Pump HP-300,117,2866500,9
C0253,P002,Engine Oil Filter OF-90,140,100800,9
C0253,P003,Air Filter AF-120,60,75000,6
C0253,P004,Track Chain TC-45,125,4975000,9
C0253,P005,Fuel Injector FI-220,103,870350,7
C0253,P006,Alternator ALT-500,128,1433600,12
C0253,P007,Hydraulic Hose HH-60,106,153700,10
C0253,P008,Bucket Tooth BT-10,87,50460,9
C0253,P009,Starter Motor SM-700,146,2175400,11
C0253,P010,Turbocharger TB-900,62,2163800,5
C0253,P011,Hydraulic Cylinder HC-200,102,2815200,10
C0253,P012,Brake Pad BP-40,147,360150,12
C0253,P013,Seal Kit SK-15,82,118900,6
C0253,P014,Transmission Assembly TA-800,110,9185000,10
C0253,P015,Engine Block EB-600,109,12971000,9
C0253,P016,Radiator RD-250,142,1448400,10
C0253,P017,Fan Belt FB-30,68,35360,8
C0253,P018,Wheel Rim WR-24,134,1514200,11
C0253,P019,Swing Motor SWM-350,42,1671600,5
C0253,P020,Pivot Pin PP-12,64,73600,5
C0253,P021,Boom Cylinder BC-400,111,5128200,8
C0253,P022,Control Valve CV-75,84,1419600,9
C0253,P023,Idler Wheel IW-55,118,1528100,14
C0253,P024,Track Roller TR-60,38,391400,6
C0253,P025,Cabin Glass CG-20,88,690800,10
C0253,P026,Grease Cartridge GC-5,76,23560,5
C0253,P027,O-Ring Set OR-50,130,62400,13
C0253,P028,Light Assembly LA-18,83,186750,8
C0253,P029,Pressure Sensor PS-90,179,707050,14
C0253,P030,Fuel Pump FP-350,174,3810600,17
C0254,P001,Hydraulic Pump HP-300,224,5488000,15
C0254,P002,Engine Oil Filter OF-90,113,81360,9
C0254,P003,Air Filter AF-120,121,151250,10
C0254,P004,Track Chain TC-45,119,4736200,9
C0254,P005,Fuel Injector FI-220,121,1022450,11
C0254,P006,Alternator ALT-500,116,1299200,11
C0254,P007,Hydraulic Hose HH-60,68,98600,6
C0254,P008,Bucket Tooth BT-10,145,84100,10
C0254,P009,Starter Motor SM-700,132,1966800,10
C0254,P010,Turbocharger TB-900,196,6840400,15
C0254,P011,Hydraulic Cylinder HC-200,127,3505200,10
C0254,P012,Brake Pad BP-40,110,269500,9
C0254,P013,Seal Kit SK-15,70,101500,8
C0254,P014,Transmission Assembly TA-800,173,14445500,16
C0254,P015,Engine Block EB-600,101,12019000,8
C0254,P016,Radiator RD-250,78,795600,7
C0254,P017,Fan Belt FB-30,85,44200,7
C0254,P018,Wheel Rim WR-24,109,1231700,10
C0254,P019,Swing Motor SWM-350,131,5213800,10
C0254,P020,Pivot Pin PP-12,77,88550,7
C0254,P021,Boom Cylinder BC-400,138,6375600,12
C0254,P022,Control Valve CV-75,187,3160300,12
C0254,P023,Idler Wheel IW-55,118,1528100,9
C0254,P024,Track Roller TR-60,111,1143300,10
C0254,P025,Cabin Glass CG-20,121,949850,7
C0254,P026,Grease Cartridge GC-5,60,18600,5
C0254,P027,O-Ring Set OR-50,83,39840,8
C0254,P028,Light Assembly LA-18,172,387000,9
C0254,P029,Pressure Sensor PS-90,141,556950,11
C0254,P030,Fuel Pump FP-350,87,1905300,8
C0255,P001,Hydraulic Pump HP-300,149,3650500,6
C0255,P002,Engine Oil Filter OF-90,35,25200,5
C0255,P003,Air Filter AF-120,92,115000,12
C0255,P004,Track Chain TC-45,109,4338200,10
C0255,P005,Fuel Injector FI-220,169,1428050,14
C0255,P006,Alternator ALT-500,154,1724800,11
C0255,P007,Hydraulic Hose HH-60,107,155150,10
C0255,P008,Bucket Tooth BT-10,127,73660,11
C0255,P009,Starter Motor SM-700,135,2011500,12
C0255,P010,Turbocharger TB-900,82,2861800,6
C0255,P011,Hydraulic Cylinder HC-200,73,2014800,9
C0255,P012,Brake Pad BP-40,124,303800,9
C0255,P013,Seal Kit SK-15,51,73950,5
C0255,P014,Transmission Assembly TA-800,116,9686000,10
C0255,P015,Engine Block EB-600,83,9877000,9
C0255,P016,Radiator RD-250,116,1183200,8
C0255,P017,Fan Belt FB-30,101,52520,9
C0255,P018,Wheel Rim WR-24,120,1356000,11
C0255,P019,Swing Motor SWM-350,100,3980000,8
C0255,P020,Pivot Pin PP-12,141,162150,10
C0255,P021,Boom Cylinder BC-400,82,3788400,8
C0255,P022,Control Valve CV-75,157,2653300,12
C0255,P023,Idler Wheel IW-55,185,2395750,14
C0255,P024,Track Roller TR-60,153,1575900,13
C0255,P025,Cabin Glass CG-20,149,1169650,13
C0255,P026,Grease Cartridge GC-5,138,42780,10
C0255,P027,O-Ring Set OR-50,76,36480,7
C0255,P028,Light Assembly LA-18,131,294750,13
C0255,P029,Pressure Sensor PS-90,118,466100,8
C0255,P030,Fuel Pump FP-350,119,2606100,11
C0256,P001,Hydraulic Pump HP-300,57,1396500,5
C0256,P002,Engine Oil Filter OF-90,62,44640,8
C0256,P003,Air Filter AF-120,44,55000,6
C0256,P004,Track Chain TC-45,75,2985000,6
C0256,P005,Fuel Injector FI-220,115,971750,7
C0256,P006,Alternator ALT-500,116,1299200,7
C0256,P007,Hydraulic Hose HH-60,23,33350,2
C0256,P008,Bucket Tooth BT-10,79,45820,7
C0256,P009,Starter Motor SM-700,116,1728400,8
C0256,P010,Turbocharger TB-900,29,1012100,3
C0256,P011,Hydraulic Cylinder HC-200,40,1104000,6
C0256,P012,Brake Pad BP-40,90,220500,7
C0256,P013,Seal Kit SK-15,133,192850,8
C0256,P014,Transmission Assembly TA-800,99,8266500,10
C0256,P015,Engine Block EB-600,111,13209000,6
C0256,P016,Radiator RD-250,86,877200,6
C0256,P017,Fan Belt FB-30,160,83200,12
C0256,P018,Wheel Rim WR-24,77,870100,7
C0256,P019,Swing Motor SWM-350,128,5094400,7
C0256,P020,Pivot Pin PP-12,110,126500,9
C0256,P021,Boom Cylinder BC-400,53,2448600,5
C0256,P022,Control Valve CV-75,157,2653300,11
C0256,P023,Idler Wheel IW-55,85,1100750,7
C0256,P024,Track Roller TR-60,65,669500,6
C0256,P025,Cabin Glass CG-20,61,478850,6
C0256,P026,Grease Cartridge GC-5,94,29140,9
C0256,P027,O-Ring Set OR-50,110,52800,9
C0256,P028,Light Assembly LA-18,130,292500,10
C0256,P029,Pressure Sensor PS-90,24,94800,3
C0256,P030,Fuel Pump FP-350,110,2409000,7
C0257,P001,Hydraulic Pump HP-300,102,2499000,7
C0257,P002,Engine Oil Filter OF-90,101,72720,8
C0257,P003,Air Filter AF-120,84,105000,6
C0257,P004,Track Chain TC-45,86,3422800,8
C0257,P005,Fuel Injector FI-220,73,616850,8
C0257,P006,Alternator ALT-500,102,1142400,6
C0257,P007,Hydraulic Hose HH-60,92,133400,8
C0257,P008,Bucket Tooth BT-10,84,48720,7
C0257,P009,Starter Motor SM-700,136,2026400,6
C0257,P010,Turbocharger TB-900,165,5758500,13
C0257,P011,Hydraulic Cylinder HC-200,148,4084800,13
C0257,P012,Brake Pad BP-40,157,384650,11
C0257,P013,Seal Kit SK-15,92,133400,11
C0257,P014,Transmission Assembly TA-800,59,4926500,6
C0257,P015,Engine Block EB-600,101,12019000,7
C0257,P016,Radiator RD-250,134,1366800,12
C0257,P017,Fan Belt FB-30,109,56680,10
C0257,P018,Wheel Rim WR-24,94,1062200,10
C0257,P019,Swing Motor SWM-350,169,6726200,14
C0257,P020,Pivot Pin PP-12,137,157550,13
C0257,P021,Boom Cylinder BC-400,106,4897200,10
C0257,P022,Control Valve CV-75,68,1149200,8
C0257,P023,Idler Wheel IW-55,80,1036000,6
C0257,P024,Track Roller TR-60,76,782800,8
C0257,P025,Cabin Glass CG-20,104,816400,7
C0257,P026,Grease Cartridge GC-5,176,54560,12
C0257,P027,O-Ring Set OR-50,95,45600,8
C0257,P028,Light Assembly LA-18,120,270000,11
C0257,P029,Pressure Sensor PS-90,138,545100,10
C0257,P030,Fuel Pump FP-350,175,3832500,12
C0258,P001,Hydraulic Pump HP-300,113,2768500,7
C0258,P002,Engine Oil Filter OF-90,20,14400,3
C0258,P003,Air Filter AF-120,86,107500,8
C0258,P004,Track Chain TC-45,50,1990000,6
C0258,P005,Fuel Injector FI-220,44,371800,3
C0258,P006,Alternator ALT-500,99,1108800,6
C0258,P007,Hydraulic Hose HH-60,80,116000,7
C0258,P008,Bucket Tooth BT-10,72,41760,5
C0258,P009,Starter Motor SM-700,125,1862500,6
C0258,P010,Turbocharger TB-900,79,2757100,6
C0258,P011,Hydraulic Cylinder HC-200,122,3367200,11
C0258,P012,Brake Pad BP-40,108,264600,7
C0258,P013,Seal Kit SK-15,48,69600,7
C0258,P014,Transmission Assembly TA-800,85,7097500,8
C0258,P015,Engine Block EB-600,128,15232000,11
C0258,P016,Radiator RD-250,96,979200,10
C0258,P017,Fan Belt FB-30,105,54600,8
C0258,P018,Wheel Rim WR-24,51,576300,5
C0258,P019,Swing Motor SWM-350,95,3781000,7
C0258,P020,Pivot Pin PP-12,41,47150,4
C0258,P021,Boom Cylinder BC-400,59,2725800,6
C0258,P022,Control Valve CV-75,88,1487200,7
C0258,P023,Idler Wheel IW-55,124,1605800,9
C0258,P024,Track Roller TR-60,134,1380200,9
C0258,P025,Cabin Glass CG-20,127,996950,8
C0258,P026,Grease Cartridge GC-5,90,27900,10
C0258,P027,O-Ring Set OR-50,28,13440,3
C0258,P028,Light Assembly LA-18,76,171000,5
C0258,P029,Pressure Sensor PS-90,40,158000,6
C0258,P030,Fuel Pump FP-350,146,3197400,9
C0259,P001,Hydraulic Pump HP-300,127,3111500,9
C0259,P002,Engine Oil Filter OF-90,81,58320,8
C0259,P003,Air Filter AF-120,80,100000,8
C0259,P004,Track Chain TC-45,67,2666600,6
C0259,P005,Fuel Injector FI-220,96,811200,11
C0259,P006,Alternator ALT-500,79,884800,6
C0259,P007,Hydraulic Hose HH-60,92,133400,9
C0259,P008,Bucket Tooth BT-10,120,69600,9
C0259,P009,Starter Motor SM-700,96,1430400,8
C0259,P010,Turbocharger TB-900,103,3594700,9
C0259,P011,Hydraulic Cylinder HC-200,89,2456400,5
C0259,P012,Brake Pad BP-40,44,107800,5
C0259,P013,Seal Kit SK-15,93,134850,7
C0259,P014,Transmission Assembly TA-800,63,5260500,8
C0259,P015,Engine Block EB-600,130,15470000,12
C0259,P016,Radiator RD-250,157,1601400,12
C0259,P017,Fan Belt FB-30,122,63440,9
C0259,P018,Wheel Rim WR-24,101,1141300,6
C0259,P019,Swing Motor SWM-350,93,3701400,10
C0259,P020,Pivot Pin PP-12,101,116150,9
C0259,P021,Boom Cylinder BC-400,78,3603600,9
C0259,P022,Control Valve CV-75,66,1115400,6
C0259,P023,Idler Wheel IW-55,62,802900,7
C0259,P024,Track Roller TR-60,65,669500,5
C0259,P025,Cabin Glass CG-20,60,471000,6
C0259,P026,Grease Cartridge GC-5,50,15500,5
C0259,P027,O-Ring Set OR-50,51,24480,6
C0259,P028,Light Assembly LA-18,52,117000,6
C0259,P029,Pressure Sensor PS-90,86,339700,7
C0259,P030,Fuel Pump FP-350,98,2146200,9
C0260,P001,Hydraulic Pump HP-300,100,2450000,7
C0260,P002,Engine Oil Filter OF-90,89,64080,10
C0260,P003,Air Filter AF-120,95,118750,8
C0260,P004,Track Chain TC-45,91,3621800,9
C0260,P005,Fuel Injector FI-220,128,1081600,9
C0260,P006,Alternator ALT-500,91,1019200,6
C0260,P007,Hydraulic Hose HH-60,88,127600,9
C0260,P008,Bucket Tooth BT-10,85,49300,8
C0260,P009,Starter Motor SM-700,100,1490000,8
C0260,P010,Turbocharger TB-900,124,4327600,8
C0260,P011,Hydraulic Cylinder HC-200,105,2898000,8
C0260,P012,Brake Pad BP-40,59,144550,6
C0260,P013,Seal Kit SK-15,59,85550,7
C0260,P014,Transmission Assembly TA-800,119,9936500,10
C0260,P015,Engine Block EB-600,73,8687000,5
C0260,P016,Radiator RD-250,122,1244400,10
C0260,P017,Fan Belt FB-30,69,35880,9
C0260,P018,Wheel Rim WR-24,51,576300,3
C0260,P019,Swing Motor SWM-350,92,3661600,9
C0260,P020,Pivot Pin PP-12,81,93150,10
C0260,P021,Boom Cylinder BC-400,81,3742200,7
C0260,P022,Control Valve CV-75,69,1166100,6
C0260,P023,Idler Wheel IW-55,57,738150,7
C0260,P024,Track Roller TR-60,99,1019700,8
C0260,P025,Cabin Glass CG-20,119,934150,10
C0260,P026,Grease Cartridge GC-5,111,34410,7
C0260,P027,O-Ring Set OR-50,101,48480,9
C0260,P028,Light Assembly LA-18,144,324000,11
C0260,P029,Pressure Sensor PS-90,44,173800,5
C0260,P030,Fuel Pump FP-350,97,2124300,9
C0261,P001,Hydraulic Pump HP-300,103,2523500,14
C0261,P002,Engine Oil Filter OF-90,107,77040,10
C0261,P003,Air Filter AF-120,23,28750,3
C0261,P004,Track Chain TC-45,190,7562000,11
C0261,P005,Fuel Injector FI-220,74,625300,6
C0261,P006,Alternator ALT-500,120,1344000,10
C0261,P007,Hydraulic Hose HH-60,77,111650,6
C0261,P008,Bucket Tooth BT-10,123,71340,10
C0261,P009,Starter Motor SM-700,51,759900,6
C0261,P010,Turbocharger TB-900,71,2477900,7
C0261,P011,Hydraulic Cylinder HC-200,120,3312000,10
C0261,P012,Brake Pad BP-40,178,436100,11
C0261,P013,Seal Kit SK-15,82,118900,7
C0261,P014,Transmission Assembly TA-800,69,5761500,9
C0261,P015,Engine Block EB-600,104,12376000,8
C0261,P016,Radiator RD-250,118,1203600,10
C0261,P017,Fan Belt FB-30,129,67080,8
C0261,P018,Wheel Rim WR-24,64,723200,8
C0261,P019,Swing Motor SWM-350,81,3223800,8
C0261,P020,Pivot Pin PP-12,109,125350,8
C0261,P021,Boom Cylinder BC-400,126,5821200,10
C0261,P022,Control Valve CV-75,137,2315300,9
C0261,P023,Idler Wheel IW-55,87,1126650,7
C0261,P024,Track Roller TR-60,83,854900,6
C0261,P025,Cabin Glass CG-20,123,965550,9
C0261,P026,Grease Cartridge GC-5,98,30380,8
C0261,P027,O-Ring Set OR-50,63,30240,5
C0261,P028,Light Assembly LA-18,56,126000,7
C0261,P029,Pressure Sensor PS-90,109,430550,9
C0261,P030,Fuel Pump FP-350,135,2956500,10
C0262,P001,Hydraulic Pump HP-300,84,2058000,5
C0262,P002,Engine Oil Filter OF-90,82,59040,7
C0262,P003,Air Filter AF-120,106,132500,7
C0262,P004,Track Chain TC-45,45,1791000,3
C0262,P005,Fuel Injector FI-220,76,642200,6
C0262,P006,Alternator ALT-500,100,1120000,6
C0262,P007,Hydraulic Hose HH-60,34,49300,3
C0262,P008,Bucket Tooth BT-10,25,14500,3
C0262,P009,Starter Motor SM-700,90,1341000,7
C0262,P010,Turbocharger TB-900,31,1081900,3
C0262,P011,Hydraulic Cylinder HC-200,76,2097600,5
C0262,P012,Brake Pad BP-40,20,49000,2
C0262,P013,Seal Kit SK-15,91,131950,6
C0262,P014,Transmission Assembly TA-800,55,4592500,7
C0262,P015,Engine Block EB-600,68,8092000,6
C0262,P016,Radiator RD-250,57,581400,6
C0262,P017,Fan Belt FB-30,94,48880,7
C0262,P018,Wheel Rim WR-24,47,531100,3
C0262,P019,Swing Motor SWM-350,63,2507400,4
C0262,P020,Pivot Pin PP-12,40,46000,3
C0262,P021,Boom Cylinder BC-400,94,4342800,7
C0262,P022,Control Valve CV-75,130,2197000,10
C0262,P023,Idler Wheel IW-55,54,699300,6
C0262,P024,Track Roller TR-60,103,1060900,7
C0262,P025,Cabin Glass CG-20,101,792850,8
C0262,P026,Grease Cartridge GC-5,45,13950,4
C0262,P027,O-Ring Set OR-50,109,52320,10
C0262,P028,Light Assembly LA-18,82,184500,5
C0262,P029,Pressure Sensor PS-90,35,138250,3
C0262,P030,Fuel Pump FP-350,79,1730100,9
C0263,P001,Hydraulic Pump HP-300,75,1837500,5
C0263,P002,Engine Oil Filter OF-90,75,54000,7
C0263,P003,Air Filter AF-120,131,163750,13
C0263,P004,Track Chain TC-45,93,3701400,8
C0263,P005,Fuel Injector FI-220,58,490100,4
C0263,P006,Alternator ALT-500,98,1097600,9
C0263,P007,Hydraulic Hose HH-60,136,197200,11
C0263,P008,Bucket Tooth BT-10,59,34220,6
C0263,P009,Starter Motor SM-700,123,1832700,12
C0263,P010,Turbocharger TB-900,123,4292700,7
C0263,P011,Hydraulic Cylinder HC-200,89,2456400,6
C0263,P012,Brake Pad BP-40,50,122500,5
C0263,P013,Seal Kit SK-15,61,88450,6
C0263,P014,Transmission Assembly TA-800,123,10270500,9
C0263,P015,Engine Block EB-600,108,12852000,8
C0263,P016,Radiator RD-250,46,469200,5
C0263,P017,Fan Belt FB-30,153,79560,11
C0263,P018,Wheel Rim WR-24,98,1107400,9
C0263,P019,Swing Motor SWM-350,51,2029800,4
C0263,P020,Pivot Pin PP-12,123,141450,10
C0263,P021,Boom Cylinder BC-400,114,5266800,8
C0263,P022,Control Valve CV-75,40,676000,3
C0263,P023,Idler Wheel IW-55,144,1864800,10
C0263,P024,Track Roller TR-60,158,1627400,12
C0263,P025,Cabin Glass CG-20,71,557350,7
C0263,P026,Grease Cartridge GC-5,91,28210,7
C0263,P027,O-Ring Set OR-50,172,82560,10
C0263,P028,Light Assembly LA-18,102,229500,7
C0263,P029,Pressure Sensor PS-90,90,355500,9
C0263,P030,Fuel Pump FP-350,51,1116900,5
C0264,P001,Hydraulic Pump HP-300,118,2891000,8
C0264,P002,Engine Oil Filter OF-90,92,66240,7
C0264,P003,Air Filter AF-120,27,33750,5
C0264,P004,Track Chain TC-45,73,2905400,7
C0264,P005,Fuel Injector FI-220,105,887250,8
C0264,P006,Alternator ALT-500,105,1176000,8
C0264,P007,Hydraulic Hose HH-60,110,159500,10
C0264,P008,Bucket Tooth BT-10,84,48720,8
C0264,P009,Starter Motor SM-700,48,715200,4
C0264,P010,Turbocharger TB-900,114,3978600,11
C0264,P011,Hydraulic Cylinder HC-200,148,4084800,11
C0264,P012,Brake Pad BP-40,93,227850,7
C0264,P013,Seal Kit SK-15,147,213150,11
C0264,P014,Transmission Assembly TA-800,118,9853000,8
C0264,P015,Engine Block EB-600,116,13804000,9
C0264,P016,Radiator RD-250,73,744600,7
C0264,P017,Fan Belt FB-30,101,52520,8
C0264,P018,Wheel Rim WR-24,96,1084800,9
C0264,P019,Swing Motor SWM-350,27,1074600,3
C0264,P020,Pivot Pin PP-12,58,66700,7
C0264,P021,Boom Cylinder BC-400,127,5867400,9
C0264,P022,Control Valve CV-75,55,929500,5
C0264,P023,Idler Wheel IW-55,90,1165500,7
C0264,P024,Track Roller TR-60,70,721000,7
C0264,P025,Cabin Glass CG-20,65,510250,7
C0264,P026,Grease Cartridge GC-5,34,10540,4
C0264,P027,O-Ring Set OR-50,35,16800,5
C0264,P028,Light Assembly LA-18,62,139500,6
C0264,P029,Pressure Sensor PS-90,24,94800,3
C0264,P030,Fuel Pump FP-350,136,2978400,11
C0265,P001,Hydraulic Pump HP-300,113,2768500,7
C0265,P002,Engine Oil Filter OF-90,20,14400,1
C0265,P003,Air Filter AF-120,81,101250,8
C0265,P004,Track Chain TC-45,69,2746200,7
C0265,P005,Fuel Injector FI-220,80,676000,8
C0265,P006,Alternator ALT-500,113,1265600,6
C0265,P007,Hydraulic Hose HH-60,48,69600,6
C0265,P008,Bucket Tooth BT-10,87,50460,6
C0265,P009,Starter Motor SM-700,118,1758200,10
C0265,P010,Turbocharger TB-900,82,2861800,6
C0265,P011,Hydraulic Cylinder HC-200,66,1821600,6
C0265,P012,Brake Pad BP-40,89,218050,6
C0265,P013,Seal Kit SK-15,76,110200,7
C0265,P014,Transmission Assembly TA-800,85,7097500,7
C0265,P015,Engine Block EB-600,62,7378000,4
C0265,P016,Radiator RD-250,74,754800,7
C0265,P017,Fan Belt FB-30,45,23400,7
C0265,P018,Wheel Rim WR-24,76,858800,5
C0265,P019,Swing Motor SWM-350,113,4497400,8
C0265,P020,Pivot Pin PP-12,98,112700,6
C0265,P021,Boom Cylinder BC-400,71,3280200,8
C0265,P022,Control Valve CV-75,97,1639300,8
C0265,P023,Idler Wheel IW-55,102,1320900,7
C0265,P024,Track Roller TR-60,51,525300,5
C0265,P025,Cabin Glass CG-20,84,659400,7
C0265,P026,Grease Cartridge GC-5,84,26040,6
C0265,P027,O-Ring Set OR-50,100,48000,8
C0265,P028,Light Assembly LA-18,93,209250,9
C0265,P029,Pressure Sensor PS-90,69,272550,5
C0265,P030,Fuel Pump FP-350,44,963600,5
C0266,P001,Hydraulic Pump HP-300,109,2670500,8
C0266,P002,Engine Oil Filter OF-90,146,105120,11
C0266,P003,Air Filter AF-120,101,126250,9
C0266,P004,Track Chain TC-45,127,5054600,10
C0266,P005,Fuel Injector FI-220,125,1056250,11
C0266,P006,Alternator ALT-500,77,862400,8
C0266,P007,Hydraulic Hose HH-60,109,158050,10
C0266,P008,Bucket Tooth BT-10,83,48140,5
C0266,P009,Starter Motor SM-700,123,1832700,9
C0266,P010,Turbocharger TB-900,68,2373200,7
C0266,P011,Hydraulic Cylinder HC-200,63,1738800,5
C0266,P012,Brake Pad BP-40,90,220500,9
C0266,P013,Seal Kit SK-15,156,226200,10
C0266,P014,Transmission Assembly TA-800,86,7181000,7
C0266,P015,Engine Block EB-600,84,9996000,6
C0266,P016,Radiator RD-250,52,530400,3
C0266,P017,Fan Belt FB-30,106,55120,10
C0266,P018,Wheel Rim WR-24,73,824900,5
C0266,P019,Swing Motor SWM-350,42,1671600,3
C0266,P020,Pivot Pin PP-12,55,63250,5
C0266,P021,Boom Cylinder BC-400,107,4943400,9
C0266,P022,Control Valve CV-75,63,1064700,6
C0266,P023,Idler Wheel IW-55,58,751100,5
C0266,P024,Track Roller TR-60,51,525300,7
C0266,P025,Cabin Glass CG-20,37,290450,3
C0266,P026,Grease Cartridge GC-5,136,42160,9
C0266,P027,O-Ring Set OR-50,55,26400,5
C0266,P028,Light Assembly LA-18,127,285750,10
C0266,P029,Pressure Sensor PS-90,85,335750,8
C0266,P030,Fuel Pump FP-350,73,1598700,5
C0267,P001,Hydraulic Pump HP-300,50,1225000,4
C0267,P002,Engine Oil Filter OF-90,87,62640,7
C0267,P003,Air Filter AF-120,57,71250,5
C0267,P004,Track Chain TC-45,105,4179000,7
C0267,P005,Fuel Injector FI-220,67,566150,4
C0267,P006,Alternator ALT-500,70,784000,9
C0267,P007,Hydraulic Hose HH-60,101,146450,10
C0267,P008,Bucket Tooth BT-10,54,31320,4
C0267,P009,Starter Motor SM-700,38,566200,5
C0267,P010,Turbocharger TB-900,42,1465800,4
C0267,P011,Hydraulic Cylinder HC-200,86,2373600,8
C0267,P012,Brake Pad BP-40,139,340550,11
C0267,P013,Seal Kit SK-15,37,53650,3
C0267,P014,Transmission Assembly TA-800,30,2505000,2
C0267,P015,Engine Block EB-600,65,7735000,5
C0267,P016,Radiator RD-250,91,928200,7
C0267,P017,Fan Belt FB-30,17,8840,2
C0267,P018,Wheel Rim WR-24,28,316400,2
C0267,P019,Swing Motor SWM-350,92,3661600,6
C0267,P020,Pivot Pin PP-12,85,97750,8
C0267,P021,Boom Cylinder BC-400,111,5128200,7
C0267,P022,Control Valve CV-75,116,1960400,8
C0267,P023,Idler Wheel IW-55,41,530950,6
C0267,P024,Track Roller TR-60,101,1040300,8
C0267,P025,Cabin Glass CG-20,78,612300,8
C0267,P026,Grease Cartridge GC-5,113,35030,11
C0267,P027,O-Ring Set OR-50,50,24000,5
C0267,P028,Light Assembly LA-18,66,148500,7
C0267,P029,Pressure Sensor PS-90,113,446350,7
C0267,P030,Fuel Pump FP-350,75,1642500,5
C0268,P001,Hydraulic Pump HP-300,125,3062500,7
C0268,P002,Engine Oil Filter OF-90,42,30240,7
C0268,P003,Air Filter AF-120,91,113750,10
C0268,P004,Track Chain TC-45,105,4179000,7
C0268,P005,Fuel Injector FI-220,39,329550,4
C0268,P006,Alternator ALT-500,81,907200,9
C0268,P007,Hydraulic Hose HH-60,137,198650,12
C0268,P008,Bucket Tooth BT-10,100,58000,6
C0268,P009,Starter Motor SM-700,46,685400,4
C0268,P010,Turbocharger TB-900,82,2861800,10
C0268,P011,Hydraulic Cylinder HC-200,87,2401200,8
C0268,P012,Brake Pad BP-40,47,115150,4
C0268,P013,Seal Kit SK-15,77,111650,7
C0268,P014,Transmission Assembly TA-800,89,7431500,8
C0268,P015,Engine Block EB-600,114,13566000,7
C0268,P016,Radiator RD-250,70,714000,7
C0268,P017,Fan Belt FB-30,91,47320,9
C0268,P018,Wheel Rim WR-24,80,904000,7
C0268,P019,Swing Motor SWM-350,81,3223800,8
C0268,P020,Pivot Pin PP-12,37,42550,5
C0268,P021,Boom Cylinder BC-400,84,3880800,5
C0268,P022,Control Valve CV-75,147,2484300,9
C0268,P023,Idler Wheel IW-55,120,1554000,7
C0268,P024,Track Roller TR-60,120,1236000,8
C0268,P025,Cabin Glass CG-20,65,510250,5
C0268,P026,Grease Cartridge GC-5,82,25420,10
C0268,P027,O-Ring Set OR-50,109,52320,10
C0268,P028,Light Assembly LA-18,117,263250,11
C0268,P029,Pressure Sensor PS-90,117,462150,8
C0268,P030,Fuel Pump FP-350,130,2847000,11
C0269,P001,Hydraulic Pump HP-300,182,4459000,11
C0269,P002,Engine Oil Filter OF-90,166,119520,14
C0269,P003,Air Filter AF-120,119,148750,12
C0269,P004,Track Chain TC-45,127,5054600,10
C0269,P005,Fuel Injector FI-220,136,1149200,14
C0269,P006,Alternator ALT-500,126,1411200,10
C0269,P007,Hydraulic Hose HH-60,92,133400,10
C0269,P008,Bucket Tooth BT-10,46,26680,5
C0269,P009,Starter Motor SM-700,152,2264800,13
C0269,P010,Turbocharger TB-900,109,3804100,10
C0269,P011,Hydraulic Cylinder HC-200,131,3615600,11
C0269,P012,Brake Pad BP-40,136,333200,13
C0269,P013,Seal Kit SK-15,143,207350,8
C0269,P014,Transmission Assembly TA-800,46,3841000,7
C0269,P015,Engine Block EB-600,110,13090000,11
C0269,P016,Radiator RD-250,93,948600,10
C0269,P017,Fan Belt FB-30,101,52520,7
C0269,P018,Wheel Rim WR-24,164,1853200,11
C0269,P019,Swing Motor SWM-350,125,4975000,9
C0269,P020,Pivot Pin PP-12,109,125350,11
C0269,P021,Boom Cylinder BC-400,89,4111800,9
C0269,P022,Control Valve CV-75,58,980200,6
C0269,P023,Idler Wheel IW-55,118,1528100,9
C0269,P024,Track Roller TR-60,112,1153600,8
C0269,P025,Cabin Glass CG-20,106,832100,8
C0269,P026,Grease Cartridge GC-5,94,29140,9
C0269,P027,O-Ring Set OR-50,136,65280,10
C0269,P028,Light Assembly LA-18,50,112500,4
C0269,P029,Pressure Sensor PS-90,110,434500,8
C0269,P030,Fuel Pump FP-350,74,1620600,8
C0270,P001,Hydraulic Pump HP-300,107,2621500,13
C0270,P002,Engine Oil Filter OF-90,82,59040,6
C0270,P003,Air Filter AF-120,66,82500,7
C0270,P004,Track Chain TC-45,210,8358000,14
C0270,P005,Fuel Injector FI-220,91,768950,8
C0270,P006,Alternator ALT-500,89,996800,7
C0270,P007,Hydraulic Hose HH-60,106,153700,11
C0270,P008,Bucket Tooth BT-10,102,59160,8
C0270,P009,Starter Motor SM-700,78,1162200,7
C0270,P010,Turbocharger TB-900,80,2792000,10
C0270,P011,Hydraulic Cylinder HC-200,147,4057200,12
C0270,P012,Brake Pad BP-40,192,470400,14
C0270,P013,Seal Kit SK-15,63,91350,6
C0270,P014,Transmission Assembly TA-800,130,10855000,10
C0270,P015,Engine Block EB-600,57,6783000,5
C0270,P016,Radiator RD-250,72,734400,10
C0270,P017,Fan Belt FB-30,161,83720,11
C0270,P018,Wheel Rim WR-24,56,632800,6
C0270,P019,Swing Motor SWM-350,59,2348200,5
C0270,P020,Pivot Pin PP-12,91,104650,8
C0270,P021,Boom Cylinder BC-400,124,5728800,11
C0270,P022,Control Valve CV-75,145,2450500,11
C0270,P023,Idler Wheel IW-55,114,1476300,9
C0270,P024,Track Roller TR-60,87,896100,6
C0270,P025,Cabin Glass CG-20,27,211950,4
C0270,P026,Grease Cartridge GC-5,91,28210,8
C0270,P027,O-Ring Set OR-50,90,43200,11
C0270,P028,Light Assembly LA-18,65,146250,7
C0270,P029,Pressure Sensor PS-90,124,489800,9
C0270,P030,Fuel Pump FP-350,138,3022200,10
C0271,P001,Hydraulic Pump HP-300,42,1029000,5
C0271,P002,Engine Oil Filter OF-90,74,53280,7
C0271,P003,Air Filter AF-120,69,86250,5
C0271,P004,Track Chain TC-45,56,2228800,6
C0271,P005,Fuel Injector FI-220,15,126750,5
C0271,P006,Alternator ALT-500,54,604800,4
C0271,P007,Hydraulic Hose HH-60,65,94250,6
C0271,P008,Bucket Tooth BT-10,77,44660,4
C0271,P009,Starter Motor SM-700,47,700300,4
C0271,P010,Turbocharger TB-900,87,3036300,5
C0271,P011,Hydraulic Cylinder HC-200,44,1214400,4
C0271,P012,Brake Pad BP-40,78,191100,5
C0271,P013,Seal Kit SK-15,75,108750,6
C0271,P014,Transmission Assembly TA-800,74,6179000,5
C0271,P015,Engine Block EB-600,39,4641000,4
C0271,P016,Radiator RD-250,48,489600,7
C0271,P017,Fan Belt FB-30,14,7280,2
C0271,P018,Wheel Rim WR-24,101,1141300,7
C0271,P020,Pivot Pin PP-12,60,69000,6
C0271,P021,Boom Cylinder BC-400,110,5082000,6
C0271,P022,Control Valve CV-75,37,625300,4
C0271,P023,Idler Wheel IW-55,77,997150,6
C0271,P024,Track Roller TR-60,59,607700,4
C0271,P025,Cabin Glass CG-20,82,643700,10
C0271,P026,Grease Cartridge GC-5,115,35650,7
C0271,P027,O-Ring Set OR-50,30,14400,4
C0271,P028,Light Assembly LA-18,48,108000,5
C0271,P029,Pressure Sensor PS-90,81,319950,8
C0271,P030,Fuel Pump FP-350,171,3744900,13
C0272,P001,Hydraulic Pump HP-300,106,2597000,11
C0272,P002,Engine Oil Filter OF-90,131,94320,9
C0272,P003,Air Filter AF-120,94,117500,8
C0272,P004,Track Chain TC-45,79,3144200,6
C0272,P005,Fuel Injector FI-220,68,574600,7
C0272,P006,Alternator ALT-500,123,1377600,9
C0272,P007,Hydraulic Hose HH-60,166,240700,11
C0272,P008,Bucket Tooth BT-10,173,100340,12
C0272,P009,Starter Motor SM-700,68,1013200,6
C0272,P010,Turbocharger TB-900,153,5339700,12
C0272,P011,Hydraulic Cylinder HC-200,134,3698400,8
C0272,P012,Brake Pad BP-40,91,222950,10
C0272,P013,Seal Kit SK-15,113,163850,12
C0272,P014,Transmission Assembly TA-800,165,13777500,13
C0272,P015,Engine Block EB-600,132,15708000,9
C0272,P016,Radiator RD-250,92,938400,8
C0272,P017,Fan Belt FB-30,79,41080,7
C0272,P018,Wheel Rim WR-24,103,1163900,8
C0272,P019,Swing Motor SWM-350,48,1910400,4
C0272,P020,Pivot Pin PP-12,202,232300,15
C0272,P021,Boom Cylinder BC-400,86,3973200,5
C0272,P022,Control Valve CV-75,76,1284400,6
C0272,P023,Idler Wheel IW-55,88,1139600,10
C0272,P024,Track Roller TR-60,51,525300,6
C0272,P025,Cabin Glass CG-20,62,486700,7
C0272,P026,Grease Cartridge GC-5,85,26350,9
C0272,P027,O-Ring Set OR-50,103,49440,7
C0272,P028,Light Assembly LA-18,137,308250,10
C0272,P029,Pressure Sensor PS-90,100,395000,8
C0272,P030,Fuel Pump FP-350,169,3701100,11
C0273,P001,Hydraulic Pump HP-300,90,2205000,8
C0273,P002,Engine Oil Filter OF-90,94,67680,9
C0273,P003,Air Filter AF-120,117,146250,8
C0273,P004,Track Chain TC-45,103,4099400,8
C0273,P005,Fuel Injector FI-220,51,430950,7
C0273,P006,Alternator ALT-500,86,963200,9
C0273,P007,Hydraulic Hose HH-60,104,150800,10
C0273,P008,Bucket Tooth BT-10,49,28420,4
C0273,P009,Starter Motor SM-700,90,1341000,8
C0273,P010,Turbocharger TB-900,56,1954400,4
C0273,P011,Hydraulic Cylinder HC-200,59,1628400,7
C0273,P012,Brake Pad BP-40,114,279300,10
C0273,P013,Seal Kit SK-15,65,94250,5
C0273,P014,Transmission Assembly TA-800,123,10270500,12
C0273,P015,Engine Block EB-600,102,12138000,7
C0273,P016,Radiator RD-250,109,1111800,9
C0273,P017,Fan Belt FB-30,110,57200,10
C0273,P018,Wheel Rim WR-24,87,983100,8
C0273,P019,Swing Motor SWM-350,81,3223800,8
C0273,P020,Pivot Pin PP-12,174,200100,11
C0273,P021,Boom Cylinder BC-400,67,3095400,6
C0273,P022,Control Valve CV-75,107,1808300,9
C0273,P023,Idler Wheel IW-55,31,401450,6
C0273,P024,Track Roller TR-60,123,1266900,9
C0273,P025,Cabin Glass CG-20,102,800700,9
C0273,P026,Grease Cartridge GC-5,57,17670,5
C0273,P027,O-Ring Set OR-50,134,64320,9
C0273,P028,Light Assembly LA-18,63,141750,7
C0273,P029,Pressure Sensor PS-90,153,604350,13
C0273,P030,Fuel Pump FP-350,54,1182600,8
C0274,P001,Hydraulic Pump HP-300,61,1494500,7
C0274,P002,Engine Oil Filter OF-90,63,45360,6
C0274,P003,Air Filter AF-120,61,76250,6
C0274,P004,Track Chain TC-45,138,5492400,8
C0274,P005,Fuel Injector FI-220,63,532350,7
C0274,P006,Alternator ALT-500,98,1097600,7
C0274,P007,Hydraulic Hose HH-60,101,146450,5
C0274,P008,Bucket Tooth BT-10,67,38860,6
C0274,P009,Starter Motor SM-700,112,1668800,10
C0274,P010,Turbocharger TB-900,143,4990700,11
C0274,P011,Hydraulic Cylinder HC-200,52,1435200,5
C0274,P012,Brake Pad BP-40,66,161700,8
C0274,P013,Seal Kit SK-15,74,107300,6
C0274,P014,Transmission Assembly TA-800,107,8934500,9
C0274,P015,Engine Block EB-600,90,10710000,7
C0274,P016,Radiator RD-250,183,1866600,15
C0274,P017,Fan Belt FB-30,146,75920,11
C0274,P018,Wheel Rim WR-24,74,836200,7
C0274,P019,Swing Motor SWM-350,25,995000,3
C0274,P020,Pivot Pin PP-12,95,109250,6
C0274,P021,Boom Cylinder BC-400,82,3788400,10
C0274,P022,Control Valve CV-75,89,1504100,10
C0274,P023,Idler Wheel IW-55,114,1476300,8
C0274,P024,Track Roller TR-60,22,226600,3
C0274,P025,Cabin Glass CG-20,77,604450,9
C0274,P026,Grease Cartridge GC-5,74,22940,5
C0274,P027,O-Ring Set OR-50,73,35040,7
C0274,P028,Light Assembly LA-18,121,272250,11
C0274,P029,Pressure Sensor PS-90,36,142200,3
C0274,P030,Fuel Pump FP-350,66,1445400,6
C0275,P001,Hydraulic Pump HP-300,119,2915500,11
C0275,P002,Engine Oil Filter OF-90,121,87120,9
C0275,P003,Air Filter AF-120,88,110000,7
C0275,P004,Track Chain TC-45,85,3383000,5
C0275,P005,Fuel Injector FI-220,70,591500,8
C0275,P006,Alternator ALT-500,90,1008000,7
C0275,P007,Hydraulic Hose HH-60,127,184150,10
C0275,P008,Bucket Tooth BT-10,118,68440,7
C0275,P009,Starter Motor SM-700,80,1192000,6
C0275,P010,Turbocharger TB-900,78,2722200,8
C0275,P011,Hydraulic Cylinder HC-200,106,2925600,10
C0275,P012,Brake Pad BP-40,94,230300,8
C0275,P013,Seal Kit SK-15,157,227650,13
C0275,P014,Transmission Assembly TA-800,121,10103500,10
C0275,P015,Engine Block EB-600,73,8687000,6
C0275,P016,Radiator RD-250,60,612000,5
C0275,P017,Fan Belt FB-30,80,41600,10
C0275,P018,Wheel Rim WR-24,109,1231700,10
C0275,P019,Swing Motor SWM-350,86,3422800,6
C0275,P020,Pivot Pin PP-12,74,85100,5
C0275,P021,Boom Cylinder BC-400,110,5082000,7
C0275,P022,Control Valve CV-75,42,709800,5
C0275,P023,Idler Wheel IW-55,117,1515150,10
C0275,P024,Track Roller TR-60,60,618000,9
C0275,P025,Cabin Glass CG-20,139,1091150,12
C0275,P026,Grease Cartridge GC-5,114,35340,8
C0275,P027,O-Ring Set OR-50,59,28320,6
C0275,P028,Light Assembly LA-18,121,272250,11
C0275,P029,Pressure Sensor PS-90,86,339700,7
C0275,P030,Fuel Pump FP-350,136,2978400,11
C0276,P001,Hydraulic Pump HP-300,46,1127000,4
C0276,P002,Engine Oil Filter OF-90,70,50400,7
C0276,P003,Air Filter AF-120,132,165000,11
C0276,P004,Track Chain TC-45,129,5134200,11
C0276,P005,Fuel Injector FI-220,119,1005550,9
C0276,P006,Alternator ALT-500,53,593600,7
C0276,P007,Hydraulic Hose HH-60,170,246500,16
C0276,P008,Bucket Tooth BT-10,71,41180,6
C0276,P009,Starter Motor SM-700,99,1475100,9
C0276,P010,Turbocharger TB-900,102,3559800,10
C0276,P011,Hydraulic Cylinder HC-200,143,3946800,13
C0276,P012,Brake Pad BP-40,83,203350,4
C0276,P013,Seal Kit SK-15,79,114550,6
C0276,P014,Transmission Assembly TA-800,112,9352000,7
C0276,P015,Engine Block EB-600,103,12257000,9
C0276,P016,Radiator RD-250,35,357000,3
C0276,P017,Fan Belt FB-30,153,79560,14
C0276,P018,Wheel Rim WR-24,122,1378600,12
C0276,P019,Swing Motor SWM-350,94,3741200,10
C0276,P020,Pivot Pin PP-12,77,88550,8
C0276,P021,Boom Cylinder BC-400,166,7669200,12
C0276,P022,Control Valve CV-75,98,1656200,9
C0276,P023,Idler Wheel IW-55,123,1592850,8
C0276,P024,Track Roller TR-60,39,401700,6
C0276,P025,Cabin Glass CG-20,102,800700,8
C0276,P026,Grease Cartridge GC-5,159,49290,13
C0276,P027,O-Ring Set OR-50,255,122400,18
C0276,P028,Light Assembly LA-18,145,326250,12
C0276,P029,Pressure Sensor PS-90,180,711000,14
C0276,P030,Fuel Pump FP-350,200,4380000,16
C0277,P001,Hydraulic Pump HP-300,73,1788500,6
C0277,P002,Engine Oil Filter OF-90,37,26640,4
C0277,P003,Air Filter AF-120,171,213750,13
C0277,P004,Track Chain TC-45,72,2865600,6
C0277,P005,Fuel Injector FI-220,70,591500,6
C0277,P006,Alternator ALT-500,97,1086400,6
C0277,P007,Hydraulic Hose HH-60,70,101500,3
C0277,P008,Bucket Tooth BT-10,18,10440,4
C0277,P009,Starter Motor SM-700,85,1266500,8
C0277,P010,Turbocharger TB-900,87,3036300,7
C0277,P011,Hydraulic Cylinder HC-200,74,2042400,5
C0277,P012,Brake Pad BP-40,69,169050,6
C0277,P013,Seal Kit SK-15,84,121800,6
C0277,P014,Transmission Assembly TA-800,72,6012000,5
C0277,P015,Engine Block EB-600,27,3213000,4
C0277,P016,Radiator RD-250,135,1377000,9
C0277,P017,Fan Belt FB-30,35,18200,4
C0277,P018,Wheel Rim WR-24,62,700600,9
C0277,P019,Swing Motor SWM-350,72,2865600,5
C0277,P020,Pivot Pin PP-12,108,124200,10
C0277,P021,Boom Cylinder BC-400,25,1155000,2
C0277,P022,Control Valve CV-75,94,1588600,6
C0277,P023,Idler Wheel IW-55,91,1178450,10
C0277,P024,Track Roller TR-60,57,587100,4
C0277,P025,Cabin Glass CG-20,71,557350,7
C0277,P026,Grease Cartridge GC-5,82,25420,8
C0277,P027,O-Ring Set OR-50,53,25440,5
C0277,P028,Light Assembly LA-18,113,254250,10
C0277,P029,Pressure Sensor PS-90,118,466100,10
C0277,P030,Fuel Pump FP-350,115,2518500,9
C0278,P001,Hydraulic Pump HP-300,58,1421000,4
C0278,P002,Engine Oil Filter OF-90,118,84960,10
C0278,P003,Air Filter AF-120,115,143750,7
C0278,P004,Track Chain TC-45,65,2587000,8
C0278,P005,Fuel Injector FI-220,93,785850,7
C0278,P006,Alternator ALT-500,120,1344000,11
C0278,P007,Hydraulic Hose HH-60,121,175450,10
C0278,P008,Bucket Tooth BT-10,84,48720,9
C0278,P009,Starter Motor SM-700,89,1326100,8
C0278,P010,Turbocharger TB-900,103,3594700,7
C0278,P011,Hydraulic Cylinder HC-200,125,3450000,11
C0278,P012,Brake Pad BP-40,134,328300,7
C0278,P013,Seal Kit SK-15,132,191400,12
C0278,P014,Transmission Assembly TA-800,96,8016000,11
C0278,P015,Engine Block EB-600,44,5236000,6
C0278,P016,Radiator RD-250,88,897600,5
C0278,P017,Fan Belt FB-30,162,84240,10
C0278,P018,Wheel Rim WR-24,77,870100,5
C0278,P019,Swing Motor SWM-350,93,3701400,10
C0278,P020,Pivot Pin PP-12,137,157550,12
C0278,P021,Boom Cylinder BC-400,128,5913600,9
C0278,P022,Control Valve CV-75,47,794300,5
C0278,P023,Idler Wheel IW-55,51,660450,5
C0278,P024,Track Roller TR-60,147,1514100,11
C0278,P025,Cabin Glass CG-20,162,1271700,11
C0278,P026,Grease Cartridge GC-5,164,50840,13
C0278,P027,O-Ring Set OR-50,89,42720,10
C0278,P028,Light Assembly LA-18,64,144000,6
C0278,P029,Pressure Sensor PS-90,75,296250,6
C0278,P030,Fuel Pump FP-350,91,1992900,10
C0279,P001,Hydraulic Pump HP-300,88,2156000,9
C0279,P002,Engine Oil Filter OF-90,105,75600,7
C0279,P003,Air Filter AF-120,85,106250,10
C0279,P004,Track Chain TC-45,40,1592000,3
C0279,P005,Fuel Injector FI-220,81,684450,5
C0279,P006,Alternator ALT-500,60,672000,6
C0279,P007,Hydraulic Hose HH-60,93,134850,10
C0279,P008,Bucket Tooth BT-10,83,48140,9
C0279,P009,Starter Motor SM-700,100,1490000,6
C0279,P010,Turbocharger TB-900,79,2757100,6
C0279,P011,Hydraulic Cylinder HC-200,19,524400,2
C0279,P012,Brake Pad BP-40,67,164150,4
C0279,P013,Seal Kit SK-15,91,131950,7
C0279,P014,Transmission Assembly TA-800,35,2922500,6
C0279,P015,Engine Block EB-600,45,5355000,4
C0279,P016,Radiator RD-250,60,612000,5
C0279,P017,Fan Belt FB-30,105,54600,8
C0279,P018,Wheel Rim WR-24,56,632800,6
C0279,P019,Swing Motor SWM-350,53,2109400,6
C0279,P020,Pivot Pin PP-12,62,71300,7
C0279,P021,Boom Cylinder BC-400,72,3326400,7
C0279,P022,Control Valve CV-75,54,912600,6
C0279,P023,Idler Wheel IW-55,22,284900,2
C0279,P024,Track Roller TR-60,77,793100,6
C0279,P025,Cabin Glass CG-20,135,1059750,7
C0279,P026,Grease Cartridge GC-5,36,11160,3
C0279,P027,O-Ring Set OR-50,100,48000,7
C0279,P028,Light Assembly LA-18,25,56250,3
C0279,P029,Pressure Sensor PS-90,115,454250,8
C0279,P030,Fuel Pump FP-350,61,1335900,5
C0280,P001,Hydraulic Pump HP-300,67,1641500,8
C0280,P002,Engine Oil Filter OF-90,74,53280,9
C0280,P003,Air Filter AF-120,94,117500,8
C0280,P004,Track Chain TC-45,133,5293400,10
C0280,P005,Fuel Injector FI-220,73,616850,6
C0280,P006,Alternator ALT-500,113,1265600,9
C0280,P007,Hydraulic Hose HH-60,127,184150,11
C0280,P008,Bucket Tooth BT-10,99,57420,9
C0280,P009,Starter Motor SM-700,64,953600,7
C0280,P010,Turbocharger TB-900,126,4397400,11
C0280,P011,Hydraulic Cylinder HC-200,77,2125200,8
C0280,P012,Brake Pad BP-40,104,254800,9
C0280,P013,Seal Kit SK-15,97,140650,10
C0280,P014,Transmission Assembly TA-800,43,3590500,4
C0280,P015,Engine Block EB-600,86,10234000,8
C0280,P016,Radiator RD-250,91,928200,8
C0280,P017,Fan Belt FB-30,62,32240,7
C0280,P018,Wheel Rim WR-24,95,1073500,9
C0280,P019,Swing Motor SWM-350,93,3701400,9
C0280,P020,Pivot Pin PP-12,172,197800,15
C0280,P021,Boom Cylinder BC-400,125,5775000,10
C0280,P022,Control Valve CV-75,96,1622400,9
C0280,P023,Idler Wheel IW-55,104,1346800,10
C0280,P024,Track Roller TR-60,131,1349300,11
C0280,P025,Cabin Glass CG-20,145,1138250,10
C0280,P026,Grease Cartridge GC-5,169,52390,12
C0280,P027,O-Ring Set OR-50,123,59040,12
C0280,P028,Light Assembly LA-18,74,166500,7
C0280,P029,Pressure Sensor PS-90,75,296250,8
C0280,P030,Fuel Pump FP-350,94,2058600,7
C0281,P001,Hydraulic Pump HP-300,52,1274000,6
C0281,P002,Engine Oil Filter OF-90,134,96480,9
C0281,P003,Air Filter AF-120,45,56250,6
C0281,P004,Track Chain TC-45,34,1353200,3
C0281,P005,Fuel Injector FI-220,26,219700,3
C0281,P006,Alternator ALT-500,119,1332800,10
C0281,P007,Hydraulic Hose HH-60,115,166750,9
C0281,P008,Bucket Tooth BT-10,36,20880,5
C0281,P009,Starter Motor SM-700,87,1296300,9
C0281,P010,Turbocharger TB-900,44,1535600,4
C0281,P011,Hydraulic Cylinder HC-200,96,2649600,7
C0281,P012,Brake Pad BP-40,103,252350,7
C0281,P013,Seal Kit SK-15,87,126150,6
C0281,P014,Transmission Assembly TA-800,61,5093500,4
C0281,P015,Engine Block EB-600,101,12019000,10
C0281,P016,Radiator RD-250,108,1101600,8
C0281,P017,Fan Belt FB-30,55,28600,6
C0281,P018,Wheel Rim WR-24,96,1084800,6
C0281,P019,Swing Motor SWM-350,74,2945200,5
C0281,P020,Pivot Pin PP-12,62,71300,6
C0281,P021,Boom Cylinder BC-400,98,4527600,6
C0281,P022,Control Valve CV-75,48,811200,6
C0281,P023,Idler Wheel IW-55,30,388500,2
C0281,P024,Track Roller TR-60,71,731300,7
C0281,P025,Cabin Glass CG-20,67,525950,7
C0281,P026,Grease Cartridge GC-5,79,24490,6
C0281,P027,O-Ring Set OR-50,96,46080,9
C0281,P028,Light Assembly LA-18,51,114750,4
C0281,P029,Pressure Sensor PS-90,129,509550,9
C0281,P030,Fuel Pump FP-350,43,941700,5
C0282,P001,Hydraulic Pump HP-300,123,3013500,11
C0282,P002,Engine Oil Filter OF-90,104,74880,8
C0282,P003,Air Filter AF-120,65,81250,7
C0282,P004,Track Chain TC-45,143,5691400,13
C0282,P005,Fuel Injector FI-220,106,895700,11
C0282,P006,Alternator ALT-500,160,1792000,15
C0282,P007,Hydraulic Hose HH-60,111,160950,10
C0282,P008,Bucket Tooth BT-10,133,77140,13
C0282,P009,Starter Motor SM-700,151,2249900,12
C0282,P010,Turbocharger TB-900,123,4292700,9
C0282,P011,Hydraulic Cylinder HC-200,141,3891600,13
C0282,P012,Brake Pad BP-40,192,470400,13
C0282,P013,Seal Kit SK-15,108,156600,9
C0282,P014,Transmission Assembly TA-800,65,5427500,7
C0282,P015,Engine Block EB-600,104,12376000,11
C0282,P016,Radiator RD-250,105,1071000,12
C0282,P017,Fan Belt FB-30,188,97760,13
C0282,P018,Wheel Rim WR-24,82,926600,7
C0282,P019,Swing Motor SWM-350,122,4855600,8
C0282,P020,Pivot Pin PP-12,106,121900,8
C0282,P021,Boom Cylinder BC-400,57,2633400,5
C0282,P022,Control Valve CV-75,154,2602600,9
C0282,P023,Idler Wheel IW-55,153,1981350,9
C0282,P024,Track Roller TR-60,100,1030000,9
C0282,P025,Cabin Glass CG-20,175,1373750,17
C0282,P026,Grease Cartridge GC-5,129,39990,9
C0282,P027,O-Ring Set OR-50,87,41760,11
C0282,P028,Light Assembly LA-18,193,434250,13
C0282,P029,Pressure Sensor PS-90,163,643850,12
C0282,P030,Fuel Pump FP-350,138,3022200,10
C0283,P001,Hydraulic Pump HP-300,62,1519000,8
C0283,P002,Engine Oil Filter OF-90,105,75600,8
C0283,P003,Air Filter AF-120,38,47500,3
C0283,P004,Track Chain TC-45,58,2308400,4
C0283,P005,Fuel Injector FI-220,43,363350,2
C0283,P006,Alternator ALT-500,81,907200,7
C0283,P007,Hydraulic Hose HH-60,58,84100,4
C0283,P008,Bucket Tooth BT-10,55,31900,6
C0283,P009,Starter Motor SM-700,77,1147300,7
C0283,P010,Turbocharger TB-900,97,3385300,7
C0283,P011,Hydraulic Cylinder HC-200,57,1573200,5
C0283,P012,Brake Pad BP-40,149,365050,8
C0283,P013,Seal Kit SK-15,84,121800,6
C0283,P014,Transmission Assembly TA-800,71,5928500,7
C0283,P015,Engine Block EB-600,52,6188000,7
C0283,P016,Radiator RD-250,67,683400,5
C0283,P017,Fan Belt FB-30,43,22360,5
C0283,P018,Wheel Rim WR-24,84,949200,4
C0283,P019,Swing Motor SWM-350,81,3223800,7
C0283,P020,Pivot Pin PP-12,132,151800,9
C0283,P021,Boom Cylinder BC-400,45,2079000,4
C0283,P022,Control Valve CV-75,23,388700,4
C0283,P023,Idler Wheel IW-55,76,984200,6
C0283,P024,Track Roller TR-60,136,1400800,11
C0283,P025,Cabin Glass CG-20,85,667250,9
C0283,P026,Grease Cartridge GC-5,135,41850,10
C0283,P027,O-Ring Set OR-50,32,15360,3
C0283,P028,Light Assembly LA-18,63,141750,6
C0283,P029,Pressure Sensor PS-90,11,43450,3
C0283,P030,Fuel Pump FP-350,60,1314000,4
C0284,P001,Hydraulic Pump HP-300,101,2474500,8
C0284,P002,Engine Oil Filter OF-90,177,127440,14
C0284,P003,Air Filter AF-120,92,115000,10
C0284,P004,Track Chain TC-45,140,5572000,13
C0284,P005,Fuel Injector FI-220,89,752050,8
C0284,P006,Alternator ALT-500,118,1321600,9
C0284,P007,Hydraulic Hose HH-60,105,152250,7
C0284,P008,Bucket Tooth BT-10,139,80620,10
C0284,P009,Starter Motor SM-700,120,1788000,7
C0284,P010,Turbocharger TB-900,221,7712900,18
C0284,P011,Hydraulic Cylinder HC-200,104,2870400,8
C0284,P012,Brake Pad BP-40,96,235200,9
C0284,P013,Seal Kit SK-15,156,226200,11
C0284,P014,Transmission Assembly TA-800,100,8350000,9
C0284,P015,Engine Block EB-600,68,8092000,8
C0284,P016,Radiator RD-250,101,1030200,10
C0284,P017,Fan Belt FB-30,95,49400,10
C0284,P018,Wheel Rim WR-24,145,1638500,13
C0284,P019,Swing Motor SWM-350,102,4059600,11
C0284,P020,Pivot Pin PP-12,110,126500,7
C0284,P021,Boom Cylinder BC-400,138,6375600,11
C0284,P022,Control Valve CV-75,92,1554800,8
C0284,P023,Idler Wheel IW-55,151,1955450,14
C0284,P024,Track Roller TR-60,101,1040300,7
C0284,P025,Cabin Glass CG-20,34,266900,5
C0284,P026,Grease Cartridge GC-5,67,20770,7
C0284,P027,O-Ring Set OR-50,74,35520,8
C0284,P028,Light Assembly LA-18,129,290250,12
C0284,P029,Pressure Sensor PS-90,82,323900,6
C0284,P030,Fuel Pump FP-350,122,2671800,11
C0285,P001,Hydraulic Pump HP-300,44,1078000,4
C0285,P002,Engine Oil Filter OF-90,112,80640,7
C0285,P003,Air Filter AF-120,60,75000,5
C0285,P004,Track Chain TC-45,52,2069600,7
C0285,P005,Fuel Injector FI-220,140,1183000,11
C0285,P006,Alternator ALT-500,143,1601600,14
C0285,P007,Hydraulic Hose HH-60,99,143550,9
C0285,P008,Bucket Tooth BT-10,65,37700,6
C0285,P009,Starter Motor SM-700,49,730100,6
C0285,P010,Turbocharger TB-900,152,5304800,8
C0285,P011,Hydraulic Cylinder HC-200,98,2704800,10
C0285,P012,Brake Pad BP-40,174,426300,16
C0285,P013,Seal Kit SK-15,130,188500,11
C0285,P014,Transmission Assembly TA-800,25,2087500,3
C0285,P015,Engine Block EB-600,73,8687000,5
C0285,P016,Radiator RD-250,116,1183200,11
C0285,P017,Fan Belt FB-30,159,82680,12
C0285,P018,Wheel Rim WR-24,67,757100,7
C0285,P019,Swing Motor SWM-350,61,2427800,8
C0285,P020,Pivot Pin PP-12,139,159850,10
C0285,P021,Boom Cylinder BC-400,143,6606600,9
C0285,P022,Control Valve CV-75,75,1267500,9
C0285,P023,Idler Wheel IW-55,92,1191400,8
C0285,P024,Track Roller TR-60,62,638600,9
C0285,P025,Cabin Glass CG-20,128,1004800,12
C0285,P026,Grease Cartridge GC-5,69,21390,9
C0285,P027,O-Ring Set OR-50,72,34560,8
C0285,P028,Light Assembly LA-18,107,240750,8
C0285,P029,Pressure Sensor PS-90,111,438450,9
C0285,P030,Fuel Pump FP-350,114,2496600,8
C0286,P001,Hydraulic Pump HP-300,92,2254000,8
C0286,P002,Engine Oil Filter OF-90,43,30960,4
C0286,P003,Air Filter AF-120,34,42500,2
C0286,P004,Track Chain TC-45,97,3860600,6
C0286,P005,Fuel Injector FI-220,131,1106950,11
C0286,P006,Alternator ALT-500,97,1086400,9
C0286,P007,Hydraulic Hose HH-60,42,60900,6
C0286,P008,Bucket Tooth BT-10,126,73080,12
C0286,P009,Starter Motor SM-700,72,1072800,6
C0286,P010,Turbocharger TB-900,62,2163800,4
C0286,P011,Hydraulic Cylinder HC-200,128,3532800,9
C0286,P012,Brake Pad BP-40,87,213150,7
C0286,P013,Seal Kit SK-15,209,303050,12
C0286,P014,Transmission Assembly TA-800,47,3924500,7
C0286,P015,Engine Block EB-600,99,11781000,7
C0286,P016,Radiator RD-250,69,703800,8
C0286,P017,Fan Belt FB-30,178,92560,11
C0286,P018,Wheel Rim WR-24,75,847500,4
C0286,P019,Swing Motor SWM-350,72,2865600,6
C0286,P020,Pivot Pin PP-12,105,120750,10
C0286,P021,Boom Cylinder BC-400,130,6006000,12
C0286,P022,Control Valve CV-75,52,878800,6
C0286,P023,Idler Wheel IW-55,126,1631700,9
C0286,P024,Track Roller TR-60,96,988800,8
C0286,P025,Cabin Glass CG-20,188,1475800,13
C0286,P026,Grease Cartridge GC-5,110,34100,11
C0286,P027,O-Ring Set OR-50,101,48480,7
C0286,P028,Light Assembly LA-18,59,132750,5
C0286,P029,Pressure Sensor PS-90,116,458200,7
C0286,P030,Fuel Pump FP-350,132,2890800,9
C0287,P001,Hydraulic Pump HP-300,90,2205000,9
C0287,P002,Engine Oil Filter OF-90,51,36720,7
C0287,P003,Air Filter AF-120,99,123750,8
C0287,P004,Track Chain TC-45,81,3223800,7
C0287,P005,Fuel Injector FI-220,69,583050,6
C0287,P006,Alternator ALT-500,102,1142400,7
C0287,P007,Hydraulic Hose HH-60,21,30450,3
C0287,P008,Bucket Tooth BT-10,58,33640,6
C0287,P009,Starter Motor SM-700,77,1147300,8
C0287,P010,Turbocharger TB-900,41,1430900,4
C0287,P011,Hydraulic Cylinder HC-200,45,1242000,4
C0287,P012,Brake Pad BP-40,82,200900,7
C0287,P013,Seal Kit SK-15,169,245050,13
C0287,P014,Transmission Assembly TA-800,99,8266500,9
C0287,P015,Engine Block EB-600,66,7854000,6
C0287,P016,Radiator RD-250,29,295800,4
C0287,P017,Fan Belt FB-30,137,71240,8
C0287,P018,Wheel Rim WR-24,125,1412500,10
C0287,P019,Swing Motor SWM-350,94,3741200,7
C0287,P020,Pivot Pin PP-12,49,56350,4
C0287,P021,Boom Cylinder BC-400,123,5682600,10
C0287,P022,Control Valve CV-75,27,456300,4
C0287,P023,Idler Wheel IW-55,90,1165500,6
C0287,P024,Track Roller TR-60,45,463500,4
C0287,P025,Cabin Glass CG-20,60,471000,7
C0287,P026,Grease Cartridge GC-5,102,31620,8
C0287,P027,O-Ring Set OR-50,70,33600,6
C0287,P028,Light Assembly LA-18,115,258750,9
C0287,P029,Pressure Sensor PS-90,66,260700,5
C0287,P030,Fuel Pump FP-350,50,1095000,5
C0288,P001,Hydraulic Pump HP-300,127,3111500,11
C0288,P002,Engine Oil Filter OF-90,125,90000,13
C0288,P003,Air Filter AF-120,136,170000,10
C0288,P004,Track Chain TC-45,176,7004800,13
C0288,P005,Fuel Injector FI-220,108,912600,10
C0288,P006,Alternator ALT-500,236,2643200,16
C0288,P007,Hydraulic Hose HH-60,193,279850,15
C0288,P008,Bucket Tooth BT-10,125,72500,11
C0288,P009,Starter Motor SM-700,67,998300,8
C0288,P010,Turbocharger TB-900,180,6282000,16
C0288,P011,Hydraulic Cylinder HC-200,164,4526400,11
C0288,P012,Brake Pad BP-40,239,585550,20
C0288,P013,Seal Kit SK-15,108,156600,13
C0288,P014,Transmission Assembly TA-800,148,12358000,14
C0288,P015,Engine Block EB-600,159,18921000,12
C0288,P016,Radiator RD-250,127,1295400,10
C0288,P017,Fan Belt FB-30,162,84240,16
C0288,P018,Wheel Rim WR-24,146,1649800,16
C0288,P019,Swing Motor SWM-350,169,6726200,17
C0288,P020,Pivot Pin PP-12,238,273700,20
C0288,P021,Boom Cylinder BC-400,111,5128200,9
C0288,P022,Control Valve CV-75,54,912600,7
C0288,P023,Idler Wheel IW-55,165,2136750,13
C0288,P024,Track Roller TR-60,86,885800,9
C0288,P025,Cabin Glass CG-20,185,1452250,16
C0288,P026,Grease Cartridge GC-5,186,57660,14
C0288,P027,O-Ring Set OR-50,128,61440,13
C0288,P028,Light Assembly LA-18,189,425250,13
C0288,P029,Pressure Sensor PS-90,202,797900,17
C0288,P030,Fuel Pump FP-350,187,4095300,16
C0289,P001,Hydraulic Pump HP-300,81,1984500,7
C0289,P002,Engine Oil Filter OF-90,47,33840,6
C0289,P003,Air Filter AF-120,109,136250,11
C0289,P004,Track Chain TC-45,38,1512400,7
C0289,P005,Fuel Injector FI-220,89,752050,9
C0289,P006,Alternator ALT-500,127,1422400,10
C0289,P007,Hydraulic Hose HH-60,45,65250,5
C0289,P008,Bucket Tooth BT-10,45,26100,5
C0289,P009,Starter Motor SM-700,148,2205200,8
C0289,P010,Turbocharger TB-900,43,1500700,5
C0289,P011,Hydraulic Cylinder HC-200,119,3284400,11
C0289,P012,Brake Pad BP-40,86,210700,6
C0289,P013,Seal Kit SK-15,98,142100,6
C0289,P014,Transmission Assembly TA-800,67,5594500,7
C0289,P015,Engine Block EB-600,70,8330000,9
C0289,P016,Radiator RD-250,74,754800,5
C0289,P017,Fan Belt FB-30,51,26520,4
C0289,P018,Wheel Rim WR-24,22,248600,4
C0289,P019,Swing Motor SWM-350,113,4497400,8
C0289,P020,Pivot Pin PP-12,155,178250,13
C0289,P021,Boom Cylinder BC-400,109,5035800,12
C0289,P022,Control Valve CV-75,64,1081600,6
C0289,P023,Idler Wheel IW-55,88,1139600,7
C0289,P024,Track Roller TR-60,104,1071200,8
C0289,P025,Cabin Glass CG-20,100,785000,7
C0289,P026,Grease Cartridge GC-5,84,26040,7
C0289,P027,O-Ring Set OR-50,76,36480,8
C0289,P028,Light Assembly LA-18,123,276750,10
C0289,P029,Pressure Sensor PS-90,80,316000,6
C0289,P030,Fuel Pump FP-350,114,2496600,9
C0290,P001,Hydraulic Pump HP-300,30,735000,4
C0290,P002,Engine Oil Filter OF-90,113,81360,9
C0290,P003,Air Filter AF-120,104,130000,10
C0290,P004,Track Chain TC-45,106,4218800,8
C0290,P005,Fuel Injector FI-220,97,819650,10
C0290,P006,Alternator ALT-500,58,649600,5
C0290,P007,Hydraulic Hose HH-60,114,165300,11
C0290,P008,Bucket Tooth BT-10,64,37120,7
C0290,P009,Starter Motor SM-700,86,1281400,9
C0290,P010,Turbocharger TB-900,96,3350400,7
C0290,P011,Hydraulic Cylinder HC-200,68,1876800,8
C0290,P012,Brake Pad BP-40,73,178850,6
C0290,P013,Seal Kit SK-15,163,236350,14
C0290,P014,Transmission Assembly TA-800,110,9185000,8
C0290,P015,Engine Block EB-600,92,10948000,8
C0290,P016,Radiator RD-250,55,561000,7
C0290,P017,Fan Belt FB-30,92,47840,9
C0290,P018,Wheel Rim WR-24,100,1130000,9
C0290,P019,Swing Motor SWM-350,89,3542200,7
C0290,P020,Pivot Pin PP-12,98,112700,6
C0290,P021,Boom Cylinder BC-400,97,4481400,6
C0290,P022,Control Valve CV-75,110,1859000,9
C0290,P023,Idler Wheel IW-55,99,1282050,8
C0290,P024,Track Roller TR-60,151,1555300,11
C0290,P025,Cabin Glass CG-20,97,761450,7
C0290,P026,Grease Cartridge GC-5,105,32550,10
C0290,P027,O-Ring Set OR-50,124,59520,10
C0290,P028,Light Assembly LA-18,60,135000,7
C0290,P029,Pressure Sensor PS-90,130,513500,11
C0290,P030,Fuel Pump FP-350,91,1992900,10
C0291,P001,Hydraulic Pump HP-300,192,4704000,13
C0291,P002,Engine Oil Filter OF-90,97,69840,11
C0291,P003,Air Filter AF-120,128,160000,12
C0291,P004,Track Chain TC-45,138,5492400,12
C0291,P005,Fuel Injector FI-220,97,819650,7
C0291,P006,Alternator ALT-500,129,1444800,10
C0291,P007,Hydraulic Hose HH-60,131,189950,12
C0291,P008,Bucket Tooth BT-10,152,88160,12
C0291,P009,Starter Motor SM-700,95,1415500,11
C0291,P010,Turbocharger TB-900,129,4502100,11
C0291,P011,Hydraulic Cylinder HC-200,103,2842800,11
C0291,P012,Brake Pad BP-40,83,203350,7
C0291,P013,Seal Kit SK-15,95,137750,8
C0291,P014,Transmission Assembly TA-800,117,9769500,13
C0291,P015,Engine Block EB-600,139,16541000,9
C0291,P016,Radiator RD-250,92,938400,10
C0291,P017,Fan Belt FB-30,148,76960,13
C0291,P018,Wheel Rim WR-24,155,1751500,12
C0291,P019,Swing Motor SWM-350,108,4298400,10
C0291,P020,Pivot Pin PP-12,127,146050,11
C0291,P021,Boom Cylinder BC-400,156,7207200,11
C0291,P022,Control Valve CV-75,170,2873000,13
C0291,P023,Idler Wheel IW-55,115,1489250,10
C0291,P024,Track Roller TR-60,78,803400,9
C0291,P025,Cabin Glass CG-20,117,918450,10
C0291,P026,Grease Cartridge GC-5,103,31930,13
C0291,P027,O-Ring Set OR-50,128,61440,7
C0291,P028,Light Assembly LA-18,133,299250,11
C0291,P029,Pressure Sensor PS-90,162,639900,12
C0291,P030,Fuel Pump FP-350,149,3263100,11
C0292,P001,Hydraulic Pump HP-300,63,1543500,5
C0292,P002,Engine Oil Filter OF-90,112,80640,9
C0292,P003,Air Filter AF-120,43,53750,7
C0292,P004,Track Chain TC-45,30,1194000,3
C0292,P005,Fuel Injector FI-220,40,338000,3
C0292,P006,Alternator ALT-500,87,974400,9
C0292,P007,Hydraulic Hose HH-60,101,146450,7
C0292,P008,Bucket Tooth BT-10,54,31320,8
C0292,P009,Starter Motor SM-700,52,774800,4
C0292,P010,Turbocharger TB-900,35,1221500,3
C0292,P011,Hydraulic Cylinder HC-200,43,1186800,5
C0292,P012,Brake Pad BP-40,10,24500,2
C0292,P013,Seal Kit SK-15,83,120350,8
C0292,P014,Transmission Assembly TA-800,56,4676000,5
C0292,P015,Engine Block EB-600,69,8211000,6
C0292,P016,Radiator RD-250,82,836400,8
C0292,P017,Fan Belt FB-30,22,11440,3
C0292,P018,Wheel Rim WR-24,8,90400,1
C0292,P019,Swing Motor SWM-350,67,2666600,7
C0292,P020,Pivot Pin PP-12,35,40250,3
C0292,P021,Boom Cylinder BC-400,46,2125200,6
C0292,P022,Control Valve CV-75,80,1352000,7
C0292,P023,Idler Wheel IW-55,21,271950,3
C0292,P024,Track Roller TR-60,67,690100,5
C0292,P025,Cabin Glass CG-20,41,321850,4
C0292,P026,Grease Cartridge GC-5,44,13640,6
C0292,P027,O-Ring Set OR-50,114,54720,12
C0292,P028,Light Assembly LA-18,51,114750,4
C0292,P029,Pressure Sensor PS-90,109,430550,7
C0292,P030,Fuel Pump FP-350,49,1073100,6
C0293,P001,Hydraulic Pump HP-300,80,1960000,5
C0293,P002,Engine Oil Filter OF-90,127,91440,7
C0293,P003,Air Filter AF-120,83,103750,7
C0293,P004,Track Chain TC-45,69,2746200,9
C0293,P005,Fuel Injector FI-220,111,937950,12
C0293,P006,Alternator ALT-500,119,1332800,10
C0293,P007,Hydraulic Hose HH-60,132,191400,9
C0293,P008,Bucket Tooth BT-10,65,37700,6
C0293,P009,Starter Motor SM-700,76,1132400,7
C0293,P010,Turbocharger TB-900,144,5025600,9
C0293,P011,Hydraulic Cylinder HC-200,186,5133600,14
C0293,P012,Brake Pad BP-40,79,193550,9
C0293,P013,Seal Kit SK-15,152,220400,11
C0293,P014,Transmission Assembly TA-800,126,10521000,9
C0293,P015,Engine Block EB-600,54,6426000,7
C0293,P016,Radiator RD-250,99,1009800,8
C0293,P017,Fan Belt FB-30,53,27560,7
C0293,P018,Wheel Rim WR-24,112,1265600,13
C0293,P019,Swing Motor SWM-350,64,2547200,5
C0293,P020,Pivot Pin PP-12,83,95450,7
C0293,P021,Boom Cylinder BC-400,149,6883800,11
C0293,P022,Control Valve CV-75,166,2805400,13
C0293,P023,Idler Wheel IW-55,54,699300,5
C0293,P024,Track Roller TR-60,67,690100,7
C0293,P025,Cabin Glass CG-20,114,894900,9
C0293,P026,Grease Cartridge GC-5,142,44020,11
C0293,P027,O-Ring Set OR-50,97,46560,11
C0293,P028,Light Assembly LA-18,94,211500,5
C0293,P029,Pressure Sensor PS-90,107,422650,9
C0293,P030,Fuel Pump FP-350,169,3701100,12
C0294,P001,Hydraulic Pump HP-300,70,1715000,5
C0294,P002,Engine Oil Filter OF-90,131,94320,9
C0294,P003,Air Filter AF-120,163,203750,17
C0294,P004,Track Chain TC-45,112,4457600,9
C0294,P005,Fuel Injector FI-220,104,878800,10
C0294,P006,Alternator ALT-500,137,1534400,11
C0294,P007,Hydraulic Hose HH-60,116,168200,8
C0294,P008,Bucket Tooth BT-10,136,78880,12
C0294,P009,Starter Motor SM-700,195,2905500,14
C0294,P010,Turbocharger TB-900,139,4851100,12
C0294,P011,Hydraulic Cylinder HC-200,110,3036000,11
C0294,P012,Brake Pad BP-40,148,362600,10
C0294,P013,Seal Kit SK-15,208,301600,16
C0294,P014,Transmission Assembly TA-800,119,9936500,10
C0294,P015,Engine Block EB-600,81,9639000,6
C0294,P016,Radiator RD-250,77,785400,9
C0294,P017,Fan Belt FB-30,98,50960,11
C0294,P018,Wheel Rim WR-24,162,1830600,14
C0294,P019,Swing Motor SWM-350,148,5890400,12
C0294,P020,Pivot Pin PP-12,162,186300,13
C0294,P021,Boom Cylinder BC-400,179,8269800,13
C0294,P022,Control Valve CV-75,154,2602600,13
C0294,P023,Idler Wheel IW-55,113,1463350,9
C0294,P024,Track Roller TR-60,144,1483200,12
C0294,P025,Cabin Glass CG-20,148,1161800,11
C0294,P026,Grease Cartridge GC-5,94,29140,7
C0294,P027,O-Ring Set OR-50,147,70560,10
C0294,P028,Light Assembly LA-18,105,236250,11
C0294,P029,Pressure Sensor PS-90,124,489800,10
C0294,P030,Fuel Pump FP-350,201,4401900,14
C0295,P001,Hydraulic Pump HP-300,143,3503500,10
C0295,P002,Engine Oil Filter OF-90,98,70560,10
C0295,P003,Air Filter AF-120,59,73750,4
C0295,P004,Track Chain TC-45,101,4019800,8
C0295,P005,Fuel Injector FI-220,218,1842100,14
C0295,P006,Alternator ALT-500,90,1008000,10
C0295,P007,Hydraulic Hose HH-60,89,129050,7
C0295,P008,Bucket Tooth BT-10,115,66700,10
C0295,P009,Starter Motor SM-700,140,2086000,10
C0295,P010,Turbocharger TB-900,196,6840400,13
C0295,P011,Hydraulic Cylinder HC-200,41,1131600,5
C0295,P012,Brake Pad BP-40,60,147000,6
C0295,P013,Seal Kit SK-15,117,169650,9
C0295,P014,Transmission Assembly TA-800,128,10688000,9
C0295,P015,Engine Block EB-600,139,16541000,11
C0295,P016,Radiator RD-250,124,1264800,10
C0295,P017,Fan Belt FB-30,132,68640,12
C0295,P018,Wheel Rim WR-24,27,305100,6
C0295,P019,Swing Motor SWM-350,26,1034800,5
C0295,P020,Pivot Pin PP-12,77,88550,8
C0295,P021,Boom Cylinder BC-400,84,3880800,8
C0295,P022,Control Valve CV-75,124,2095600,13
C0295,P023,Idler Wheel IW-55,76,984200,8
C0295,P024,Track Roller TR-60,186,1915800,14
C0295,P025,Cabin Glass CG-20,139,1091150,11
C0295,P026,Grease Cartridge GC-5,153,47430,14
C0295,P027,O-Ring Set OR-50,133,63840,9
C0295,P028,Light Assembly LA-18,106,238500,11
C0295,P029,Pressure Sensor PS-90,81,319950,6
C0295,P030,Fuel Pump FP-350,68,1489200,7
C0296,P001,Hydraulic Pump HP-300,58,1421000,8
C0296,P002,Engine Oil Filter OF-90,135,97200,10
C0296,P003,Air Filter AF-120,83,103750,9
C0296,P004,Track Chain TC-45,109,4338200,8
C0296,P005,Fuel Injector FI-220,88,743600,8
C0296,P006,Alternator ALT-500,85,952000,7
C0296,P007,Hydraulic Hose HH-60,94,136300,8
C0296,P008,Bucket Tooth BT-10,73,42340,6
C0296,P009,Starter Motor SM-700,127,1892300,9
C0296,P010,Turbocharger TB-900,104,3629600,7
C0296,P011,Hydraulic Cylinder HC-200,80,2208000,8
C0296,P012,Brake Pad BP-40,96,235200,9
C0296,P013,Seal Kit SK-15,129,187050,10
C0296,P014,Transmission Assembly TA-800,87,7264500,8
C0296,P015,Engine Block EB-600,92,10948000,8
C0296,P016,Radiator RD-250,115,1173000,8
C0296,P017,Fan Belt FB-30,110,57200,8
C0296,P018,Wheel Rim WR-24,67,757100,5
C0296,P019,Swing Motor SWM-350,66,2626800,6
C0296,P020,Pivot Pin PP-12,72,82800,9
C0296,P021,Boom Cylinder BC-400,24,1108800,5
C0296,P022,Control Valve CV-75,148,2501200,12
C0296,P023,Idler Wheel IW-55,69,893550,7
C0296,P024,Track Roller TR-60,60,618000,8
C0296,P025,Cabin Glass CG-20,61,478850,8
C0296,P026,Grease Cartridge GC-5,86,26660,10
C0296,P027,O-Ring Set OR-50,97,46560,11
C0296,P028,Light Assembly LA-18,29,65250,4
C0296,P029,Pressure Sensor PS-90,76,300200,6
C0296,P030,Fuel Pump FP-350,73,1598700,7
C0297,P001,Hydraulic Pump HP-300,104,2548000,11
C0297,P002,Engine Oil Filter OF-90,120,86400,8
C0297,P003,Air Filter AF-120,94,117500,7
C0297,P004,Track Chain TC-45,97,3860600,8
C0297,P005,Fuel Injector FI-220,77,650650,7
C0297,P006,Alternator ALT-500,129,1444800,10
C0297,P007,Hydraulic Hose HH-60,117,169650,10
C0297,P008,Bucket Tooth BT-10,180,104400,11
C0297,P009,Starter Motor SM-700,160,2384000,11
C0297,P010,Turbocharger TB-900,102,3559800,8
C0297,P011,Hydraulic Cylinder HC-200,120,3312000,8
C0297,P012,Brake Pad BP-40,89,218050,10
C0297,P013,Seal Kit SK-15,79,114550,6
C0297,P014,Transmission Assembly TA-800,38,3173000,4
C0297,P015,Engine Block EB-600,174,20706000,13
C0297,P016,Radiator RD-250,117,1193400,11
C0297,P017,Fan Belt FB-30,59,30680,6
C0297,P018,Wheel Rim WR-24,76,858800,7
C0297,P019,Swing Motor SWM-350,103,4099400,10
C0297,P020,Pivot Pin PP-12,20,23000,5
C0297,P021,Boom Cylinder BC-400,147,6791400,11
C0297,P022,Control Valve CV-75,129,2180100,9
C0297,P023,Idler Wheel IW-55,70,906500,6
C0297,P024,Track Roller TR-60,180,1854000,11
C0297,P025,Cabin Glass CG-20,102,800700,5
C0297,P026,Grease Cartridge GC-5,70,21700,4
C0297,P027,O-Ring Set OR-50,105,50400,9
C0297,P028,Light Assembly LA-18,92,207000,10
C0297,P029,Pressure Sensor PS-90,48,189600,4
C0297,P030,Fuel Pump FP-350,35,766500,7
C0298,P001,Hydraulic Pump HP-300,58,1421000,7
C0298,P002,Engine Oil Filter OF-90,65,46800,9
C0298,P003,Air Filter AF-120,112,140000,8
C0298,P004,Track Chain TC-45,96,3820800,8
C0298,P005,Fuel Injector FI-220,19,160550,4
C0298,P006,Alternator ALT-500,46,515200,6
C0298,P007,Hydraulic Hose HH-60,90,130500,9
C0298,P008,Bucket Tooth BT-10,51,29580,6
C0298,P009,Starter Motor SM-700,172,2562800,13
C0298,P010,Turbocharger TB-900,89,3106100,7
C0298,P011,Hydraulic Cylinder HC-200,123,3394800,11
C0298,P012,Brake Pad BP-40,94,230300,8
C0298,P013,Seal Kit SK-15,94,136300,7
C0298,P014,Transmission Assembly TA-800,80,6680000,7
C0298,P015,Engine Block EB-600,36,4284000,3
C0298,P016,Radiator RD-250,109,1111800,8
C0298,P017,Fan Belt FB-30,80,41600,7
C0298,P018,Wheel Rim WR-24,78,881400,9
C0298,P019,Swing Motor SWM-350,60,2388000,5
C0298,P020,Pivot Pin PP-12,125,143750,8
C0298,P021,Boom Cylinder BC-400,123,5682600,12
C0298,P022,Control Valve CV-75,85,1436500,9
C0298,P023,Idler Wheel IW-55,93,1204350,8
C0298,P024,Track Roller TR-60,68,700400,5
C0298,P025,Cabin Glass CG-20,40,314000,4
C0298,P026,Grease Cartridge GC-5,63,19530,6
C0298,P027,O-Ring Set OR-50,55,26400,4
C0298,P028,Light Assembly LA-18,77,173250,6
C0298,P029,Pressure Sensor PS-90,61,240950,7
C0298,P030,Fuel Pump FP-350,81,1773900,7
C0299,P001,Hydraulic Pump HP-300,32,784000,3
C0299,P002,Engine Oil Filter OF-90,71,51120,5
C0299,P003,Air Filter AF-120,64,80000,3
C0299,P004,Track Chain TC-45,84,3343200,8
C0299,P005,Fuel Injector FI-220,73,616850,5
C0299,P006,Alternator ALT-500,60,672000,5
C0299,P007,Hydraulic Hose HH-60,101,146450,10
C0299,P008,Bucket Tooth BT-10,122,70760,9
C0299,P009,Starter Motor SM-700,51,759900,5
C0299,P010,Turbocharger TB-900,136,4746400,8
C0299,P011,Hydraulic Cylinder HC-200,52,1435200,5
C0299,P012,Brake Pad BP-40,76,186200,6
C0299,P013,Seal Kit SK-15,46,66700,4
C0299,P014,Transmission Assembly TA-800,54,4509000,5
C0299,P015,Engine Block EB-600,58,6902000,5
C0299,P016,Radiator RD-250,138,1407600,9
C0299,P017,Fan Belt FB-30,129,67080,10
C0299,P018,Wheel Rim WR-24,104,1175200,9
C0299,P019,Swing Motor SWM-350,66,2626800,5
C0299,P020,Pivot Pin PP-12,95,109250,8
C0299,P021,Boom Cylinder BC-400,113,5220600,8
C0299,P022,Control Valve CV-75,41,692900,4
C0299,P023,Idler Wheel IW-55,102,1320900,8
C0299,P024,Track Roller TR-60,103,1060900,8
C0299,P025,Cabin Glass CG-20,99,777150,7
C0299,P026,Grease Cartridge GC-5,73,22630,7
C0299,P027,O-Ring Set OR-50,55,26400,5
C0299,P028,Light Assembly LA-18,143,321750,10
C0299,P029,Pressure Sensor PS-90,96,379200,7
C0299,P030,Fuel Pump FP-350,128,2803200,7
C0300,P001,Hydraulic Pump HP-300,179,4385500,14
C0300,P002,Engine Oil Filter OF-90,37,26640,5
C0300,P003,Air Filter AF-120,60,75000,7
C0300,P004,Track Chain TC-45,73,2905400,6
C0300,P005,Fuel Injector FI-220,125,1056250,12
C0300,P006,Alternator ALT-500,43,481600,5
C0300,P007,Hydraulic Hose HH-60,102,147900,10
C0300,P008,Bucket Tooth BT-10,84,48720,6
C0300,P009,Starter Motor SM-700,117,1743300,11
C0300,P010,Turbocharger TB-900,82,2861800,10
C0300,P011,Hydraulic Cylinder HC-200,114,3146400,9
C0300,P012,Brake Pad BP-40,95,232750,7
C0300,P013,Seal Kit SK-15,113,163850,11
C0300,P014,Transmission Assembly TA-800,112,9352000,8
C0300,P015,Engine Block EB-600,115,13685000,11
C0300,P016,Radiator RD-250,64,652800,7
C0300,P017,Fan Belt FB-30,101,52520,8
C0300,P018,Wheel Rim WR-24,63,711900,5
C0300,P019,Swing Motor SWM-350,86,3422800,8
C0300,P020,Pivot Pin PP-12,79,90850,7
C0300,P021,Boom Cylinder BC-400,143,6606600,11
C0300,P022,Control Valve CV-75,83,1402700,7
C0300,P023,Idler Wheel IW-55,68,880600,7
C0300,P024,Track Roller TR-60,90,927000,6
C0300,P025,Cabin Glass CG-20,175,1373750,12
C0300,P026,Grease Cartridge GC-5,113,35030,8
C0300,P027,O-Ring Set OR-50,152,72960,10
C0300,P028,Light Assembly LA-18,105,236250,9
C0300,P029,Pressure Sensor PS-90,136,537200,10
C0300,P030,Fuel Pump FP-350,149,3263100,10
C0301,P001,Hydraulic Pump HP-300,153,3748500,11
C0301,P002,Engine Oil Filter OF-90,41,29520,7
C0301,P003,Air Filter AF-120,113,141250,8
C0301,P004,Track Chain TC-45,67,2666600,6
C0301,P005,Fuel Injector FI-220,103,870350,8
C0301,P006,Alternator ALT-500,74,828800,6
C0301,P007,Hydraulic Hose HH-60,31,44950,3
C0301,P008,Bucket Tooth BT-10,100,58000,11
C0301,P009,Starter Motor SM-700,79,1177100,8
C0301,P010,Turbocharger TB-900,103,3594700,8
C0301,P011,Hydraulic Cylinder HC-200,75,2070000,8
C0301,P012,Brake Pad BP-40,84,205800,6
C0301,P013,Seal Kit SK-15,60,87000,8
C0301,P014,Transmission Assembly TA-800,77,6429500,8
C0301,P015,Engine Block EB-600,100,11900000,9
C0301,P016,Radiator RD-250,115,1173000,9
C0301,P017,Fan Belt FB-30,131,68120,12
C0301,P018,Wheel Rim WR-24,99,1118700,6
C0301,P019,Swing Motor SWM-350,50,1990000,6
C0301,P020,Pivot Pin PP-12,38,43700,4
C0301,P021,Boom Cylinder BC-400,110,5082000,9
C0301,P022,Control Valve CV-75,72,1216800,6
C0301,P023,Idler Wheel IW-55,93,1204350,7
C0301,P024,Track Roller TR-60,75,772500,6
C0301,P025,Cabin Glass CG-20,67,525950,8
C0301,P026,Grease Cartridge GC-5,73,22630,6
C0301,P027,O-Ring Set OR-50,149,71520,11
C0301,P028,Light Assembly LA-18,53,119250,8
C0301,P029,Pressure Sensor PS-90,117,462150,8
C0301,P030,Fuel Pump FP-350,143,3131700,12
C0302,P001,Hydraulic Pump HP-300,97,2376500,9
C0302,P002,Engine Oil Filter OF-90,133,95760,7
C0302,P003,Air Filter AF-120,93,116250,7
C0302,P004,Track Chain TC-45,57,2268600,5
C0302,P005,Fuel Injector FI-220,54,456300,6
C0302,P006,Alternator ALT-500,48,537600,4
C0302,P007,Hydraulic Hose HH-60,100,145000,7
C0302,P008,Bucket Tooth BT-10,72,41760,7
C0302,P009,Starter Motor SM-700,104,1549600,8
C0302,P010,Turbocharger TB-900,123,4292700,7
C0302,P011,Hydraulic Cylinder HC-200,89,2456400,9
C0302,P012,Brake Pad BP-40,42,102900,6
C0302,P013,Seal Kit SK-15,33,47850,6
C0302,P014,Transmission Assembly TA-800,113,9435500,8
C0302,P015,Engine Block EB-600,93,11067000,7
C0302,P016,Radiator RD-250,57,581400,5
C0302,P017,Fan Belt FB-30,88,45760,9
C0302,P018,Wheel Rim WR-24,148,1672400,8
C0302,P019,Swing Motor SWM-350,127,5054600,11
C0302,P020,Pivot Pin PP-12,102,117300,8
C0302,P021,Boom Cylinder BC-400,86,3973200,5
C0302,P022,Control Valve CV-75,39,659100,4
C0302,P023,Idler Wheel IW-55,74,958300,5
C0302,P024,Track Roller TR-60,110,1133000,7
C0302,P025,Cabin Glass CG-20,79,620150,6
C0302,P026,Grease Cartridge GC-5,35,10850,3
C0302,P027,O-Ring Set OR-50,104,49920,9
C0302,P028,Light Assembly LA-18,72,162000,9
C0302,P029,Pressure Sensor PS-90,139,549050,9
C0302,P030,Fuel Pump FP-350,64,1401600,6
C0303,P001,Hydraulic Pump HP-300,88,2156000,7
C0303,P002,Engine Oil Filter OF-90,34,24480,5
C0303,P003,Air Filter AF-120,104,130000,5
C0303,P004,Track Chain TC-45,48,1910400,4
C0303,P005,Fuel Injector FI-220,59,498550,5
C0303,P006,Alternator ALT-500,90,1008000,7
C0303,P007,Hydraulic Hose HH-60,100,145000,8
C0303,P008,Bucket Tooth BT-10,131,75980,10
C0303,P009,Starter Motor SM-700,29,432100,5
C0303,P010,Turbocharger TB-900,64,2233600,4
C0303,P011,Hydraulic Cylinder HC-200,23,634800,3
C0303,P012,Brake Pad BP-40,55,134750,6
C0303,P013,Seal Kit SK-15,147,213150,11
C0303,P014,Transmission Assembly TA-800,53,4425500,6
C0303,P015,Engine Block EB-600,50,5950000,4
C0303,P016,Radiator RD-250,11,112200,1
C0303,P017,Fan Belt FB-30,30,15600,5
C0303,P018,Wheel Rim WR-24,55,621500,8
C0303,P019,Swing Motor SWM-350,80,3184000,5
C0303,P020,Pivot Pin PP-12,135,155250,10
C0303,P021,Boom Cylinder BC-400,55,2541000,6
C0303,P022,Control Valve CV-75,13,219700,3
C0303,P023,Idler Wheel IW-55,104,1346800,9
C0303,P024,Track Roller TR-60,64,659200,5
C0303,P025,Cabin Glass CG-20,39,306150,4
C0303,P026,Grease Cartridge GC-5,61,18910,3
C0303,P027,O-Ring Set OR-50,23,11040,2
C0303,P028,Light Assembly LA-18,144,324000,9
C0303,P029,Pressure Sensor PS-90,74,292300,6
C0303,P030,Fuel Pump FP-350,34,744600,3
C0304,P001,Hydraulic Pump HP-300,93,2278500,10
C0304,P002,Engine Oil Filter OF-90,156,112320,10
C0304,P003,Air Filter AF-120,182,227500,17
C0304,P004,Track Chain TC-45,70,2786000,7
C0304,P005,Fuel Injector FI-220,180,1521000,11
C0304,P006,Alternator ALT-500,158,1769600,13
C0304,P007,Hydraulic Hose HH-60,122,176900,10
C0304,P008,Bucket Tooth BT-10,99,57420,9
C0304,P009,Starter Motor SM-700,133,1981700,10
C0304,P010,Turbocharger TB-900,190,6631000,14
C0304,P011,Hydraulic Cylinder HC-200,65,1794000,6
C0304,P012,Brake Pad BP-40,91,222950,7
C0304,P013,Seal Kit SK-15,80,116000,5
C0304,P014,Transmission Assembly TA-800,132,11022000,11
C0304,P015,Engine Block EB-600,137,16303000,12
C0304,P016,Radiator RD-250,176,1795200,11
C0304,P017,Fan Belt FB-30,113,58760,12
C0304,P018,Wheel Rim WR-24,107,1209100,11
C0304,P019,Swing Motor SWM-350,128,5094400,8
C0304,P020,Pivot Pin PP-12,127,146050,8
C0304,P021,Boom Cylinder BC-400,138,6375600,11
C0304,P022,Control Valve CV-75,129,2180100,11
C0304,P023,Idler Wheel IW-55,50,647500,3
C0304,P024,Track Roller TR-60,116,1194800,12
C0304,P025,Cabin Glass CG-20,176,1381600,14
C0304,P026,Grease Cartridge GC-5,129,39990,9
C0304,P027,O-Ring Set OR-50,94,45120,9
C0304,P028,Light Assembly LA-18,160,360000,13
C0304,P029,Pressure Sensor PS-90,87,343650,7
C0304,P030,Fuel Pump FP-350,172,3766800,14
C0305,P001,Hydraulic Pump HP-300,65,1592500,4
C0305,P002,Engine Oil Filter OF-90,26,18720,3
C0305,P003,Air Filter AF-120,36,45000,4
C0305,P004,Track Chain TC-45,84,3343200,6
C0305,P005,Fuel Injector FI-220,82,692900,8
C0305,P006,Alternator ALT-500,53,593600,5
C0305,P007,Hydraulic Hose HH-60,32,46400,3
C0305,P008,Bucket Tooth BT-10,28,16240,4
C0305,P009,Starter Motor SM-700,76,1132400,8
C0305,P010,Turbocharger TB-900,60,2094000,7
C0305,P011,Hydraulic Cylinder HC-200,44,1214400,3
C0305,P012,Brake Pad BP-40,35,85750,2
C0305,P013,Seal Kit SK-15,138,200100,11
C0305,P014,Transmission Assembly TA-800,51,4258500,6
C0305,P015,Engine Block EB-600,95,11305000,6
C0305,P016,Radiator RD-250,129,1315800,8
C0305,P017,Fan Belt FB-30,26,13520,2
C0305,P018,Wheel Rim WR-24,36,406800,4
C0305,P019,Swing Motor SWM-350,115,4577000,10
C0305,P020,Pivot Pin PP-12,62,71300,5
C0305,P021,Boom Cylinder BC-400,58,2679600,5
C0305,P022,Control Valve CV-75,31,523900,3
C0305,P023,Idler Wheel IW-55,89,1152550,7
C0305,P024,Track Roller TR-60,79,813700,7
C0305,P025,Cabin Glass CG-20,59,463150,6
C0305,P026,Grease Cartridge GC-5,25,7750,2
C0305,P027,O-Ring Set OR-50,106,50880,11
C0305,P028,Light Assembly LA-18,88,198000,8
C0305,P029,Pressure Sensor PS-90,146,576700,10
C0305,P030,Fuel Pump FP-350,90,1971000,7
C0306,P001,Hydraulic Pump HP-300,128,3136000,15
C0306,P002,Engine Oil Filter OF-90,79,56880,8
C0306,P003,Air Filter AF-120,96,120000,11
C0306,P004,Track Chain TC-45,199,7920200,12
C0306,P005,Fuel Injector FI-220,53,447850,7
C0306,P006,Alternator ALT-500,148,1657600,10
C0306,P007,Hydraulic Hose HH-60,119,172550,12
C0306,P008,Bucket Tooth BT-10,38,22040,4
C0306,P009,Starter Motor SM-700,51,759900,6
C0306,P010,Turbocharger TB-900,159,5549100,16
C0306,P011,Hydraulic Cylinder HC-200,111,3063600,6
C0306,P012,Brake Pad BP-40,55,134750,6
C0306,P013,Seal Kit SK-15,54,78300,7
C0306,P014,Transmission Assembly TA-800,117,9769500,10
C0306,P015,Engine Block EB-600,91,10829000,9
C0306,P016,Radiator RD-250,100,1020000,10
C0306,P017,Fan Belt FB-30,188,97760,13
C0306,P018,Wheel Rim WR-24,69,779700,7
C0306,P019,Swing Motor SWM-350,47,1870600,5
C0306,P020,Pivot Pin PP-12,115,132250,12
C0306,P021,Boom Cylinder BC-400,60,2772000,6
C0306,P022,Control Valve CV-75,66,1115400,7
C0306,P023,Idler Wheel IW-55,87,1126650,7
C0306,P024,Track Roller TR-60,127,1308100,11
C0306,P025,Cabin Glass CG-20,141,1106850,9
C0306,P026,Grease Cartridge GC-5,92,28520,7
C0306,P027,O-Ring Set OR-50,38,18240,3
C0306,P028,Light Assembly LA-18,104,234000,9
C0306,P029,Pressure Sensor PS-90,70,276500,8
C0306,P030,Fuel Pump FP-350,66,1445400,8
C0307,P001,Hydraulic Pump HP-300,81,1984500,7
C0307,P002,Engine Oil Filter OF-90,110,79200,11
C0307,P003,Air Filter AF-120,125,156250,9
C0307,P004,Track Chain TC-45,79,3144200,8
C0307,P005,Fuel Injector FI-220,165,1394250,14
C0307,P006,Alternator ALT-500,68,761600,7
C0307,P007,Hydraulic Hose HH-60,53,76850,7
C0307,P008,Bucket Tooth BT-10,76,44080,8
C0307,P009,Starter Motor SM-700,93,1385700,7
C0307,P010,Turbocharger TB-900,45,1570500,7
C0307,P011,Hydraulic Cylinder HC-200,178,4912800,14
C0307,P012,Brake Pad BP-40,129,316050,9
C0307,P013,Seal Kit SK-15,117,169650,8
C0307,P014,Transmission Assembly TA-800,87,7264500,9
C0307,P015,Engine Block EB-600,180,21420000,17
C0307,P016,Radiator RD-250,104,1060800,8
C0307,P017,Fan Belt FB-30,102,53040,7
C0307,P018,Wheel Rim WR-24,106,1197800,9
C0307,P019,Swing Motor SWM-350,178,7084400,12
C0307,P020,Pivot Pin PP-12,100,115000,9
C0307,P021,Boom Cylinder BC-400,164,7576800,12
C0307,P022,Control Valve CV-75,94,1588600,6
C0307,P023,Idler Wheel IW-55,41,530950,5
C0307,P024,Track Roller TR-60,120,1236000,9
C0307,P025,Cabin Glass CG-20,97,761450,9
C0307,P026,Grease Cartridge GC-5,124,38440,8
C0307,P027,O-Ring Set OR-50,166,79680,12
C0307,P028,Light Assembly LA-18,140,315000,13
C0307,P029,Pressure Sensor PS-90,66,260700,7
C0307,P030,Fuel Pump FP-350,103,2255700,8
C0308,P001,Hydraulic Pump HP-300,31,759500,6
C0308,P002,Engine Oil Filter OF-90,96,69120,7
C0308,P003,Air Filter AF-120,73,91250,7
C0308,P004,Track Chain TC-45,83,3303400,8
C0308,P005,Fuel Injector FI-220,51,430950,5
C0308,P006,Alternator ALT-500,59,660800,6
C0308,P007,Hydraulic Hose HH-60,119,172550,10
C0308,P008,Bucket Tooth BT-10,91,52780,10
C0308,P009,Starter Motor SM-700,61,908900,5
C0308,P010,Turbocharger TB-900,74,2582600,5
C0308,P011,Hydraulic Cylinder HC-200,106,2925600,8
C0308,P012,Brake Pad BP-40,65,159250,4
C0308,P013,Seal Kit SK-15,31,44950,4
C0308,P014,Transmission Assembly TA-800,49,4091500,5
C0308,P015,Engine Block EB-600,86,10234000,6
C0308,P016,Radiator RD-250,109,1111800,11
C0308,P017,Fan Belt FB-30,112,58240,8
C0308,P018,Wheel Rim WR-24,30,339000,4
C0308,P019,Swing Motor SWM-350,101,4019800,6
C0308,P020,Pivot Pin PP-12,116,133400,10
C0308,P021,Boom Cylinder BC-400,65,3003000,5
C0308,P022,Control Valve CV-75,94,1588600,8
C0308,P023,Idler Wheel IW-55,62,802900,5
C0308,P024,Track Roller TR-60,79,813700,7
C0308,P025,Cabin Glass CG-20,97,761450,10
C0308,P026,Grease Cartridge GC-5,51,15810,4
C0308,P027,O-Ring Set OR-50,129,61920,9
C0308,P028,Light Assembly LA-18,90,202500,7
C0308,P029,Pressure Sensor PS-90,41,161950,5
C0308,P030,Fuel Pump FP-350,120,2628000,10
C0309,P001,Hydraulic Pump HP-300,43,1053500,5
C0309,P002,Engine Oil Filter OF-90,73,52560,6
C0309,P003,Air Filter AF-120,60,75000,7
C0309,P004,Track Chain TC-45,70,2786000,6
C0309,P005,Fuel Injector FI-220,78,659100,10
C0309,P006,Alternator ALT-500,53,593600,5
C0309,P007,Hydraulic Hose HH-60,70,101500,7
C0309,P008,Bucket Tooth BT-10,79,45820,7
C0309,P009,Starter Motor SM-700,82,1221800,7
C0309,P010,Turbocharger TB-900,82,2861800,7
C0309,P011,Hydraulic Cylinder HC-200,49,1352400,5
C0309,P012,Brake Pad BP-40,62,151900,5
C0309,P013,Seal Kit SK-15,98,142100,9
C0309,P014,Transmission Assembly TA-800,73,6095500,6
C0309,P015,Engine Block EB-600,17,2023000,2
C0309,P016,Radiator RD-250,16,163200,2
C0309,P017,Fan Belt FB-30,107,55640,10
C0309,P018,Wheel Rim WR-24,74,836200,7
C0309,P019,Swing Motor SWM-350,36,1432800,4
C0309,P020,Pivot Pin PP-12,84,96600,7
C0309,P021,Boom Cylinder BC-400,85,3927000,4
C0309,P022,Control Valve CV-75,97,1639300,8
C0309,P023,Idler Wheel IW-55,70,906500,5
C0309,P024,Track Roller TR-60,36,370800,4
C0309,P025,Cabin Glass CG-20,95,745750,6
C0309,P026,Grease Cartridge GC-5,15,4650,2
C0309,P027,O-Ring Set OR-50,63,30240,5
C0309,P028,Light Assembly LA-18,67,150750,7
C0309,P029,Pressure Sensor PS-90,25,98750,4
C0309,P030,Fuel Pump FP-350,34,744600,5
C0310,P001,Hydraulic Pump HP-300,64,1568000,6
C0310,P002,Engine Oil Filter OF-90,98,70560,6
C0310,P003,Air Filter AF-120,92,115000,9
C0310,P004,Track Chain TC-45,39,1552200,6
C0310,P005,Fuel Injector FI-220,110,929500,9
C0310,P006,Alternator ALT-500,152,1702400,13
C0310,P007,Hydraulic Hose HH-60,101,146450,9
C0310,P008,Bucket Tooth BT-10,79,45820,10
C0310,P009,Starter Motor SM-700,126,1877400,10
C0310,P010,Turbocharger TB-900,40,1396000,4
C0310,P011,Hydraulic Cylinder HC-200,134,3698400,9
C0310,P012,Brake Pad BP-40,95,232750,6
C0310,P013,Seal Kit SK-15,88,127600,6
C0310,P014,Transmission Assembly TA-800,100,8350000,7
C0310,P015,Engine Block EB-600,107,12733000,10
C0310,P016,Radiator RD-250,90,918000,7
C0310,P017,Fan Belt FB-30,116,60320,11
C0310,P018,Wheel Rim WR-24,226,2553800,13
C0310,P019,Swing Motor SWM-350,103,4099400,11
C0310,P020,Pivot Pin PP-12,90,103500,9
C0310,P021,Boom Cylinder BC-400,60,2772000,10
C0310,P022,Control Valve CV-75,101,1706900,7
C0310,P023,Idler Wheel IW-55,58,751100,6
C0310,P024,Track Roller TR-60,83,854900,7
C0310,P025,Cabin Glass CG-20,78,612300,9
C0310,P026,Grease Cartridge GC-5,108,33480,9
C0310,P027,O-Ring Set OR-50,120,57600,12
C0310,P028,Light Assembly LA-18,142,319500,10
C0310,P029,Pressure Sensor PS-90,116,458200,9
C0310,P030,Fuel Pump FP-350,71,1554900,8
C0311,P001,Hydraulic Pump HP-300,102,2499000,8
C0311,P002,Engine Oil Filter OF-90,183,131760,14
C0311,P003,Air Filter AF-120,120,150000,14
C0311,P004,Track Chain TC-45,118,4696400,8
C0311,P005,Fuel Injector FI-220,96,811200,8
C0311,P006,Alternator ALT-500,119,1332800,9
C0311,P007,Hydraulic Hose HH-60,67,97150,6
C0311,P008,Bucket Tooth BT-10,74,42920,8
C0311,P009,Starter Motor SM-700,52,774800,3
C0311,P010,Turbocharger TB-900,142,4955800,13
C0311,P011,Hydraulic Cylinder HC-200,125,3450000,11
C0311,P012,Brake Pad BP-40,157,384650,10
C0311,P013,Seal Kit SK-15,103,149350,8
C0311,P014,Transmission Assembly TA-800,77,6429500,7
C0311,P015,Engine Block EB-600,116,13804000,11
C0311,P016,Radiator RD-250,130,1326000,12
C0311,P017,Fan Belt FB-30,81,42120,8
C0311,P018,Wheel Rim WR-24,140,1582000,12
C0311,P019,Swing Motor SWM-350,184,7323200,14
C0311,P020,Pivot Pin PP-12,76,87400,5
C0311,P021,Boom Cylinder BC-400,101,4666200,8
C0311,P022,Control Valve CV-75,107,1808300,12
C0311,P023,Idler Wheel IW-55,146,1890700,14
C0311,P024,Track Roller TR-60,71,731300,7
C0311,P025,Cabin Glass CG-20,85,667250,8
C0311,P026,Grease Cartridge GC-5,105,32550,10
C0311,P027,O-Ring Set OR-50,128,61440,9
C0311,P028,Light Assembly LA-18,66,148500,8
C0311,P029,Pressure Sensor PS-90,70,276500,5
C0311,P030,Fuel Pump FP-350,73,1598700,7
C0312,P001,Hydraulic Pump HP-300,83,2033500,7
C0312,P002,Engine Oil Filter OF-90,101,72720,8
C0312,P003,Air Filter AF-120,79,98750,8
C0312,P004,Track Chain TC-45,38,1512400,5
C0312,P005,Fuel Injector FI-220,73,616850,8
C0312,P006,Alternator ALT-500,83,929600,9
C0312,P007,Hydraulic Hose HH-60,92,133400,7
C0312,P008,Bucket Tooth BT-10,54,31320,5
C0312,P009,Starter Motor SM-700,127,1892300,8
C0312,P010,Turbocharger TB-900,99,3455100,10
C0312,P011,Hydraulic Cylinder HC-200,160,4416000,12
C0312,P012,Brake Pad BP-40,62,151900,5
C0312,P013,Seal Kit SK-15,165,239250,12
C0312,P014,Transmission Assembly TA-800,101,8433500,8
C0312,P015,Engine Block EB-600,90,10710000,7
C0312,P016,Radiator RD-250,75,765000,6
C0312,P017,Fan Belt FB-30,118,61360,11
C0312,P018,Wheel Rim WR-24,129,1457700,9
C0312,P019,Swing Motor SWM-350,98,3900400,10
C0312,P020,Pivot Pin PP-12,149,171350,10
C0312,P021,Boom Cylinder BC-400,126,5821200,10
C0312,P022,Control Valve CV-75,87,1470300,8
C0312,P023,Idler Wheel IW-55,82,1061900,8
C0312,P024,Track Roller TR-60,68,700400,4
C0312,P025,Cabin Glass CG-20,78,612300,6
C0312,P026,Grease Cartridge GC-5,111,34410,7
C0312,P027,O-Ring Set OR-50,126,60480,10
C0312,P028,Light Assembly LA-18,84,189000,7
C0312,P029,Pressure Sensor PS-90,51,201450,3
C0312,P030,Fuel Pump FP-350,77,1686300,9
C0313,P001,Hydraulic Pump HP-300,80,1960000,6
C0313,P002,Engine Oil Filter OF-90,22,15840,2
C0313,P003,Air Filter AF-120,79,98750,6
C0313,P004,Track Chain TC-45,132,5253600,9
C0313,P005,Fuel Injector FI-220,45,380250,3
C0313,P006,Alternator ALT-500,77,862400,6
C0313,P007,Hydraulic Hose HH-60,101,146450,7
C0313,P008,Bucket Tooth BT-10,80,46400,6
C0313,P009,Starter Motor SM-700,75,1117500,4
C0313,P010,Turbocharger TB-900,33,1151700,3
C0313,P011,Hydraulic Cylinder HC-200,42,1159200,4
C0313,P012,Brake Pad BP-40,73,178850,6
C0313,P013,Seal Kit SK-15,37,53650,4
C0313,P014,Transmission Assembly TA-800,27,2254500,4
C0313,P015,Engine Block EB-600,86,10234000,8
C0313,P016,Radiator RD-250,68,693600,6
C0313,P017,Fan Belt FB-30,87,45240,7
C0313,P018,Wheel Rim WR-24,29,327700,3
C0313,P019,Swing Motor SWM-350,88,3502400,9
C0313,P020,Pivot Pin PP-12,36,41400,2
C0313,P021,Boom Cylinder BC-400,124,5728800,8
C0313,P022,Control Valve CV-75,94,1588600,7
C0313,P023,Idler Wheel IW-55,60,777000,6
C0313,P024,Track Roller TR-60,111,1143300,10
C0313,P025,Cabin Glass CG-20,112,879200,8
C0313,P026,Grease Cartridge GC-5,85,26350,8
C0313,P027,O-Ring Set OR-50,122,58560,9
C0313,P028,Light Assembly LA-18,81,182250,5
C0313,P029,Pressure Sensor PS-90,45,177750,4
C0313,P030,Fuel Pump FP-350,74,1620600,10
C0314,P001,Hydraulic Pump HP-300,110,2695000,11
C0314,P002,Engine Oil Filter OF-90,67,48240,7
C0314,P003,Air Filter AF-120,102,127500,11
C0314,P004,Track Chain TC-45,82,3263600,6
C0314,P005,Fuel Injector FI-220,104,878800,8
C0314,P006,Alternator ALT-500,86,963200,8
C0314,P007,Hydraulic Hose HH-60,81,117450,10
C0314,P008,Bucket Tooth BT-10,107,62060,10
C0314,P009,Starter Motor SM-700,71,1057900,7
C0314,P010,Turbocharger TB-900,54,1884600,6
C0314,P011,Hydraulic Cylinder HC-200,110,3036000,9
C0314,P012,Brake Pad BP-40,30,73500,3
C0314,P013,Seal Kit SK-15,98,142100,11
C0314,P014,Transmission Assembly TA-800,73,6095500,8
C0314,P015,Engine Block EB-600,151,17969000,11
C0314,P016,Radiator RD-250,187,1907400,11
C0314,P017,Fan Belt FB-30,102,53040,9
C0314,P018,Wheel Rim WR-24,200,2260000,14
C0314,P019,Swing Motor SWM-350,61,2427800,8
C0314,P020,Pivot Pin PP-12,91,104650,9
C0314,P021,Boom Cylinder BC-400,75,3465000,8
C0314,P022,Control Valve CV-75,115,1943500,9
C0314,P023,Idler Wheel IW-55,70,906500,5
C0314,P024,Track Roller TR-60,63,648900,7
C0314,P025,Cabin Glass CG-20,96,753600,8
C0314,P026,Grease Cartridge GC-5,91,28210,11
C0314,P027,O-Ring Set OR-50,72,34560,7
C0314,P028,Light Assembly LA-18,93,209250,7
C0314,P029,Pressure Sensor PS-90,148,584600,12
C0314,P030,Fuel Pump FP-350,39,854100,4
C0315,P001,Hydraulic Pump HP-300,126,3087000,10
C0315,P002,Engine Oil Filter OF-90,85,61200,9
C0315,P003,Air Filter AF-120,119,148750,9
C0315,P004,Track Chain TC-45,60,2388000,5
C0315,P005,Fuel Injector FI-220,109,921050,9
C0315,P006,Alternator ALT-500,66,739200,4
C0315,P007,Hydraulic Hose HH-60,71,102950,5
C0315,P008,Bucket Tooth BT-10,111,64380,7
C0315,P009,Starter Motor SM-700,86,1281400,6
C0315,P010,Turbocharger TB-900,52,1814800,8
C0315,P011,Hydraulic Cylinder HC-200,91,2511600,8
C0315,P012,Brake Pad BP-40,105,257250,10
C0315,P013,Seal Kit SK-15,42,60900,4
C0315,P014,Transmission Assembly TA-800,46,3841000,6
C0315,P015,Engine Block EB-600,102,12138000,9
C0315,P016,Radiator RD-250,62,632400,7
C0315,P017,Fan Belt FB-30,154,80080,11
C0315,P018,Wheel Rim WR-24,90,1017000,9
C0315,P019,Swing Motor SWM-350,76,3024800,6
C0315,P020,Pivot Pin PP-12,149,171350,10
C0315,P021,Boom Cylinder BC-400,176,8131200,15
C0315,P022,Control Valve CV-75,101,1706900,9
C0315,P023,Idler Wheel IW-55,72,932400,6
C0315,P024,Track Roller TR-60,105,1081500,7
C0315,P025,Cabin Glass CG-20,110,863500,10
C0315,P026,Grease Cartridge GC-5,88,27280,9
C0315,P027,O-Ring Set OR-50,108,51840,9
C0315,P028,Light Assembly LA-18,87,195750,7
C0315,P029,Pressure Sensor PS-90,74,292300,9
C0315,P030,Fuel Pump FP-350,111,2430900,10
C0316,P001,Hydraulic Pump HP-300,35,857500,5
C0316,P002,Engine Oil Filter OF-90,139,100080,10
C0316,P003,Air Filter AF-120,63,78750,8
C0316,P004,Track Chain TC-45,110,4378000,9
C0316,P005,Fuel Injector FI-220,78,659100,7
C0316,P006,Alternator ALT-500,75,840000,8
C0316,P007,Hydraulic Hose HH-60,93,134850,7
C0316,P008,Bucket Tooth BT-10,49,28420,3
C0316,P009,Starter Motor SM-700,31,461900,5
C0316,P010,Turbocharger TB-900,51,1779900,8
C0316,P011,Hydraulic Cylinder HC-200,84,2318400,6
C0316,P012,Brake Pad BP-40,48,117600,5
C0316,P013,Seal Kit SK-15,67,97150,5
C0316,P014,Transmission Assembly TA-800,64,5344000,7
C0316,P015,Engine Block EB-600,57,6783000,8
C0316,P016,Radiator RD-250,81,826200,5
C0316,P017,Fan Belt FB-30,40,20800,3
C0316,P018,Wheel Rim WR-24,66,745800,6
C0316,P019,Swing Motor SWM-350,109,4338200,8
C0316,P020,Pivot Pin PP-12,14,16100,5
C0316,P021,Boom Cylinder BC-400,62,2864400,4
C0316,P022,Control Valve CV-75,30,507000,5
C0316,P023,Idler Wheel IW-55,112,1450400,10
C0316,P024,Track Roller TR-60,107,1102100,7
C0316,P025,Cabin Glass CG-20,139,1091150,10
C0316,P026,Grease Cartridge GC-5,51,15810,5
C0316,P027,O-Ring Set OR-50,69,33120,6
C0316,P028,Light Assembly LA-18,56,126000,5
C0316,P029,Pressure Sensor PS-90,69,272550,6
C0316,P030,Fuel Pump FP-350,131,2868900,8
C0317,P001,Hydraulic Pump HP-300,140,3430000,12
C0317,P002,Engine Oil Filter OF-90,79,56880,6
C0317,P003,Air Filter AF-120,86,107500,5
C0317,P004,Track Chain TC-45,60,2388000,7
C0317,P005,Fuel Injector FI-220,85,718250,8
C0317,P006,Alternator ALT-500,102,1142400,7
C0317,P007,Hydraulic Hose HH-60,71,102950,6
C0317,P008,Bucket Tooth BT-10,88,51040,5
C0317,P009,Starter Motor SM-700,54,804600,6
C0317,P010,Turbocharger TB-900,64,2233600,6
C0317,P011,Hydraulic Cylinder HC-200,39,1076400,5
C0317,P012,Brake Pad BP-40,90,220500,10
C0317,P013,Seal Kit SK-15,83,120350,7
C0317,P014,Transmission Assembly TA-800,81,6763500,6
C0317,P015,Engine Block EB-600,58,6902000,5
C0317,P016,Radiator RD-250,112,1142400,9
C0317,P017,Fan Belt FB-30,127,66040,11
C0317,P018,Wheel Rim WR-24,35,395500,4
C0317,P019,Swing Motor SWM-350,69,2746200,5
C0317,P020,Pivot Pin PP-12,68,78200,7
C0317,P021,Boom Cylinder BC-400,80,3696000,4
C0317,P022,Control Valve CV-75,101,1706900,9
C0317,P023,Idler Wheel IW-55,71,919450,6
C0317,P024,Track Roller TR-60,93,957900,6
C0317,P025,Cabin Glass CG-20,100,785000,10
C0317,P026,Grease Cartridge GC-5,165,51150,12
C0317,P027,O-Ring Set OR-50,67,32160,6
C0317,P028,Light Assembly LA-18,96,216000,9
C0317,P029,Pressure Sensor PS-90,88,347600,9
C0317,P030,Fuel Pump FP-350,77,1686300,7
C0318,P001,Hydraulic Pump HP-300,109,2670500,10
C0318,P002,Engine Oil Filter OF-90,79,56880,7
C0318,P003,Air Filter AF-120,101,126250,8
C0318,P004,Track Chain TC-45,83,3303400,6
C0318,P005,Fuel Injector FI-220,97,819650,8
C0318,P006,Alternator ALT-500,139,1556800,10
C0318,P007,Hydraulic Hose HH-60,161,233450,10
C0318,P008,Bucket Tooth BT-10,94,54520,7
C0318,P009,Starter Motor SM-700,123,1832700,10
C0318,P010,Turbocharger TB-900,67,2338300,7
C0318,P011,Hydraulic Cylinder HC-200,50,1380000,5
C0318,P012,Brake Pad BP-40,100,245000,12
C0318,P013,Seal Kit SK-15,76,110200,5
C0318,P014,Transmission Assembly TA-800,118,9853000,9
C0318,P015,Engine Block EB-600,112,13328000,10
C0318,P016,Radiator RD-250,47,479400,5
C0318,P017,Fan Belt FB-30,138,71760,11
C0318,P018,Wheel Rim WR-24,59,666700,7
C0318,P019,Swing Motor SWM-350,188,7482400,12
C0318,P020,Pivot Pin PP-12,107,123050,11
C0318,P021,Boom Cylinder BC-400,109,5035800,9
C0318,P022,Control Valve CV-75,46,777400,6
C0318,P023,Idler Wheel IW-55,66,854700,6
C0318,P024,Track Roller TR-60,158,1627400,11
C0318,P025,Cabin Glass CG-20,21,164850,2
C0318,P026,Grease Cartridge GC-5,77,23870,6
C0318,P027,O-Ring Set OR-50,91,43680,7
C0318,P028,Light Assembly LA-18,138,310500,7
C0318,P029,Pressure Sensor PS-90,112,442400,10
C0318,P030,Fuel Pump FP-350,91,1992900,10
C0319,P001,Hydraulic Pump HP-300,141,3454500,12
C0319,P002,Engine Oil Filter OF-90,117,84240,10
C0319,P003,Air Filter AF-120,158,197500,11
C0319,P004,Track Chain TC-45,140,5572000,8
C0319,P005,Fuel Injector FI-220,103,870350,10
C0319,P006,Alternator ALT-500,84,940800,7
C0319,P007,Hydraulic Hose HH-60,116,168200,9
C0319,P008,Bucket Tooth BT-10,42,24360,5
C0319,P009,Starter Motor SM-700,122,1817800,8
C0319,P010,Turbocharger TB-900,92,3210800,9
C0319,P011,Hydraulic Cylinder HC-200,117,3229200,7
C0319,P012,Brake Pad BP-40,139,340550,12
C0319,P013,Seal Kit SK-15,62,89900,6
C0319,P014,Transmission Assembly TA-800,111,9268500,6
C0319,P015,Engine Block EB-600,58,6902000,6
C0319,P016,Radiator RD-250,35,357000,5
C0319,P017,Fan Belt FB-30,119,61880,11
C0319,P018,Wheel Rim WR-24,27,305100,5
C0319,P019,Swing Motor SWM-350,113,4497400,11
C0319,P020,Pivot Pin PP-12,50,57500,5
C0319,P021,Boom Cylinder BC-400,114,5266800,7
C0319,P022,Control Valve CV-75,165,2788500,14
C0319,P023,Idler Wheel IW-55,71,919450,6
C0319,P024,Track Roller TR-60,116,1194800,8
C0319,P025,Cabin Glass CG-20,51,400350,6
C0319,P026,Grease Cartridge GC-5,79,24490,9
C0319,P027,O-Ring Set OR-50,92,44160,8
C0319,P028,Light Assembly LA-18,53,119250,5
C0319,P029,Pressure Sensor PS-90,162,639900,10
C0319,P030,Fuel Pump FP-350,87,1905300,6
C0320,P001,Hydraulic Pump HP-300,124,3038000,8
C0320,P002,Engine Oil Filter OF-90,107,77040,8
C0320,P003,Air Filter AF-120,92,115000,7
C0320,P004,Track Chain TC-45,97,3860600,9
C0320,P005,Fuel Injector FI-220,16,135200,1
C0320,P006,Alternator ALT-500,56,627200,7
C0320,P007,Hydraulic Hose HH-60,109,158050,9
C0320,P008,Bucket Tooth BT-10,53,30740,4
C0320,P009,Starter Motor SM-700,63,938700,6
C0320,P010,Turbocharger TB-900,3,104700,1
C0320,P011,Hydraulic Cylinder HC-200,40,1104000,5
C0320,P012,Brake Pad BP-40,85,208250,6
C0320,P013,Seal Kit SK-15,60,87000,5
C0320,P014,Transmission Assembly TA-800,111,9268500,10
C0320,P015,Engine Block EB-600,88,10472000,9
C0320,P016,Radiator RD-250,54,550800,6
C0320,P017,Fan Belt FB-30,82,42640,5
C0320,P018,Wheel Rim WR-24,34,384200,6
C0320,P019,Swing Motor SWM-350,67,2666600,7
C0320,P020,Pivot Pin PP-12,71,81650,7
C0320,P021,Boom Cylinder BC-400,54,2494800,4
C0320,P022,Control Valve CV-75,105,1774500,8
C0320,P023,Idler Wheel IW-55,52,673400,5
C0320,P024,Track Roller TR-60,91,937300,10
C0320,P025,Cabin Glass CG-20,38,298300,3
C0320,P026,Grease Cartridge GC-5,64,19840,4
C0320,P027,O-Ring Set OR-50,88,42240,7
C0320,P028,Light Assembly LA-18,90,202500,7
C0320,P029,Pressure Sensor PS-90,51,201450,5
C0320,P030,Fuel Pump FP-350,101,2211900,10
C0321,P001,Hydraulic Pump HP-300,82,2009000,8
C0321,P002,Engine Oil Filter OF-90,145,104400,12
C0321,P003,Air Filter AF-120,96,120000,9
C0321,P004,Track Chain TC-45,170,6766000,12
C0321,P005,Fuel Injector FI-220,149,1259050,13
C0321,P006,Alternator ALT-500,52,582400,7
C0321,P007,Hydraulic Hose HH-60,114,165300,12
C0321,P008,Bucket Tooth BT-10,89,51620,8
C0321,P009,Starter Motor SM-700,73,1087700,6
C0321,P010,Turbocharger TB-900,35,1221500,4
C0321,P011,Hydraulic Cylinder HC-200,100,2760000,10
C0321,P012,Brake Pad BP-40,80,196000,6
C0321,P013,Seal Kit SK-15,141,204450,13
C0321,P014,Transmission Assembly TA-800,78,6513000,7
C0321,P015,Engine Block EB-600,83,9877000,8
C0321,P016,Radiator RD-250,34,346800,4
C0321,P017,Fan Belt FB-30,123,63960,10
C0321,P018,Wheel Rim WR-24,96,1084800,10
C0321,P019,Swing Motor SWM-350,68,2706400,5
C0321,P020,Pivot Pin PP-12,70,80500,6
C0321,P021,Boom Cylinder BC-400,89,4111800,6
C0321,P022,Control Valve CV-75,62,1047800,6
C0321,P023,Idler Wheel IW-55,54,699300,7
C0321,P024,Track Roller TR-60,72,741600,8
C0321,P025,Cabin Glass CG-20,152,1193200,12
C0321,P026,Grease Cartridge GC-5,161,49910,11
C0321,P027,O-Ring Set OR-50,52,24960,6
C0321,P028,Light Assembly LA-18,96,216000,9
C0321,P029,Pressure Sensor PS-90,51,201450,4
C0321,P030,Fuel Pump FP-350,146,3197400,11
C0322,P001,Hydraulic Pump HP-300,60,1470000,5
C0322,P002,Engine Oil Filter OF-90,42,30240,4
C0322,P003,Air Filter AF-120,10,12500,3
C0322,P004,Track Chain TC-45,76,3024800,6
C0322,P005,Fuel Injector FI-220,32,270400,3
C0322,P006,Alternator ALT-500,96,1075200,9
C0322,P007,Hydraulic Hose HH-60,69,100050,5
C0322,P008,Bucket Tooth BT-10,108,62640,8
C0322,P009,Starter Motor SM-700,28,417200,3
C0322,P010,Turbocharger TB-900,65,2268500,8
C0322,P011,Hydraulic Cylinder HC-200,80,2208000,6
C0322,P012,Brake Pad BP-40,122,298900,10
C0322,P013,Seal Kit SK-15,97,140650,8
C0322,P014,Transmission Assembly TA-800,48,4008000,4
C0322,P015,Engine Block EB-600,59,7021000,6
C0322,P016,Radiator RD-250,66,673200,5
C0322,P017,Fan Belt FB-30,68,35360,7
C0322,P018,Wheel Rim WR-24,82,926600,6
C0322,P019,Swing Motor SWM-350,18,716400,3
C0322,P020,Pivot Pin PP-12,61,70150,5
C0322,P021,Boom Cylinder BC-400,52,2402400,5
C0322,P022,Control Valve CV-75,117,1977300,8
C0322,P023,Idler Wheel IW-55,26,336700,6
C0322,P024,Track Roller TR-60,42,432600,4
C0322,P025,Cabin Glass CG-20,81,635850,6
C0322,P026,Grease Cartridge GC-5,77,23870,6
C0322,P027,O-Ring Set OR-50,108,51840,8
C0322,P028,Light Assembly LA-18,76,171000,6
C0322,P029,Pressure Sensor PS-90,61,240950,4
C0322,P030,Fuel Pump FP-350,68,1489200,7
C0323,P001,Hydraulic Pump HP-300,84,2058000,7
C0323,P002,Engine Oil Filter OF-90,94,67680,8
C0323,P003,Air Filter AF-120,84,105000,7
C0323,P004,Track Chain TC-45,137,5452600,9
C0323,P005,Fuel Injector FI-220,136,1149200,10
C0323,P006,Alternator ALT-500,110,1232000,8
C0323,P007,Hydraulic Hose HH-60,126,182700,9
C0323,P008,Bucket Tooth BT-10,91,52780,7
C0323,P009,Starter Motor SM-700,63,938700,6
C0323,P010,Turbocharger TB-900,35,1221500,6
C0323,P011,Hydraulic Cylinder HC-200,61,1683600,7
C0323,P012,Brake Pad BP-40,97,237650,10
C0323,P013,Seal Kit SK-15,46,66700,5
C0323,P014,Transmission Assembly TA-800,39,3256500,4
C0323,P015,Engine Block EB-600,114,13566000,11
C0323,P016,Radiator RD-250,94,958800,7
C0323,P017,Fan Belt FB-30,58,30160,5
C0323,P018,Wheel Rim WR-24,55,621500,4
C0323,P019,Swing Motor SWM-350,32,1273600,3
C0323,P020,Pivot Pin PP-12,96,110400,8
C0323,P021,Boom Cylinder BC-400,118,5451600,9
C0323,P022,Control Valve CV-75,110,1859000,9
C0323,P023,Idler Wheel IW-55,90,1165500,8
C0323,P024,Track Roller TR-60,87,896100,9
C0323,P025,Cabin Glass CG-20,77,604450,10
C0323,P026,Grease Cartridge GC-5,103,31930,11
C0323,P027,O-Ring Set OR-50,83,39840,7
C0323,P028,Light Assembly LA-18,108,243000,9
C0323,P029,Pressure Sensor PS-90,131,517450,11
C0323,P030,Fuel Pump FP-350,14,306600,3
C0324,P001,Hydraulic Pump HP-300,74,1813000,7
C0324,P002,Engine Oil Filter OF-90,107,77040,10
C0324,P003,Air Filter AF-120,107,133750,9
C0324,P004,Track Chain TC-45,57,2268600,5
C0324,P005,Fuel Injector FI-220,32,270400,4
C0324,P006,Alternator ALT-500,146,1635200,10
C0324,P007,Hydraulic Hose HH-60,143,207350,12
C0324,P008,Bucket Tooth BT-10,111,64380,9
C0324,P009,Starter Motor SM-700,42,625800,6
C0324,P010,Turbocharger TB-900,94,3280600,8
C0324,P011,Hydraulic Cylinder HC-200,89,2456400,6
C0324,P012,Brake Pad BP-40,88,215600,8
C0324,P013,Seal Kit SK-15,103,149350,7
C0324,P014,Transmission Assembly TA-800,122,10187000,10
C0324,P015,Engine Block EB-600,41,4879000,5
C0324,P016,Radiator RD-250,64,652800,6
C0324,P017,Fan Belt FB-30,117,60840,9
C0324,P018,Wheel Rim WR-24,100,1130000,9
C0324,P019,Swing Motor SWM-350,95,3781000,5
C0324,P020,Pivot Pin PP-12,66,75900,6
C0324,P021,Boom Cylinder BC-400,85,3927000,7
C0324,P022,Control Valve CV-75,48,811200,5
C0324,P023,Idler Wheel IW-55,24,310800,4
C0324,P024,Track Roller TR-60,81,834300,8
C0324,P025,Cabin Glass CG-20,99,777150,9
C0324,P026,Grease Cartridge GC-5,51,15810,4
C0324,P027,O-Ring Set OR-50,110,52800,7
C0324,P028,Light Assembly LA-18,48,108000,5
C0324,P029,Pressure Sensor PS-90,150,592500,12
C0324,P030,Fuel Pump FP-350,91,1992900,6
C0325,P001,Hydraulic Pump HP-300,34,833000,3
C0325,P002,Engine Oil Filter OF-90,41,29520,5
C0325,P003,Air Filter AF-120,32,40000,4
C0325,P004,Track Chain TC-45,101,4019800,8
C0325,P005,Fuel Injector FI-220,32,270400,3
C0325,P006,Alternator ALT-500,49,548800,4
C0325,P007,Hydraulic Hose HH-60,49,71050,4
C0325,P008,Bucket Tooth BT-10,101,58580,6
C0325,P009,Starter Motor SM-700,94,1400600,10
C0325,P010,Turbocharger TB-900,50,1745000,4
C0325,P011,Hydraulic Cylinder HC-200,64,1766400,5
C0325,P012,Brake Pad BP-40,38,93100,5
C0325,P013,Seal Kit SK-15,94,136300,8
C0325,P014,Transmission Assembly TA-800,70,5845000,5
C0325,P015,Engine Block EB-600,125,14875000,8
C0325,P016,Radiator RD-250,78,795600,6
C0325,P017,Fan Belt FB-30,19,9880,3
C0325,P018,Wheel Rim WR-24,44,497200,4
C0325,P019,Swing Motor SWM-350,59,2348200,6
C0325,P020,Pivot Pin PP-12,54,62100,5
C0325,P021,Boom Cylinder BC-400,71,3280200,9
C0325,P022,Control Valve CV-75,138,2332200,9
C0325,P023,Idler Wheel IW-55,28,362600,5
C0325,P024,Track Roller TR-60,73,751900,7
C0325,P025,Cabin Glass CG-20,110,863500,6
C0325,P026,Grease Cartridge GC-5,46,14260,4
C0325,P027,O-Ring Set OR-50,24,11520,4
C0325,P028,Light Assembly LA-18,36,81000,4
C0325,P029,Pressure Sensor PS-90,49,193550,6
C0325,P030,Fuel Pump FP-350,55,1204500,5
C0326,P001,Hydraulic Pump HP-300,96,2352000,9
C0326,P002,Engine Oil Filter OF-90,82,59040,7
C0326,P003,Air Filter AF-120,82,102500,6
C0326,P004,Track Chain TC-45,126,5014800,8
C0326,P005,Fuel Injector FI-220,81,684450,7
C0326,P006,Alternator ALT-500,148,1657600,12
C0326,P007,Hydraulic Hose HH-60,133,192850,14
C0326,P008,Bucket Tooth BT-10,117,67860,13
C0326,P009,Starter Motor SM-700,58,864200,6
C0326,P010,Turbocharger TB-900,151,5269900,14
C0326,P011,Hydraulic Cylinder HC-200,101,2787600,9
C0326,P012,Brake Pad BP-40,111,271950,11
C0326,P013,Seal Kit SK-15,105,152250,11
C0326,P014,Transmission Assembly TA-800,106,8851000,10
C0326,P015,Engine Block EB-600,98,11662000,7
C0326,P016,Radiator RD-250,74,754800,8
C0326,P017,Fan Belt FB-30,104,54080,10
C0326,P018,Wheel Rim WR-24,64,723200,6
C0326,P019,Swing Motor SWM-350,100,3980000,8
C0326,P020,Pivot Pin PP-12,221,254150,18
C0326,P021,Boom Cylinder BC-400,79,3649800,7
C0326,P022,Control Valve CV-75,72,1216800,7
C0326,P023,Idler Wheel IW-55,79,1023050,9
C0326,P024,Track Roller TR-60,125,1287500,9
C0326,P025,Cabin Glass CG-20,83,651550,6
C0326,P026,Grease Cartridge GC-5,60,18600,8
C0326,P027,O-Ring Set OR-50,88,42240,8
C0326,P028,Light Assembly LA-18,149,335250,14
C0326,P029,Pressure Sensor PS-90,97,383150,7
C0326,P030,Fuel Pump FP-350,45,985500,12
C0327,P001,Hydraulic Pump HP-300,114,2793000,8
C0327,P002,Engine Oil Filter OF-90,131,94320,9
C0327,P003,Air Filter AF-120,35,43750,4
C0327,P004,Track Chain TC-45,112,4457600,10
C0327,P005,Fuel Injector FI-220,109,921050,8
C0327,P006,Alternator ALT-500,73,817600,7
C0327,P007,Hydraulic Hose HH-60,72,104400,5
C0327,P008,Bucket Tooth BT-10,113,65540,8
C0327,P009,Starter Motor SM-700,196,2920400,12
C0327,P010,Turbocharger TB-900,136,4746400,13
C0327,P011,Hydraulic Cylinder HC-200,69,1904400,6
C0327,P012,Brake Pad BP-40,84,205800,6
C0327,P013,Seal Kit SK-15,41,59450,5
C0327,P014,Transmission Assembly TA-800,52,4342000,5
C0327,P015,Engine Block EB-600,77,9163000,8
C0327,P016,Radiator RD-250,143,1458600,11
C0327,P017,Fan Belt FB-30,123,63960,10
C0327,P018,Wheel Rim WR-24,66,745800,6
C0327,P019,Swing Motor SWM-350,56,2228800,7
C0327,P020,Pivot Pin PP-12,70,80500,6
C0327,P021,Boom Cylinder BC-400,100,4620000,6
C0327,P022,Control Valve CV-75,88,1487200,6
C0327,P023,Idler Wheel IW-55,46,595700,3
C0327,P024,Track Roller TR-60,101,1040300,7
C0327,P025,Cabin Glass CG-20,32,251200,7
C0327,P026,Grease Cartridge GC-5,71,22010,7
C0327,P027,O-Ring Set OR-50,118,56640,16
C0327,P028,Light Assembly LA-18,65,146250,5
C0327,P029,Pressure Sensor PS-90,82,323900,9
C0327,P030,Fuel Pump FP-350,143,3131700,11
C0328,P001,Hydraulic Pump HP-300,35,857500,4
C0328,P002,Engine Oil Filter OF-90,60,43200,7
C0328,P003,Air Filter AF-120,147,183750,10
C0328,P004,Track Chain TC-45,52,2069600,4
C0328,P005,Fuel Injector FI-220,75,633750,6
C0328,P006,Alternator ALT-500,68,761600,7
C0328,P007,Hydraulic Hose HH-60,197,285650,14
C0328,P008,Bucket Tooth BT-10,83,48140,8
C0328,P009,Starter Motor SM-700,102,1519800,7
C0328,P010,Turbocharger TB-900,119,4153100,9
C0328,P011,Hydraulic Cylinder HC-200,117,3229200,10
C0328,P012,Brake Pad BP-40,80,196000,7
C0328,P013,Seal Kit SK-15,57,82650,6
C0328,P014,Transmission Assembly TA-800,148,12358000,11
C0328,P015,Engine Block EB-600,112,13328000,8
C0328,P016,Radiator RD-250,87,887400,9
C0328,P017,Fan Belt FB-30,110,57200,8
C0328,P018,Wheel Rim WR-24,77,870100,7
C0328,P019,Swing Motor SWM-350,64,2547200,7
C0328,P020,Pivot Pin PP-12,42,48300,4
C0328,P021,Boom Cylinder BC-400,65,3003000,8
C0328,P022,Control Valve CV-75,79,1335100,9
C0328,P023,Idler Wheel IW-55,75,971250,6
C0328,P024,Track Roller TR-60,107,1102100,9
C0328,P025,Cabin Glass CG-20,90,706500,6
C0328,P026,Grease Cartridge GC-5,82,25420,7
C0328,P027,O-Ring Set OR-50,14,6720,3
C0328,P028,Light Assembly LA-18,150,337500,13
C0328,P029,Pressure Sensor PS-90,181,714950,11
C0328,P030,Fuel Pump FP-350,57,1248300,5
C0329,P001,Hydraulic Pump HP-300,52,1274000,8
C0329,P002,Engine Oil Filter OF-90,118,84960,9
C0329,P003,Air Filter AF-120,49,61250,8
C0329,P004,Track Chain TC-45,109,4338200,6
C0329,P005,Fuel Injector FI-220,108,912600,12
C0329,P006,Alternator ALT-500,57,638400,6
C0329,P007,Hydraulic Hose HH-60,79,114550,6
C0329,P008,Bucket Tooth BT-10,22,12760,2
C0329,P009,Starter Motor SM-700,156,2324400,12
C0329,P010,Turbocharger TB-900,94,3280600,7
C0329,P011,Hydraulic Cylinder HC-200,84,2318400,8
C0329,P012,Brake Pad BP-40,56,137200,8
C0329,P013,Seal Kit SK-15,78,113100,7
C0329,P014,Transmission Assembly TA-800,83,6930500,7
C0329,P015,Engine Block EB-600,127,15113000,9
C0329,P016,Radiator RD-250,54,550800,5
C0329,P017,Fan Belt FB-30,81,42120,6
C0329,P018,Wheel Rim WR-24,101,1141300,8
C0329,P019,Swing Motor SWM-350,35,1393000,4
C0329,P020,Pivot Pin PP-12,64,73600,7
C0329,P021,Boom Cylinder BC-400,58,2679600,5
C0329,P022,Control Valve CV-75,117,1977300,8
C0329,P023,Idler Wheel IW-55,115,1489250,11
C0329,P024,Track Roller TR-60,39,401700,6
C0329,P025,Cabin Glass CG-20,67,525950,7
C0329,P026,Grease Cartridge GC-5,140,43400,8
C0329,P027,O-Ring Set OR-50,84,40320,7
C0329,P028,Light Assembly LA-18,62,139500,6
C0329,P029,Pressure Sensor PS-90,107,422650,8
C0329,P030,Fuel Pump FP-350,84,1839600,6
C0330,P001,Hydraulic Pump HP-300,112,2744000,8
C0330,P002,Engine Oil Filter OF-90,109,78480,7
C0330,P003,Air Filter AF-120,91,113750,7
C0330,P004,Track Chain TC-45,63,2507400,7
C0330,P005,Fuel Injector FI-220,111,937950,10
C0330,P006,Alternator ALT-500,115,1288000,8
C0330,P007,Hydraulic Hose HH-60,74,107300,7
C0330,P008,Bucket Tooth BT-10,70,40600,9
C0330,P009,Starter Motor SM-700,96,1430400,9
C0330,P010,Turbocharger TB-900,116,4048400,9
C0330,P011,Hydraulic Cylinder HC-200,64,1766400,7
C0330,P012,Brake Pad BP-40,104,254800,8
C0330,P013,Seal Kit SK-15,235,340750,18
C0330,P014,Transmission Assembly TA-800,87,7264500,5
C0330,P015,Engine Block EB-600,53,6307000,4
C0330,P016,Radiator RD-250,79,805800,7
C0330,P017,Fan Belt FB-30,52,27040,5
C0330,P018,Wheel Rim WR-24,137,1548100,11
C0330,P019,Swing Motor SWM-350,64,2547200,4
C0330,P020,Pivot Pin PP-12,107,123050,8
C0330,P021,Boom Cylinder BC-400,85,3927000,8
C0330,P022,Control Valve CV-75,60,1014000,6
C0330,P023,Idler Wheel IW-55,51,660450,6
C0330,P024,Track Roller TR-60,186,1915800,10
C0330,P025,Cabin Glass CG-20,151,1185350,11
C0330,P026,Grease Cartridge GC-5,50,15500,3
C0330,P027,O-Ring Set OR-50,70,33600,7
C0330,P028,Light Assembly LA-18,77,173250,7
C0330,P029,Pressure Sensor PS-90,92,363400,11
C0330,P030,Fuel Pump FP-350,102,2233800,9
C0331,P001,Hydraulic Pump HP-300,203,4973500,17
C0331,P002,Engine Oil Filter OF-90,132,95040,9
C0331,P003,Air Filter AF-120,70,87500,7
C0331,P004,Track Chain TC-45,26,1034800,3
C0331,P005,Fuel Injector FI-220,145,1225250,12
C0331,P006,Alternator ALT-500,155,1736000,15
C0331,P007,Hydraulic Hose HH-60,142,205900,11
C0331,P008,Bucket Tooth BT-10,138,80040,9
C0331,P009,Starter Motor SM-700,92,1370800,9
C0331,P010,Turbocharger TB-900,70,2443000,6
C0331,P011,Hydraulic Cylinder HC-200,74,2042400,6
C0331,P012,Brake Pad BP-40,166,406700,14
C0331,P013,Seal Kit SK-15,83,120350,9
C0331,P014,Transmission Assembly TA-800,73,6095500,7
C0331,P015,Engine Block EB-600,107,12733000,8
C0331,P016,Radiator RD-250,180,1836000,15
C0331,P017,Fan Belt FB-30,108,56160,9
C0331,P018,Wheel Rim WR-24,106,1197800,9
C0331,P019,Swing Motor SWM-350,86,3422800,9
C0331,P020,Pivot Pin PP-12,206,236900,10
C0331,P021,Boom Cylinder BC-400,113,5220600,11
C0331,P022,Control Valve CV-75,89,1504100,9
C0331,P023,Idler Wheel IW-55,105,1359750,8
C0331,P024,Track Roller TR-60,133,1369900,10
C0331,P025,Cabin Glass CG-20,148,1161800,10
C0331,P026,Grease Cartridge GC-5,111,34410,10
C0331,P027,O-Ring Set OR-50,113,54240,9
C0331,P028,Light Assembly LA-18,117,263250,9
C0331,P029,Pressure Sensor PS-90,53,209350,6
C0331,P030,Fuel Pump FP-350,90,1971000,8
C0332,P001,Hydraulic Pump HP-300,28,686000,4
C0332,P002,Engine Oil Filter OF-90,119,85680,9
C0332,P003,Air Filter AF-120,120,150000,7
C0332,P004,Track Chain TC-45,75,2985000,6
C0332,P005,Fuel Injector FI-220,94,794300,7
C0332,P006,Alternator ALT-500,59,660800,6
C0332,P007,Hydraulic Hose HH-60,90,130500,7
C0332,P008,Bucket Tooth BT-10,42,24360,5
C0332,P009,Starter Motor SM-700,72,1072800,7
C0332,P010,Turbocharger TB-900,68,2373200,5
C0332,P011,Hydraulic Cylinder HC-200,115,3174000,9
C0332,P012,Brake Pad BP-40,53,129850,5
C0332,P013,Seal Kit SK-15,68,98600,7
C0332,P014,Transmission Assembly TA-800,70,5845000,5
C0332,P015,Engine Block EB-600,43,5117000,3
C0332,P016,Radiator RD-250,139,1417800,9
C0332,P017,Fan Belt FB-30,95,49400,8
C0332,P018,Wheel Rim WR-24,47,531100,5
C0332,P019,Swing Motor SWM-350,136,5412800,8
C0332,P020,Pivot Pin PP-12,94,108100,8
C0332,P021,Boom Cylinder BC-400,100,4620000,5
C0332,P022,Control Valve CV-75,50,845000,4
C0332,P023,Idler Wheel IW-55,30,388500,2
C0332,P024,Track Roller TR-60,131,1349300,8
C0332,P025,Cabin Glass CG-20,141,1106850,9
C0332,P026,Grease Cartridge GC-5,90,27900,11
C0332,P027,O-Ring Set OR-50,49,23520,6
C0332,P028,Light Assembly LA-18,42,94500,4
C0332,P029,Pressure Sensor PS-90,65,256750,5
C0332,P030,Fuel Pump FP-350,87,1905300,7
C0333,P001,Hydraulic Pump HP-300,98,2401000,9
C0333,P002,Engine Oil Filter OF-90,64,46080,6
C0333,P003,Air Filter AF-120,91,113750,7
C0333,P004,Track Chain TC-45,91,3621800,7
C0333,P005,Fuel Injector FI-220,65,549250,8
C0333,P006,Alternator ALT-500,96,1075200,7
C0333,P007,Hydraulic Hose HH-60,184,266800,14
C0333,P008,Bucket Tooth BT-10,90,52200,8
C0333,P009,Starter Motor SM-700,112,1668800,9
C0333,P010,Turbocharger TB-900,82,2861800,8
C0333,P011,Hydraulic Cylinder HC-200,55,1518000,6
C0333,P012,Brake Pad BP-40,157,384650,10
C0333,P013,Seal Kit SK-15,19,27550,4
C0333,P014,Transmission Assembly TA-800,99,8266500,5
C0333,P015,Engine Block EB-600,88,10472000,11
C0333,P016,Radiator RD-250,112,1142400,8
C0333,P017,Fan Belt FB-30,148,76960,9
C0333,P018,Wheel Rim WR-24,45,508500,4
C0333,P019,Swing Motor SWM-350,113,4497400,8
C0333,P020,Pivot Pin PP-12,108,124200,11
C0333,P021,Boom Cylinder BC-400,104,4804800,9
C0333,P022,Control Valve CV-75,88,1487200,9
C0333,P023,Idler Wheel IW-55,73,945350,9
C0333,P024,Track Roller TR-60,56,576800,4
C0333,P025,Cabin Glass CG-20,134,1051900,9
C0333,P026,Grease Cartridge GC-5,118,36580,8
C0333,P027,O-Ring Set OR-50,104,49920,6
C0333,P028,Light Assembly LA-18,49,110250,6
C0333,P029,Pressure Sensor PS-90,205,809750,16
C0333,P030,Fuel Pump FP-350,109,2387100,10
C0334,P001,Hydraulic Pump HP-300,67,1641500,5
C0334,P002,Engine Oil Filter OF-90,91,65520,7
C0334,P003,Air Filter AF-120,94,117500,8
C0334,P004,Track Chain TC-45,77,3064600,4
C0334,P005,Fuel Injector FI-220,39,329550,5
C0334,P006,Alternator ALT-500,82,918400,7
C0334,P007,Hydraulic Hose HH-60,24,34800,3
C0334,P008,Bucket Tooth BT-10,77,44660,6
C0334,P009,Starter Motor SM-700,75,1117500,8
C0334,P010,Turbocharger TB-900,55,1919500,6
C0334,P011,Hydraulic Cylinder HC-200,73,2014800,8
C0334,P012,Brake Pad BP-40,52,127400,4
C0334,P013,Seal Kit SK-15,63,91350,6
C0334,P014,Transmission Assembly TA-800,20,1670000,2
C0334,P015,Engine Block EB-600,32,3808000,3
C0334,P016,Radiator RD-250,53,540600,6
C0334,P017,Fan Belt FB-30,46,23920,5
C0334,P018,Wheel Rim WR-24,66,745800,6
C0334,P019,Swing Motor SWM-350,92,3661600,8
C0334,P020,Pivot Pin PP-12,79,90850,5
C0334,P021,Boom Cylinder BC-400,130,6006000,9
C0334,P022,Control Valve CV-75,75,1267500,7
C0334,P023,Idler Wheel IW-55,92,1191400,7
C0334,P024,Track Roller TR-60,70,721000,6
C0334,P025,Cabin Glass CG-20,25,196250,2
C0334,P026,Grease Cartridge GC-5,40,12400,4
C0334,P027,O-Ring Set OR-50,72,34560,6
C0334,P028,Light Assembly LA-18,68,153000,6
C0334,P029,Pressure Sensor PS-90,117,462150,10
C0334,P030,Fuel Pump FP-350,111,2430900,7
C0335,P001,Hydraulic Pump HP-300,95,2327500,8
C0335,P002,Engine Oil Filter OF-90,78,56160,7
C0335,P003,Air Filter AF-120,159,198750,13
C0335,P004,Track Chain TC-45,120,4776000,10
C0335,P005,Fuel Injector FI-220,72,608400,5
C0335,P006,Alternator ALT-500,112,1254400,10
C0335,P007,Hydraulic Hose HH-60,160,232000,15
C0335,P008,Bucket Tooth BT-10,105,60900,8
C0335,P009,Starter Motor SM-700,129,1922100,11
C0335,P010,Turbocharger TB-900,108,3769200,10
C0335,P011,Hydraulic Cylinder HC-200,89,2456400,7
C0335,P012,Brake Pad BP-40,166,406700,11
C0335,P013,Seal Kit SK-15,51,73950,4
C0335,P014,Transmission Assembly TA-800,56,4676000,6
C0335,P015,Engine Block EB-600,115,13685000,10
C0335,P016,Radiator RD-250,158,1611600,10
C0335,P017,Fan Belt FB-30,166,86320,10
C0335,P018,Wheel Rim WR-24,119,1344700,9
C0335,P019,Swing Motor SWM-350,34,1353200,6
C0335,P020,Pivot Pin PP-12,95,109250,8
C0335,P021,Boom Cylinder BC-400,60,2772000,7
C0335,P022,Control Valve CV-75,147,2484300,13
C0335,P023,Idler Wheel IW-55,34,440300,4
C0335,P024,Track Roller TR-60,115,1184500,8
C0335,P025,Cabin Glass CG-20,64,502400,6
C0335,P026,Grease Cartridge GC-5,89,27590,6
C0335,P027,O-Ring Set OR-50,93,44640,10
C0335,P028,Light Assembly LA-18,143,321750,11
C0335,P029,Pressure Sensor PS-90,78,308100,7
C0335,P030,Fuel Pump FP-350,164,3591600,11
C0336,P001,Hydraulic Pump HP-300,128,3136000,8
C0336,P002,Engine Oil Filter OF-90,68,48960,6
C0336,P003,Air Filter AF-120,50,62500,4
C0336,P004,Track Chain TC-45,57,2268600,5
C0336,P005,Fuel Injector FI-220,67,566150,6
C0336,P006,Alternator ALT-500,79,884800,5
C0336,P007,Hydraulic Hose HH-60,125,181250,9
C0336,P008,Bucket Tooth BT-10,106,61480,9
C0336,P009,Starter Motor SM-700,35,521500,3
C0336,P010,Turbocharger TB-900,66,2303400,6
C0336,P011,Hydraulic Cylinder HC-200,88,2428800,7
C0336,P012,Brake Pad BP-40,157,384650,11
C0336,P013,Seal Kit SK-15,42,60900,7
C0336,P014,Transmission Assembly TA-800,84,7014000,8
C0336,P015,Engine Block EB-600,38,4522000,4
C0336,P016,Radiator RD-250,99,1009800,7
C0336,P017,Fan Belt FB-30,97,50440,8
C0336,P018,Wheel Rim WR-24,77,870100,7
C0336,P019,Swing Motor SWM-350,50,1990000,6
C0336,P020,Pivot Pin PP-12,106,121900,8
C0336,P021,Boom Cylinder BC-400,63,2910600,4
C0336,P022,Control Valve CV-75,98,1656200,8
C0336,P023,Idler Wheel IW-55,25,323750,4
C0336,P024,Track Roller TR-60,48,494400,5
C0336,P025,Cabin Glass CG-20,91,714350,8
C0336,P026,Grease Cartridge GC-5,25,7750,3
C0336,P027,O-Ring Set OR-50,69,33120,6
C0336,P028,Light Assembly LA-18,86,193500,7
C0336,P029,Pressure Sensor PS-90,94,371300,10
C0336,P030,Fuel Pump FP-350,43,941700,6
C0337,P001,Hydraulic Pump HP-300,97,2376500,7
C0337,P002,Engine Oil Filter OF-90,109,78480,8
C0337,P003,Air Filter AF-120,100,125000,7
C0337,P004,Track Chain TC-45,157,6248600,12
C0337,P005,Fuel Injector FI-220,58,490100,5
C0337,P006,Alternator ALT-500,85,952000,11
C0337,P007,Hydraulic Hose HH-60,39,56550,6
C0337,P008,Bucket Tooth BT-10,148,85840,10
C0337,P009,Starter Motor SM-700,83,1236700,6
C0337,P010,Turbocharger TB-900,129,4502100,11
C0337,P011,Hydraulic Cylinder HC-200,132,3643200,8
C0337,P012,Brake Pad BP-40,20,49000,3
C0337,P013,Seal Kit SK-15,86,124700,8
C0337,P014,Transmission Assembly TA-800,44,3674000,4
C0337,P015,Engine Block EB-600,143,17017000,13
C0337,P016,Radiator RD-250,46,469200,6
C0337,P017,Fan Belt FB-30,68,35360,6
C0337,P018,Wheel Rim WR-24,100,1130000,10
C0337,P019,Swing Motor SWM-350,97,3860600,8
C0337,P020,Pivot Pin PP-12,93,106950,8
C0337,P021,Boom Cylinder BC-400,92,4250400,7
C0337,P022,Control Valve CV-75,120,2028000,9
C0337,P023,Idler Wheel IW-55,79,1023050,5
C0337,P024,Track Roller TR-60,68,700400,7
C0337,P025,Cabin Glass CG-20,100,785000,7
C0337,P026,Grease Cartridge GC-5,87,26970,6
C0337,P027,O-Ring Set OR-50,80,38400,9
C0337,P028,Light Assembly LA-18,89,200250,9
C0337,P029,Pressure Sensor PS-90,115,454250,10
C0337,P030,Fuel Pump FP-350,111,2430900,11
C0338,P001,Hydraulic Pump HP-300,37,906500,4
C0338,P002,Engine Oil Filter OF-90,38,27360,3
C0338,P003,Air Filter AF-120,111,138750,10
C0338,P004,Track Chain TC-45,64,2547200,6
C0338,P005,Fuel Injector FI-220,11,92950,4
C0338,P006,Alternator ALT-500,107,1198400,11
C0338,P007,Hydraulic Hose HH-60,55,79750,3
C0338,P008,Bucket Tooth BT-10,34,19720,4
C0338,P009,Starter Motor SM-700,112,1668800,7
C0338,P010,Turbocharger TB-900,25,872500,4
C0338,P011,Hydraulic Cylinder HC-200,111,3063600,12
C0338,P012,Brake Pad BP-40,95,232750,9
C0338,P013,Seal Kit SK-15,54,78300,7
C0338,P014,Transmission Assembly TA-800,132,11022000,8
C0338,P015,Engine Block EB-600,61,7259000,7
C0338,P016,Radiator RD-250,87,887400,9
C0338,P017,Fan Belt FB-30,98,50960,9
C0338,P018,Wheel Rim WR-24,116,1310800,10
C0338,P019,Swing Motor SWM-350,69,2746200,5
C0338,P020,Pivot Pin PP-12,98,112700,10
C0338,P021,Boom Cylinder BC-400,69,3187800,7
C0338,P022,Control Valve CV-75,103,1740700,8
C0338,P023,Idler Wheel IW-55,47,608650,3
C0338,P024,Track Roller TR-60,100,1030000,6
C0338,P025,Cabin Glass CG-20,83,651550,8
C0338,P026,Grease Cartridge GC-5,78,24180,10
C0338,P027,O-Ring Set OR-50,132,63360,13
C0338,P028,Light Assembly LA-18,73,164250,8
C0338,P029,Pressure Sensor PS-90,70,276500,5
C0338,P030,Fuel Pump FP-350,50,1095000,5
C0339,P001,Hydraulic Pump HP-300,76,1862000,7
C0339,P002,Engine Oil Filter OF-90,66,47520,6
C0339,P003,Air Filter AF-120,56,70000,6
C0339,P004,Track Chain TC-45,112,4457600,8
C0339,P005,Fuel Injector FI-220,49,414050,5
C0339,P006,Alternator ALT-500,56,627200,3
C0339,P007,Hydraulic Hose HH-60,89,129050,8
C0339,P008,Bucket Tooth BT-10,54,31320,6
C0339,P009,Starter Motor SM-700,25,372500,3
C0339,P010,Turbocharger TB-900,56,1954400,3
C0339,P011,Hydraulic Cylinder HC-200,106,2925600,7
C0339,P012,Brake Pad BP-40,60,147000,5
C0339,P013,Seal Kit SK-15,78,113100,5
C0339,P014,Transmission Assembly TA-800,86,7181000,8
C0339,P015,Engine Block EB-600,88,10472000,6
C0339,P016,Radiator RD-250,94,958800,6
C0339,P017,Fan Belt FB-30,58,30160,5
C0339,P018,Wheel Rim WR-24,76,858800,7
C0339,P019,Swing Motor SWM-350,34,1353200,3
C0339,P020,Pivot Pin PP-12,19,21850,3
C0339,P021,Boom Cylinder BC-400,34,1570800,4
C0339,P022,Control Valve CV-75,86,1453400,7
C0339,P023,Idler Wheel IW-55,51,660450,5
C0339,P024,Track Roller TR-60,61,628300,4
C0339,P025,Cabin Glass CG-20,75,588750,8
C0339,P026,Grease Cartridge GC-5,71,22010,6
C0339,P027,O-Ring Set OR-50,43,20640,4
C0339,P028,Light Assembly LA-18,57,128250,5
C0339,P029,Pressure Sensor PS-90,93,367350,7
C0339,P030,Fuel Pump FP-350,63,1379700,5
C0340,P001,Hydraulic Pump HP-300,182,4459000,8
C0340,P002,Engine Oil Filter OF-90,97,69840,8
C0340,P003,Air Filter AF-120,11,13750,1
C0340,P004,Track Chain TC-45,91,3621800,9
C0340,P005,Fuel Injector FI-220,100,845000,9
C0340,P006,Alternator ALT-500,122,1366400,9
C0340,P007,Hydraulic Hose HH-60,46,66700,3
C0340,P008,Bucket Tooth BT-10,103,59740,10
C0340,P009,Starter Motor SM-700,151,2249900,8
C0340,P010,Turbocharger TB-900,94,3280600,7
C0340,P011,Hydraulic Cylinder HC-200,79,2180400,8
C0340,P012,Brake Pad BP-40,79,193550,6
C0340,P013,Seal Kit SK-15,39,56550,4
C0340,P014,Transmission Assembly TA-800,129,10771500,8
C0340,P015,Engine Block EB-600,61,7259000,4
C0340,P016,Radiator RD-250,59,601800,4
C0340,P017,Fan Belt FB-30,96,49920,8
C0340,P018,Wheel Rim WR-24,34,384200,6
C0340,P019,Swing Motor SWM-350,119,4736200,9
C0340,P020,Pivot Pin PP-12,86,98900,5
C0340,P021,Boom Cylinder BC-400,126,5821200,10
C0340,P022,Control Valve CV-75,125,2112500,10
C0340,P023,Idler Wheel IW-55,78,1010100,7
C0340,P024,Track Roller TR-60,103,1060900,9
C0340,P025,Cabin Glass CG-20,102,800700,9
C0340,P026,Grease Cartridge GC-5,102,31620,9
C0340,P027,O-Ring Set OR-50,73,35040,6
C0340,P028,Light Assembly LA-18,170,382500,11
C0340,P029,Pressure Sensor PS-90,72,284400,5
C0340,P030,Fuel Pump FP-350,56,1226400,5
C0341,P001,Hydraulic Pump HP-300,102,2499000,10
C0341,P002,Engine Oil Filter OF-90,64,46080,4
C0341,P003,Air Filter AF-120,134,167500,12
C0341,P004,Track Chain TC-45,59,2348200,6
C0341,P005,Fuel Injector FI-220,133,1123850,10
C0341,P006,Alternator ALT-500,91,1019200,6
C0341,P007,Hydraulic Hose HH-60,110,159500,9
C0341,P008,Bucket Tooth BT-10,138,80040,9
C0341,P009,Starter Motor SM-700,58,864200,5
C0341,P010,Turbocharger TB-900,80,2792000,8
C0341,P011,Hydraulic Cylinder HC-200,23,634800,5
C0341,P012,Brake Pad BP-40,74,181300,7
C0341,P013,Seal Kit SK-15,47,68150,4
C0341,P014,Transmission Assembly TA-800,131,10938500,10
C0341,P015,Engine Block EB-600,118,14042000,11
C0341,P016,Radiator RD-250,138,1407600,11
C0341,P017,Fan Belt FB-30,82,42640,8
C0341,P018,Wheel Rim WR-24,68,768400,5
C0341,P019,Swing Motor SWM-350,72,2865600,7
C0341,P020,Pivot Pin PP-12,67,77050,6
C0341,P021,Boom Cylinder BC-400,122,5636400,10
C0341,P022,Control Valve CV-75,65,1098500,6
C0341,P023,Idler Wheel IW-55,113,1463350,9
C0341,P024,Track Roller TR-60,120,1236000,10
C0341,P025,Cabin Glass CG-20,112,879200,6
C0341,P026,Grease Cartridge GC-5,159,49290,12
C0341,P027,O-Ring Set OR-50,71,34080,5
C0341,P028,Light Assembly LA-18,88,198000,8
C0341,P029,Pressure Sensor PS-90,76,300200,8
C0341,P030,Fuel Pump FP-350,119,2606100,10
C0342,P001,Hydraulic Pump HP-300,144,3528000,11
C0342,P002,Engine Oil Filter OF-90,99,71280,11
C0342,P003,Air Filter AF-120,103,128750,11
C0342,P004,Track Chain TC-45,136,5412800,9
C0342,P005,Fuel Injector FI-220,156,1318200,12
C0342,P006,Alternator ALT-500,101,1131200,9
C0342,P007,Hydraulic Hose HH-60,106,153700,9
C0342,P008,Bucket Tooth BT-10,95,55100,9
C0342,P009,Starter Motor SM-700,156,2324400,11
C0342,P010,Turbocharger TB-900,95,3315500,10
C0342,P011,Hydraulic Cylinder HC-200,125,3450000,11
C0342,P012,Brake Pad BP-40,80,196000,9
C0342,P013,Seal Kit SK-15,60,87000,5
C0342,P014,Transmission Assembly TA-800,175,14612500,13
C0342,P015,Engine Block EB-600,123,14637000,8
C0342,P016,Radiator RD-250,93,948600,8
C0342,P017,Fan Belt FB-30,108,56160,11
C0342,P018,Wheel Rim WR-24,127,1435100,11
C0342,P019,Swing Motor SWM-350,210,8358000,15
C0342,P020,Pivot Pin PP-12,118,135700,9
C0342,P021,Boom Cylinder BC-400,158,7299600,16
C0342,P022,Control Valve CV-75,117,1977300,7
C0342,P023,Idler Wheel IW-55,153,1981350,11
C0342,P024,Track Roller TR-60,204,2101200,15
C0342,P025,Cabin Glass CG-20,55,431750,5
C0342,P026,Grease Cartridge GC-5,167,51770,13
C0342,P027,O-Ring Set OR-50,97,46560,8
C0342,P028,Light Assembly LA-18,163,366750,14
C0342,P029,Pressure Sensor PS-90,86,339700,7
C0342,P030,Fuel Pump FP-350,115,2518500,12
C0343,P001,Hydraulic Pump HP-300,103,2523500,9
C0343,P002,Engine Oil Filter OF-90,85,61200,9
C0343,P003,Air Filter AF-120,79,98750,6
C0343,P004,Track Chain TC-45,90,3582000,8
C0343,P005,Fuel Injector FI-220,83,701350,7
C0343,P006,Alternator ALT-500,66,739200,6
C0343,P007,Hydraulic Hose HH-60,79,114550,7
C0343,P008,Bucket Tooth BT-10,38,22040,6
C0343,P009,Starter Motor SM-700,140,2086000,12
C0343,P010,Turbocharger TB-900,52,1814800,6
C0343,P011,Hydraulic Cylinder HC-200,112,3091200,10
C0343,P012,Brake Pad BP-40,108,264600,7
C0343,P013,Seal Kit SK-15,69,100050,6
C0343,P014,Transmission Assembly TA-800,151,12608500,12
C0343,P015,Engine Block EB-600,84,9996000,7
C0343,P016,Radiator RD-250,66,673200,4
C0343,P017,Fan Belt FB-30,120,62400,9
C0343,P018,Wheel Rim WR-24,126,1423800,11
C0343,P019,Swing Motor SWM-350,149,5930200,10
C0343,P020,Pivot Pin PP-12,143,164450,11
C0343,P021,Boom Cylinder BC-400,133,6144600,7
C0343,P022,Control Valve CV-75,115,1943500,10
C0343,P023,Idler Wheel IW-55,81,1048950,9
C0343,P024,Track Roller TR-60,128,1318400,8
C0343,P025,Cabin Glass CG-20,38,298300,5
C0343,P026,Grease Cartridge GC-5,69,21390,5
C0343,P027,O-Ring Set OR-50,155,74400,12
C0343,P028,Light Assembly LA-18,81,182250,6
C0343,P029,Pressure Sensor PS-90,84,331800,8
C0343,P030,Fuel Pump FP-350,79,1730100,5
C0344,P001,Hydraulic Pump HP-300,41,1004500,3
C0344,P002,Engine Oil Filter OF-90,79,56880,6
C0344,P003,Air Filter AF-120,85,106250,6
C0344,P004,Track Chain TC-45,81,3223800,5
C0344,P005,Fuel Injector FI-220,94,794300,8
C0344,P006,Alternator ALT-500,65,728000,6
C0344,P007,Hydraulic Hose HH-60,76,110200,5
C0344,P008,Bucket Tooth BT-10,91,52780,5
C0344,P009,Starter Motor SM-700,89,1326100,8
C0344,P010,Turbocharger TB-900,90,3141000,8
C0344,P011,Hydraulic Cylinder HC-200,39,1076400,2
C0344,P012,Brake Pad BP-40,17,41650,1
C0344,P013,Seal Kit SK-15,68,98600,5
C0344,P014,Transmission Assembly TA-800,80,6680000,5
C0344,P015,Engine Block EB-600,61,7259000,6
C0344,P016,Radiator RD-250,24,244800,4
C0344,P017,Fan Belt FB-30,67,34840,4
C0344,P018,Wheel Rim WR-24,103,1163900,7
C0344,P019,Swing Motor SWM-350,94,3741200,6
C0344,P020,Pivot Pin PP-12,92,105800,11
C0344,P021,Boom Cylinder BC-400,47,2171400,5
C0344,P022,Control Valve CV-75,58,980200,4
C0344,P023,Idler Wheel IW-55,81,1048950,10
C0344,P024,Track Roller TR-60,17,175100,1
C0344,P025,Cabin Glass CG-20,39,306150,4
C0344,P026,Grease Cartridge GC-5,95,29450,8
C0344,P027,O-Ring Set OR-50,94,45120,8
C0344,P028,Light Assembly LA-18,57,128250,7
C0344,P029,Pressure Sensor PS-90,57,225150,5
C0344,P030,Fuel Pump FP-350,144,3153600,8
C0345,P001,Hydraulic Pump HP-300,86,2107000,10
C0345,P002,Engine Oil Filter OF-90,100,72000,8
C0345,P003,Air Filter AF-120,111,138750,10
C0345,P004,Track Chain TC-45,52,2069600,7
C0345,P005,Fuel Injector FI-220,25,211250,4
C0345,P006,Alternator ALT-500,144,1612800,13
C0345,P007,Hydraulic Hose HH-60,20,29000,3
C0345,P008,Bucket Tooth BT-10,72,41760,7
C0345,P009,Starter Motor SM-700,130,1937000,12
C0345,P010,Turbocharger TB-900,57,1989300,6
C0345,P011,Hydraulic Cylinder HC-200,98,2704800,7
C0345,P012,Brake Pad BP-40,106,259700,7
C0345,P013,Seal Kit SK-15,120,174000,12
C0345,P014,Transmission Assembly TA-800,41,3423500,4
C0345,P015,Engine Block EB-600,62,7378000,8
C0345,P016,Radiator RD-250,153,1560600,9
C0345,P017,Fan Belt FB-30,100,52000,7
C0345,P018,Wheel Rim WR-24,161,1819300,13
C0345,P019,Swing Motor SWM-350,192,7641600,16
C0345,P020,Pivot Pin PP-12,103,118450,8
C0345,P021,Boom Cylinder BC-400,57,2633400,6
C0345,P022,Control Valve CV-75,107,1808300,8
C0345,P023,Idler Wheel IW-55,148,1916600,12
C0345,P024,Track Roller TR-60,55,566500,7
C0345,P025,Cabin Glass CG-20,41,321850,5
C0345,P026,Grease Cartridge GC-5,97,30070,7
C0345,P027,O-Ring Set OR-50,98,47040,8
C0345,P028,Light Assembly LA-18,101,227250,8
C0345,P029,Pressure Sensor PS-90,20,79000,3
C0345,P030,Fuel Pump FP-350,78,1708200,6
C0346,P001,Hydraulic Pump HP-300,79,1935500,8
C0346,P002,Engine Oil Filter OF-90,105,75600,8
C0346,P003,Air Filter AF-120,46,57500,5
C0346,P004,Track Chain TC-45,74,2945200,8
C0346,P005,Fuel Injector FI-220,69,583050,9
C0346,P006,Alternator ALT-500,199,2228800,12
C0346,P007,Hydraulic Hose HH-60,150,217500,11
C0346,P008,Bucket Tooth BT-10,38,22040,4
C0346,P009,Starter Motor SM-700,71,1057900,6
C0346,P010,Turbocharger TB-900,64,2233600,6
C0346,P011,Hydraulic Cylinder HC-200,100,2760000,8
C0346,P012,Brake Pad BP-40,81,198450,8
C0346,P013,Seal Kit SK-15,90,130500,7
C0346,P014,Transmission Assembly TA-800,105,8767500,11
C0346,P015,Engine Block EB-600,59,7021000,4
C0346,P016,Radiator RD-250,10,102000,2
C0346,P017,Fan Belt FB-30,94,48880,7
C0346,P018,Wheel Rim WR-24,61,689300,6
C0346,P019,Swing Motor SWM-350,69,2746200,4
C0346,P020,Pivot Pin PP-12,68,78200,7
C0346,P021,Boom Cylinder BC-400,56,2587200,5
C0346,P022,Control Valve CV-75,92,1554800,6
C0346,P023,Idler Wheel IW-55,102,1320900,9
C0346,P024,Track Roller TR-60,86,885800,10
C0346,P025,Cabin Glass CG-20,87,682950,9
C0346,P026,Grease Cartridge GC-5,92,28520,7
C0346,P027,O-Ring Set OR-50,49,23520,5
C0346,P028,Light Assembly LA-18,84,189000,9
C0346,P029,Pressure Sensor PS-90,65,256750,6
C0346,P030,Fuel Pump FP-350,66,1445400,5
C0347,P001,Hydraulic Pump HP-300,55,1347500,5
C0347,P002,Engine Oil Filter OF-90,77,55440,6
C0347,P003,Air Filter AF-120,78,97500,5
C0347,P004,Track Chain TC-45,20,796000,2
C0347,P005,Fuel Injector FI-220,37,312650,3
C0347,P006,Alternator ALT-500,18,201600,3
C0347,P007,Hydraulic Hose HH-60,39,56550,3
C0347,P008,Bucket Tooth BT-10,53,30740,2
C0347,P009,Starter Motor SM-700,25,372500,3
C0347,P010,Turbocharger TB-900,10,349000,1
C0347,P011,Hydraulic Cylinder HC-200,91,2511600,7
C0347,P012,Brake Pad BP-40,36,88200,2
C0347,P013,Seal Kit SK-15,42,60900,6
C0347,P014,Transmission Assembly TA-800,57,4759500,6
C0347,P015,Engine Block EB-600,16,1904000,3
C0347,P016,Radiator RD-250,59,601800,4
C0347,P017,Fan Belt FB-30,100,52000,8
C0347,P018,Wheel Rim WR-24,65,734500,4
C0347,P019,Swing Motor SWM-350,49,1950200,4
C0347,P020,Pivot Pin PP-12,97,111550,10
C0347,P021,Boom Cylinder BC-400,29,1339800,2
C0347,P022,Control Valve CV-75,94,1588600,7
C0347,P023,Idler Wheel IW-55,28,362600,2
C0347,P024,Track Roller TR-60,35,360500,3
C0347,P025,Cabin Glass CG-20,48,376800,6
C0347,P026,Grease Cartridge GC-5,92,28520,7
C0347,P027,O-Ring Set OR-50,50,24000,5
C0347,P028,Light Assembly LA-18,53,119250,5
C0347,P029,Pressure Sensor PS-90,34,134300,5
C0347,P030,Fuel Pump FP-350,97,2124300,10
C0348,P001,Hydraulic Pump HP-300,75,1837500,7
C0348,P002,Engine Oil Filter OF-90,97,69840,6
C0348,P003,Air Filter AF-120,39,48750,6
C0348,P004,Track Chain TC-45,68,2706400,6
C0348,P005,Fuel Injector FI-220,100,845000,7
C0348,P006,Alternator ALT-500,93,1041600,7
C0348,P007,Hydraulic Hose HH-60,128,185600,12
C0348,P008,Bucket Tooth BT-10,65,37700,7
C0348,P009,Starter Motor SM-700,41,610900,3
C0348,P010,Turbocharger TB-900,67,2338300,4
C0348,P011,Hydraulic Cylinder HC-200,112,3091200,9
C0348,P012,Brake Pad BP-40,109,267050,8
C0348,P013,Seal Kit SK-15,134,194300,10
C0348,P014,Transmission Assembly TA-800,53,4425500,6
C0348,P015,Engine Block EB-600,84,9996000,8
C0348,P016,Radiator RD-250,114,1162800,10
C0348,P017,Fan Belt FB-30,42,21840,7
C0348,P018,Wheel Rim WR-24,110,1243000,9
C0348,P019,Swing Motor SWM-350,77,3064600,10
C0348,P020,Pivot Pin PP-12,132,151800,9
C0348,P021,Boom Cylinder BC-400,77,3557400,7
C0348,P022,Control Valve CV-75,131,2213900,10
C0348,P023,Idler Wheel IW-55,123,1592850,8
C0348,P024,Track Roller TR-60,75,772500,6
C0348,P025,Cabin Glass CG-20,44,345400,6
C0348,P026,Grease Cartridge GC-5,130,40300,12
C0348,P027,O-Ring Set OR-50,55,26400,7
C0348,P028,Light Assembly LA-18,123,276750,10
C0348,P029,Pressure Sensor PS-90,69,272550,7
C0348,P030,Fuel Pump FP-350,51,1116900,5
C0349,P001,Hydraulic Pump HP-300,116,2842000,8
C0349,P002,Engine Oil Filter OF-90,156,112320,11
C0349,P003,Air Filter AF-120,86,107500,9
C0349,P004,Track Chain TC-45,26,1034800,2
C0349,P005,Fuel Injector FI-220,76,642200,10
C0349,P006,Alternator ALT-500,124,1388800,10
C0349,P007,Hydraulic Hose HH-60,64,92800,7
C0349,P008,Bucket Tooth BT-10,39,22620,3
C0349,P009,Starter Motor SM-700,112,1668800,10
C0349,P010,Turbocharger TB-900,189,6596100,13
C0349,P011,Hydraulic Cylinder HC-200,71,1959600,7
C0349,P012,Brake Pad BP-40,92,225400,7
C0349,P013,Seal Kit SK-15,75,108750,7
C0349,P014,Transmission Assembly TA-800,100,8350000,6
C0349,P015,Engine Block EB-600,112,13328000,7
C0349,P016,Radiator RD-250,154,1570800,11
C0349,P017,Fan Belt FB-30,53,27560,7
C0349,P018,Wheel Rim WR-24,157,1774100,13
C0349,P019,Swing Motor SWM-350,54,2149200,8
C0349,P020,Pivot Pin PP-12,49,56350,5
C0349,P021,Boom Cylinder BC-400,47,2171400,4
C0349,P022,Control Valve CV-75,68,1149200,8
C0349,P023,Idler Wheel IW-55,98,1269100,8
C0349,P024,Track Roller TR-60,83,854900,8
C0349,P025,Cabin Glass CG-20,92,722200,7
C0349,P026,Grease Cartridge GC-5,61,18910,4
C0349,P027,O-Ring Set OR-50,89,42720,7
C0349,P028,Light Assembly LA-18,117,263250,9
C0349,P029,Pressure Sensor PS-90,163,643850,14
C0349,P030,Fuel Pump FP-350,28,613200,3
C0350,P001,Hydraulic Pump HP-300,35,857500,4
C0350,P002,Engine Oil Filter OF-90,32,23040,4
C0350,P003,Air Filter AF-120,62,77500,7
C0350,P004,Track Chain TC-45,37,1472600,5
C0350,P005,Fuel Injector FI-220,77,650650,9
C0350,P006,Alternator ALT-500,119,1332800,14
C0350,P007,Hydraulic Hose HH-60,104,150800,9
C0350,P008,Bucket Tooth BT-10,25,14500,4
C0350,P009,Starter Motor SM-700,63,938700,7
C0350,P010,Turbocharger TB-900,87,3036300,6
C0350,P011,Hydraulic Cylinder HC-200,140,3864000,8
C0350,P012,Brake Pad BP-40,39,95550,4
C0350,P013,Seal Kit SK-15,72,104400,9
C0350,P014,Transmission Assembly TA-800,71,5928500,6
C0350,P015,Engine Block EB-600,68,8092000,7
C0350,P016,Radiator RD-250,41,418200,3
C0350,P017,Fan Belt FB-30,98,50960,8
C0350,P018,Wheel Rim WR-24,87,983100,9
C0350,P019,Swing Motor SWM-350,68,2706400,6
C0350,P020,Pivot Pin PP-12,116,133400,10
C0350,P021,Boom Cylinder BC-400,22,1016400,4
C0350,P022,Control Valve CV-75,86,1453400,6
C0350,P023,Idler Wheel IW-55,59,764050,7
C0350,P024,Track Roller TR-60,127,1308100,9
C0350,P025,Cabin Glass CG-20,86,675100,6
C0350,P026,Grease Cartridge GC-5,68,21080,5
C0350,P027,O-Ring Set OR-50,54,25920,6
C0350,P028,Light Assembly LA-18,84,189000,7
C0350,P029,Pressure Sensor PS-90,49,193550,4
C0350,P030,Fuel Pump FP-350,113,2474700,11
C0351,P001,Hydraulic Pump HP-300,75,1837500,7
C0351,P002,Engine Oil Filter OF-90,98,70560,8
C0351,P003,Air Filter AF-120,74,92500,7
C0351,P004,Track Chain TC-45,16,636800,3
C0351,P005,Fuel Injector FI-220,67,566150,6
C0351,P006,Alternator ALT-500,80,896000,7
C0351,P007,Hydraulic Hose HH-60,90,130500,10
C0351,P008,Bucket Tooth BT-10,82,47560,8
C0351,P009,Starter Motor SM-700,68,1013200,6
C0351,P010,Turbocharger TB-900,56,1954400,4
C0351,P011,Hydraulic Cylinder HC-200,61,1683600,7
C0351,P012,Brake Pad BP-40,90,220500,7
C0351,P013,Seal Kit SK-15,35,50750,3
C0351,P014,Transmission Assembly TA-800,53,4425500,6
C0351,P015,Engine Block EB-600,47,5593000,6
C0351,P016,Radiator RD-250,121,1234200,10
C0351,P017,Fan Belt FB-30,114,59280,8
C0351,P018,Wheel Rim WR-24,119,1344700,9
C0351,P019,Swing Motor SWM-350,140,5572000,9
C0351,P020,Pivot Pin PP-12,67,77050,5
C0351,P021,Boom Cylinder BC-400,68,3141600,4
C0351,P022,Control Valve CV-75,51,861900,4
C0351,P023,Idler Wheel IW-55,113,1463350,9
C0351,P024,Track Roller TR-60,106,1091800,8
C0351,P025,Cabin Glass CG-20,74,580900,7
C0351,P026,Grease Cartridge GC-5,93,28830,8
C0351,P027,O-Ring Set OR-50,147,70560,9
C0351,P028,Light Assembly LA-18,81,182250,6
C0351,P029,Pressure Sensor PS-90,89,351550,7
C0351,P030,Fuel Pump FP-350,113,2474700,10
C0352,P001,Hydraulic Pump HP-300,73,1788500,6
C0352,P002,Engine Oil Filter OF-90,61,43920,5
C0352,P003,Air Filter AF-120,93,116250,6
C0352,P004,Track Chain TC-45,108,4298400,10
C0352,P005,Fuel Injector FI-220,89,752050,7
C0352,P006,Alternator ALT-500,132,1478400,10
C0352,P007,Hydraulic Hose HH-60,121,175450,9
C0352,P008,Bucket Tooth BT-10,84,48720,7
C0352,P009,Starter Motor SM-700,22,327800,3
C0352,P010,Turbocharger TB-900,72,2512800,9
C0352,P011,Hydraulic Cylinder HC-200,90,2484000,9
C0352,P012,Brake Pad BP-40,93,227850,8
C0352,P013,Seal Kit SK-15,128,185600,10
C0352,P014,Transmission Assembly TA-800,48,4008000,5
C0352,P015,Engine Block EB-600,59,7021000,7
C0352,P016,Radiator RD-250,27,275400,2
C0352,P017,Fan Belt FB-30,121,62920,10
C0352,P018,Wheel Rim WR-24,52,587600,5
C0352,P019,Swing Motor SWM-350,149,5930200,9
C0352,P020,Pivot Pin PP-12,61,70150,5
C0352,P021,Boom Cylinder BC-400,97,4481400,9
C0352,P022,Control Valve CV-75,74,1250600,9
C0352,P023,Idler Wheel IW-55,76,984200,6
C0352,P024,Track Roller TR-60,82,844600,7
C0352,P025,Cabin Glass CG-20,108,847800,7
C0352,P026,Grease Cartridge GC-5,54,16740,7
C0352,P027,O-Ring Set OR-50,101,48480,6
C0352,P028,Light Assembly LA-18,73,164250,6
C0352,P029,Pressure Sensor PS-90,95,375250,6
C0352,P030,Fuel Pump FP-350,20,438000,2
C0353,P001,Hydraulic Pump HP-300,92,2254000,6
C0353,P002,Engine Oil Filter OF-90,136,97920,10
C0353,P003,Air Filter AF-120,91,113750,9
C0353,P004,Track Chain TC-45,31,1233800,4
C0353,P005,Fuel Injector FI-220,88,743600,6
C0353,P006,Alternator ALT-500,74,828800,6
C0353,P007,Hydraulic Hose HH-60,40,58000,5
C0353,P008,Bucket Tooth BT-10,23,13340,2
C0353,P009,Starter Motor SM-700,75,1117500,5
C0353,P010,Turbocharger TB-900,26,907400,3
C0353,P011,Hydraulic Cylinder HC-200,76,2097600,7
C0353,P012,Brake Pad BP-40,39,95550,5
C0353,P013,Seal Kit SK-15,120,174000,8
C0353,P014,Transmission Assembly TA-800,56,4676000,5
C0353,P015,Engine Block EB-600,22,2618000,4
C0353,P016,Radiator RD-250,67,683400,5
C0353,P017,Fan Belt FB-30,55,28600,5
C0353,P018,Wheel Rim WR-24,88,994400,6
C0353,P019,Swing Motor SWM-350,78,3104400,7
C0353,P020,Pivot Pin PP-12,45,51750,3
C0353,P021,Boom Cylinder BC-400,45,2079000,4
C0353,P022,Control Valve CV-75,97,1639300,7
C0353,P023,Idler Wheel IW-55,38,492100,4
C0353,P024,Track Roller TR-60,57,587100,3
C0353,P025,Cabin Glass CG-20,62,486700,4
C0353,P026,Grease Cartridge GC-5,51,15810,3
C0353,P027,O-Ring Set OR-50,83,39840,7
C0353,P028,Light Assembly LA-18,75,168750,5
C0353,P029,Pressure Sensor PS-90,84,331800,7
C0353,P030,Fuel Pump FP-350,21,459900,2
C0354,P001,Hydraulic Pump HP-300,104,2548000,9
C0354,P002,Engine Oil Filter OF-90,107,77040,9
C0354,P003,Air Filter AF-120,33,41250,4
C0354,P004,Track Chain TC-45,85,3383000,6
C0354,P005,Fuel Injector FI-220,96,811200,10
C0354,P006,Alternator ALT-500,34,380800,4
C0354,P007,Hydraulic Hose HH-60,100,145000,10
C0354,P008,Bucket Tooth BT-10,39,22620,4
C0354,P009,Starter Motor SM-700,45,670500,4
C0354,P010,Turbocharger TB-900,106,3699400,9
C0354,P011,Hydraulic Cylinder HC-200,80,2208000,8
C0354,P012,Brake Pad BP-40,115,281750,9
C0354,P013,Seal Kit SK-15,120,174000,8
C0354,P014,Transmission Assembly TA-800,91,7598500,9
C0354,P015,Engine Block EB-600,85,10115000,7
C0354,P016,Radiator RD-250,133,1356600,12
C0354,P017,Fan Belt FB-30,107,55640,8
C0354,P018,Wheel Rim WR-24,137,1548100,12
C0354,P019,Swing Motor SWM-350,39,1552200,4
C0354,P020,Pivot Pin PP-12,121,139150,12
C0354,P021,Boom Cylinder BC-400,97,4481400,6
C0354,P022,Control Valve CV-75,115,1943500,8
C0354,P023,Idler Wheel IW-55,126,1631700,7
C0354,P024,Track Roller TR-60,118,1215400,10
C0354,P025,Cabin Glass CG-20,140,1099000,10
C0354,P026,Grease Cartridge GC-5,77,23870,9
C0354,P027,O-Ring Set OR-50,61,29280,6
C0354,P028,Light Assembly LA-18,87,195750,6
C0354,P029,Pressure Sensor PS-90,168,663600,12
C0354,P030,Fuel Pump FP-350,34,744600,4
C0355,P001,Hydraulic Pump HP-300,132,3234000,10
C0355,P002,Engine Oil Filter OF-90,58,41760,5
C0355,P003,Air Filter AF-120,108,135000,10
C0355,P004,Track Chain TC-45,163,6487400,9
C0355,P005,Fuel Injector FI-220,58,490100,7
C0355,P006,Alternator ALT-500,106,1187200,8
C0355,P007,Hydraulic Hose HH-60,62,89900,7
C0355,P008,Bucket Tooth BT-10,72,41760,6
C0355,P009,Starter Motor SM-700,49,730100,6
C0355,P010,Turbocharger TB-900,68,2373200,7
C0355,P011,Hydraulic Cylinder HC-200,84,2318400,7
C0355,P012,Brake Pad BP-40,122,298900,11
C0355,P013,Seal Kit SK-15,111,160950,7
C0355,P014,Transmission Assembly TA-800,106,8851000,10
C0355,P015,Engine Block EB-600,135,16065000,13
C0355,P016,Radiator RD-250,96,979200,8
C0355,P017,Fan Belt FB-30,92,47840,8
C0355,P018,Wheel Rim WR-24,118,1333400,13
C0355,P019,Swing Motor SWM-350,70,2786000,5
C0355,P020,Pivot Pin PP-12,92,105800,7
C0355,P021,Boom Cylinder BC-400,90,4158000,7
C0355,P022,Control Valve CV-75,87,1470300,9
C0355,P023,Idler Wheel IW-55,60,777000,4
C0355,P024,Track Roller TR-60,90,927000,8
C0355,P025,Cabin Glass CG-20,68,533800,5
C0355,P026,Grease Cartridge GC-5,108,33480,9
C0355,P027,O-Ring Set OR-50,156,74880,10
C0355,P028,Light Assembly LA-18,92,207000,6
C0355,P029,Pressure Sensor PS-90,140,553000,12
C0355,P030,Fuel Pump FP-350,58,1270200,5
C0356,P001,Hydraulic Pump HP-300,117,2866500,13
C0356,P002,Engine Oil Filter OF-90,80,57600,7
C0356,P003,Air Filter AF-120,162,202500,9
C0356,P004,Track Chain TC-45,145,5771000,13
C0356,P005,Fuel Injector FI-220,148,1250600,8
C0356,P006,Alternator ALT-500,101,1131200,8
C0356,P007,Hydraulic Hose HH-60,111,160950,11
C0356,P008,Bucket Tooth BT-10,78,45240,10
C0356,P009,Starter Motor SM-700,181,2696900,12
C0356,P010,Turbocharger TB-900,112,3908800,10
C0356,P011,Hydraulic Cylinder HC-200,47,1297200,7
C0356,P012,Brake Pad BP-40,96,235200,5
C0356,P013,Seal Kit SK-15,135,195750,13
C0356,P014,Transmission Assembly TA-800,115,9602500,7
C0356,P015,Engine Block EB-600,99,11781000,9
C0356,P016,Radiator RD-250,59,601800,5
C0356,P017,Fan Belt FB-30,118,61360,12
C0356,P018,Wheel Rim WR-24,158,1785400,10
C0356,P019,Swing Motor SWM-350,88,3502400,9
C0356,P020,Pivot Pin PP-12,92,105800,6
C0356,P021,Boom Cylinder BC-400,187,8639400,14
C0356,P022,Control Valve CV-75,59,997100,4
C0356,P023,Idler Wheel IW-55,108,1398600,9
C0356,P024,Track Roller TR-60,41,422300,3
C0356,P025,Cabin Glass CG-20,66,518100,6
C0356,P026,Grease Cartridge GC-5,87,26970,8
C0356,P027,O-Ring Set OR-50,56,26880,6
C0356,P028,Light Assembly LA-18,128,288000,10
C0356,P029,Pressure Sensor PS-90,136,537200,11
C0356,P030,Fuel Pump FP-350,108,2365200,9
C0357,P001,Hydraulic Pump HP-300,104,2548000,8
C0357,P002,Engine Oil Filter OF-90,20,14400,3
C0357,P003,Air Filter AF-120,76,95000,6
C0357,P004,Track Chain TC-45,101,4019800,7
C0357,P005,Fuel Injector FI-220,40,338000,4
C0357,P006,Alternator ALT-500,53,593600,4
C0357,P007,Hydraulic Hose HH-60,50,72500,5
C0357,P008,Bucket Tooth BT-10,79,45820,8
C0357,P009,Starter Motor SM-700,121,1802900,9
C0357,P010,Turbocharger TB-900,136,4746400,9
C0357,P011,Hydraulic Cylinder HC-200,65,1794000,6
C0357,P012,Brake Pad BP-40,118,289100,7
C0357,P013,Seal Kit SK-15,56,81200,6
C0357,P014,Transmission Assembly TA-800,83,6930500,8
C0357,P015,Engine Block EB-600,104,12376000,9
C0357,P016,Radiator RD-250,42,428400,6
C0357,P017,Fan Belt FB-30,22,11440,4
C0357,P018,Wheel Rim WR-24,33,372900,6
C0357,P019,Swing Motor SWM-350,63,2507400,7
C0357,P020,Pivot Pin PP-12,59,67850,7
C0357,P021,Boom Cylinder BC-400,71,3280200,8
C0357,P022,Control Valve CV-75,68,1149200,5
C0357,P023,Idler Wheel IW-55,91,1178450,5
C0357,P024,Track Roller TR-60,131,1349300,10
C0357,P025,Cabin Glass CG-20,65,510250,3
C0357,P026,Grease Cartridge GC-5,92,28520,5
C0357,P027,O-Ring Set OR-50,25,12000,4
C0357,P028,Light Assembly LA-18,48,108000,6
C0357,P029,Pressure Sensor PS-90,115,454250,7
C0357,P030,Fuel Pump FP-350,42,919800,4
C0358,P001,Hydraulic Pump HP-300,79,1935500,8
C0358,P002,Engine Oil Filter OF-90,57,41040,4
C0358,P003,Air Filter AF-120,89,111250,10
C0358,P004,Track Chain TC-45,144,5731200,10
C0358,P005,Fuel Injector FI-220,98,828100,8
C0358,P006,Alternator ALT-500,75,840000,7
C0358,P007,Hydraulic Hose HH-60,131,189950,12
C0358,P008,Bucket Tooth BT-10,97,56260,10
C0358,P009,Starter Motor SM-700,89,1326100,8
C0358,P010,Turbocharger TB-900,49,1710100,5
C0358,P011,Hydraulic Cylinder HC-200,57,1573200,5
C0358,P012,Brake Pad BP-40,76,186200,6
C0358,P013,Seal Kit SK-15,66,95700,7
C0358,P014,Transmission Assembly TA-800,101,8433500,10
C0358,P015,Engine Block EB-600,109,12971000,10
C0358,P016,Radiator RD-250,112,1142400,9
C0358,P017,Fan Belt FB-30,51,26520,4
C0358,P018,Wheel Rim WR-24,107,1209100,8
C0358,P019,Swing Motor SWM-350,83,3303400,8
C0358,P020,Pivot Pin PP-12,118,135700,9
C0358,P021,Boom Cylinder BC-400,113,5220600,8
C0358,P022,Control Valve CV-75,130,2197000,13
C0358,P023,Idler Wheel IW-55,107,1385650,8
C0358,P024,Track Roller TR-60,45,463500,6
C0358,P025,Cabin Glass CG-20,61,478850,6
C0358,P026,Grease Cartridge GC-5,77,23870,6
C0358,P027,O-Ring Set OR-50,73,35040,9
C0358,P028,Light Assembly LA-18,88,198000,7
C0358,P029,Pressure Sensor PS-90,120,474000,9
C0358,P030,Fuel Pump FP-350,67,1467300,7
C0359,P001,Hydraulic Pump HP-300,150,3675000,10
C0359,P002,Engine Oil Filter OF-90,133,95760,9
C0359,P003,Air Filter AF-120,101,126250,7
C0359,P004,Track Chain TC-45,119,4736200,10
C0359,P005,Fuel Injector FI-220,164,1385800,16
C0359,P006,Alternator ALT-500,68,761600,4
C0359,P007,Hydraulic Hose HH-60,168,243600,15
C0359,P008,Bucket Tooth BT-10,132,76560,9
C0359,P009,Starter Motor SM-700,114,1698600,9
C0359,P010,Turbocharger TB-900,86,3001400,11
C0359,P011,Hydraulic Cylinder HC-200,136,3753600,14
C0359,P012,Brake Pad BP-40,65,159250,7
C0359,P013,Seal Kit SK-15,112,162400,9
C0359,P014,Transmission Assembly TA-800,109,9101500,10
C0359,P015,Engine Block EB-600,188,22372000,12
C0359,P016,Radiator RD-250,137,1397400,12
C0359,P017,Fan Belt FB-30,145,75400,11
C0359,P018,Wheel Rim WR-24,124,1401200,12
C0359,P019,Swing Motor SWM-350,171,6805800,14
C0359,P020,Pivot Pin PP-12,143,164450,10
C0359,P021,Boom Cylinder BC-400,210,9702000,14
C0359,P022,Control Valve CV-75,73,1233700,9
C0359,P023,Idler Wheel IW-55,52,673400,5
C0359,P024,Track Roller TR-60,131,1349300,10
C0359,P025,Cabin Glass CG-20,164,1287400,15
C0359,P026,Grease Cartridge GC-5,57,17670,6
C0359,P027,O-Ring Set OR-50,183,87840,13
C0359,P028,Light Assembly LA-18,188,423000,14
C0359,P029,Pressure Sensor PS-90,142,560900,12
C0359,P030,Fuel Pump FP-350,86,1883400,8
C0360,P001,Hydraulic Pump HP-300,88,2156000,7
C0360,P002,Engine Oil Filter OF-90,52,37440,6
C0360,P003,Air Filter AF-120,42,52500,4
C0360,P004,Track Chain TC-45,72,2865600,7
C0360,P005,Fuel Injector FI-220,78,659100,5
C0360,P006,Alternator ALT-500,121,1355200,8
C0360,P007,Hydraulic Hose HH-60,33,47850,3
C0360,P008,Bucket Tooth BT-10,81,46980,4
C0360,P009,Starter Motor SM-700,124,1847600,10
C0360,P010,Turbocharger TB-900,78,2722200,6
C0360,P011,Hydraulic Cylinder HC-200,123,3394800,9
C0360,P012,Brake Pad BP-40,83,203350,6
C0360,P013,Seal Kit SK-15,39,56550,3
C0360,P014,Transmission Assembly TA-800,107,8934500,9
C0360,P015,Engine Block EB-600,62,7378000,6
C0360,P016,Radiator RD-250,61,622200,7
C0360,P017,Fan Belt FB-30,92,47840,8
C0360,P018,Wheel Rim WR-24,74,836200,5
C0360,P019,Swing Motor SWM-350,120,4776000,9
C0360,P020,Pivot Pin PP-12,87,100050,8
C0360,P021,Boom Cylinder BC-400,70,3234000,7
C0360,P022,Control Valve CV-75,102,1723800,7
C0360,P023,Idler Wheel IW-55,54,699300,3
C0360,P024,Track Roller TR-60,48,494400,8
C0360,P025,Cabin Glass CG-20,109,855650,6
C0360,P026,Grease Cartridge GC-5,58,17980,5
C0360,P027,O-Ring Set OR-50,84,40320,7
C0360,P028,Light Assembly LA-18,129,290250,7
C0360,P029,Pressure Sensor PS-90,129,509550,8
C0360,P030,Fuel Pump FP-350,54,1182600,4
C0361,P001,Hydraulic Pump HP-300,42,1029000,3
C0361,P002,Engine Oil Filter OF-90,98,70560,7
C0361,P003,Air Filter AF-120,41,51250,4
C0361,P004,Track Chain TC-45,83,3303400,6
C0361,P005,Fuel Injector FI-220,97,819650,6
C0361,P006,Alternator ALT-500,133,1489600,10
C0361,P007,Hydraulic Hose HH-60,36,52200,3
C0361,P008,Bucket Tooth BT-10,93,53940,6
C0361,P009,Starter Motor SM-700,114,1698600,10
C0361,P010,Turbocharger TB-900,122,4257800,8
C0361,P011,Hydraulic Cylinder HC-200,92,2539200,7
C0361,P012,Brake Pad BP-40,91,222950,8
C0361,P013,Seal Kit SK-15,51,73950,6
C0361,P014,Transmission Assembly TA-800,115,9602500,12
C0361,P015,Engine Block EB-600,44,5236000,4
C0361,P016,Radiator RD-250,75,765000,6
C0361,P017,Fan Belt FB-30,93,48360,6
C0361,P018,Wheel Rim WR-24,60,678000,6
C0361,P019,Swing Motor SWM-350,56,2228800,6
C0361,P020,Pivot Pin PP-12,53,60950,7
C0361,P021,Boom Cylinder BC-400,111,5128200,7
C0361,P022,Control Valve CV-75,60,1014000,6
C0361,P023,Idler Wheel IW-55,67,867650,7
C0361,P024,Track Roller TR-60,66,679800,4
C0361,P025,Cabin Glass CG-20,95,745750,6
C0361,P026,Grease Cartridge GC-5,74,22940,7
C0361,P027,O-Ring Set OR-50,30,14400,4
C0361,P028,Light Assembly LA-18,68,153000,6
C0361,P029,Pressure Sensor PS-90,72,284400,6
C0361,P030,Fuel Pump FP-350,134,2934600,7
C0362,P001,Hydraulic Pump HP-300,123,3013500,10
C0362,P002,Engine Oil Filter OF-90,102,73440,10
C0362,P003,Air Filter AF-120,79,98750,7
C0362,P004,Track Chain TC-45,67,2666600,7
C0362,P005,Fuel Injector FI-220,87,735150,9
C0362,P006,Alternator ALT-500,127,1422400,9
C0362,P007,Hydraulic Hose HH-60,91,131950,7
C0362,P008,Bucket Tooth BT-10,94,54520,8
C0362,P009,Starter Motor SM-700,145,2160500,10
C0362,P010,Turbocharger TB-900,29,1012100,5
C0362,P011,Hydraulic Cylinder HC-200,116,3201600,8
C0362,P012,Brake Pad BP-40,39,95550,4
C0362,P013,Seal Kit SK-15,89,129050,9
C0362,P014,Transmission Assembly TA-800,98,8183000,7
C0362,P015,Engine Block EB-600,24,2856000,2
C0362,P016,Radiator RD-250,54,550800,6
C0362,P017,Fan Belt FB-30,148,76960,16
C0362,P018,Wheel Rim WR-24,122,1378600,11
C0362,P019,Swing Motor SWM-350,81,3223800,8
C0362,P020,Pivot Pin PP-12,69,79350,6
C0362,P021,Boom Cylinder BC-400,141,6514200,11
C0362,P022,Control Valve CV-75,87,1470300,7
C0362,P023,Idler Wheel IW-55,79,1023050,6
C0362,P024,Track Roller TR-60,116,1194800,8
C0362,P025,Cabin Glass CG-20,32,251200,4
C0362,P026,Grease Cartridge GC-5,117,36270,10
C0362,P027,O-Ring Set OR-50,32,15360,5
C0362,P028,Light Assembly LA-18,100,225000,9
C0362,P029,Pressure Sensor PS-90,61,240950,6
C0362,P030,Fuel Pump FP-350,118,2584200,9
C0363,P001,Hydraulic Pump HP-300,127,3111500,8
C0363,P002,Engine Oil Filter OF-90,92,66240,9
C0363,P003,Air Filter AF-120,75,93750,6
C0363,P004,Track Chain TC-45,73,2905400,7
C0363,P005,Fuel Injector FI-220,119,1005550,13
C0363,P006,Alternator ALT-500,81,907200,7
C0363,P007,Hydraulic Hose HH-60,120,174000,8
C0363,P008,Bucket Tooth BT-10,134,77720,11
C0363,P009,Starter Motor SM-700,65,968500,6
C0363,P010,Turbocharger TB-900,87,3036300,8
C0363,P011,Hydraulic Cylinder HC-200,143,3946800,11
C0363,P012,Brake Pad BP-40,114,279300,11
C0363,P013,Seal Kit SK-15,111,160950,9
C0363,P014,Transmission Assembly TA-800,47,3924500,5
C0363,P015,Engine Block EB-600,118,14042000,7
C0363,P016,Radiator RD-250,82,836400,7
C0363,P017,Fan Belt FB-30,61,31720,5
C0363,P018,Wheel Rim WR-24,73,824900,6
C0363,P019,Swing Motor SWM-350,76,3024800,7
C0363,P020,Pivot Pin PP-12,78,89700,7
C0363,P021,Boom Cylinder BC-400,111,5128200,12
C0363,P022,Control Valve CV-75,57,963300,6
C0363,P023,Idler Wheel IW-55,104,1346800,8
C0363,P024,Track Roller TR-60,67,690100,6
C0363,P025,Cabin Glass CG-20,53,416050,8
C0363,P026,Grease Cartridge GC-5,143,44330,10
C0363,P027,O-Ring Set OR-50,89,42720,8
C0363,P028,Light Assembly LA-18,77,173250,7
C0363,P029,Pressure Sensor PS-90,166,655700,11
C0363,P030,Fuel Pump FP-350,58,1270200,5
C0364,P001,Hydraulic Pump HP-300,119,2915500,9
C0364,P002,Engine Oil Filter OF-90,36,25920,3
C0364,P003,Air Filter AF-120,129,161250,9
C0364,P004,Track Chain TC-45,55,2189000,6
C0364,P005,Fuel Injector FI-220,113,954850,7
C0364,P006,Alternator ALT-500,60,672000,4
C0364,P007,Hydraulic Hose HH-60,113,163850,11
C0364,P008,Bucket Tooth BT-10,73,42340,8
C0364,P009,Starter Motor SM-700,93,1385700,9
C0364,P010,Turbocharger TB-900,83,2896700,8
C0364,P011,Hydraulic Cylinder HC-200,90,2484000,8
C0364,P012,Brake Pad BP-40,84,205800,8
C0364,P013,Seal Kit SK-15,96,139200,7
C0364,P014,Transmission Assembly TA-800,40,3340000,6
C0364,P015,Engine Block EB-600,84,9996000,7
C0364,P016,Radiator RD-250,153,1560600,16
C0364,P017,Fan Belt FB-30,118,61360,8
C0364,P018,Wheel Rim WR-24,18,203400,3
C0364,P019,Swing Motor SWM-350,174,6925200,13
C0364,P020,Pivot Pin PP-12,88,101200,7
C0364,P021,Boom Cylinder BC-400,88,4065600,7
C0364,P022,Control Valve CV-75,114,1926600,9
C0364,P023,Idler Wheel IW-55,92,1191400,8
C0364,P024,Track Roller TR-60,95,978500,9
C0364,P025,Cabin Glass CG-20,83,651550,6
C0364,P026,Grease Cartridge GC-5,60,18600,5
C0364,P027,O-Ring Set OR-50,68,32640,7
C0364,P028,Light Assembly LA-18,31,69750,4
C0364,P029,Pressure Sensor PS-90,88,347600,8
C0364,P030,Fuel Pump FP-350,118,2584200,10
C0365,P001,Hydraulic Pump HP-300,161,3944500,15
C0365,P002,Engine Oil Filter OF-90,101,72720,9
C0365,P003,Air Filter AF-120,120,150000,12
C0365,P004,Track Chain TC-45,106,4218800,10
C0365,P005,Fuel Injector FI-220,165,1394250,11
C0365,P006,Alternator ALT-500,64,716800,9
C0365,P007,Hydraulic Hose HH-60,143,207350,13
C0365,P008,Bucket Tooth BT-10,65,37700,9
C0365,P009,Starter Motor SM-700,186,2771400,12
C0365,P010,Turbocharger TB-900,70,2443000,5
C0365,P011,Hydraulic Cylinder HC-200,122,3367200,12
C0365,P012,Brake Pad BP-40,41,100450,6
C0365,P013,Seal Kit SK-15,87,126150,7
C0365,P014,Transmission Assembly TA-800,79,6596500,7
C0365,P015,Engine Block EB-600,34,4046000,6
C0365,P016,Radiator RD-250,127,1295400,7
C0365,P017,Fan Belt FB-30,157,81640,14
C0365,P018,Wheel Rim WR-24,82,926600,9
C0365,P019,Swing Motor SWM-350,170,6766000,12
C0365,P020,Pivot Pin PP-12,140,161000,10
C0365,P021,Boom Cylinder BC-400,113,5220600,9
C0365,P022,Control Valve CV-75,102,1723800,8
C0365,P023,Idler Wheel IW-55,166,2149700,11
C0365,P024,Track Roller TR-60,64,659200,9
C0365,P025,Cabin Glass CG-20,90,706500,9
C0365,P026,Grease Cartridge GC-5,105,32550,8
C0365,P027,O-Ring Set OR-50,91,43680,8
C0365,P028,Light Assembly LA-18,92,207000,7
C0365,P029,Pressure Sensor PS-90,103,406850,9
C0365,P030,Fuel Pump FP-350,88,1927200,6
C0366,P001,Hydraulic Pump HP-300,126,3087000,7
C0366,P002,Engine Oil Filter OF-90,83,59760,6
C0366,P003,Air Filter AF-120,52,65000,7
C0366,P004,Track Chain TC-45,51,2029800,4
C0366,P005,Fuel Injector FI-220,53,447850,6
C0366,P006,Alternator ALT-500,39,436800,5
C0366,P007,Hydraulic Hose HH-60,22,31900,2
C0366,P008,Bucket Tooth BT-10,79,45820,7
C0366,P009,Starter Motor SM-700,50,745000,4
C0366,P010,Turbocharger TB-900,22,767800,4
C0366,P011,Hydraulic Cylinder HC-200,43,1186800,5
C0366,P012,Brake Pad BP-40,56,137200,4
C0366,P013,Seal Kit SK-15,51,73950,5
C0366,P014,Transmission Assembly TA-800,86,7181000,7
C0366,P015,Engine Block EB-600,51,6069000,6
C0366,P016,Radiator RD-250,23,234600,2
C0366,P017,Fan Belt FB-30,27,14040,4
C0366,P018,Wheel Rim WR-24,71,802300,6
C0366,P019,Swing Motor SWM-350,77,3064600,7
C0366,P020,Pivot Pin PP-12,57,65550,5
C0366,P021,Boom Cylinder BC-400,105,4851000,9
C0366,P022,Control Valve CV-75,123,2078700,11
C0366,P023,Idler Wheel IW-55,24,310800,5
C0366,P024,Track Roller TR-60,19,195700,3
C0366,P025,Cabin Glass CG-20,79,620150,7
C0366,P026,Grease Cartridge GC-5,72,22320,6
C0366,P027,O-Ring Set OR-50,66,31680,4
C0366,P028,Light Assembly LA-18,55,123750,5
C0366,P029,Pressure Sensor PS-90,22,86900,2
C0366,P030,Fuel Pump FP-350,87,1905300,6
C0367,P001,Hydraulic Pump HP-300,23,563500,5
C0367,P002,Engine Oil Filter OF-90,116,83520,10
C0367,P003,Air Filter AF-120,104,130000,8
C0367,P004,Track Chain TC-45,53,2109400,5
C0367,P005,Fuel Injector FI-220,97,819650,9
C0367,P006,Alternator ALT-500,80,896000,6
C0367,P007,Hydraulic Hose HH-60,49,71050,6
C0367,P008,Bucket Tooth BT-10,68,39440,6
C0367,P009,Starter Motor SM-700,79,1177100,6
C0367,P010,Turbocharger TB-900,64,2233600,6
C0367,P011,Hydraulic Cylinder HC-200,65,1794000,7
C0367,P012,Brake Pad BP-40,67,164150,6
C0367,P013,Seal Kit SK-15,138,200100,10
C0367,P014,Transmission Assembly TA-800,119,9936500,9
C0367,P015,Engine Block EB-600,91,10829000,5
C0367,P016,Radiator RD-250,68,693600,6
C0367,P017,Fan Belt FB-30,48,24960,4
C0367,P018,Wheel Rim WR-24,106,1197800,9
C0367,P019,Swing Motor SWM-350,61,2427800,5
C0367,P020,Pivot Pin PP-12,15,17250,2
C0367,P021,Boom Cylinder BC-400,128,5913600,8
C0367,P022,Control Valve CV-75,77,1301300,6
C0367,P023,Idler Wheel IW-55,112,1450400,8
C0367,P024,Track Roller TR-60,61,628300,5
C0367,P025,Cabin Glass CG-20,74,580900,6
C0367,P026,Grease Cartridge GC-5,128,39680,9
C0367,P027,O-Ring Set OR-50,36,17280,5
C0367,P028,Light Assembly LA-18,108,243000,7
C0367,P029,Pressure Sensor PS-90,51,201450,5
C0367,P030,Fuel Pump FP-350,117,2562300,7
C0368,P001,Hydraulic Pump HP-300,88,2156000,7
C0368,P002,Engine Oil Filter OF-90,82,59040,9
C0368,P003,Air Filter AF-120,30,37500,3
C0368,P004,Track Chain TC-45,28,1114400,3
C0368,P005,Fuel Injector FI-220,70,591500,5
C0368,P006,Alternator ALT-500,82,918400,7
C0368,P007,Hydraulic Hose HH-60,81,117450,6
C0368,P008,Bucket Tooth BT-10,41,23780,4
C0368,P009,Starter Motor SM-700,86,1281400,6
C0368,P010,Turbocharger TB-900,47,1640300,6
C0368,P011,Hydraulic Cylinder HC-200,49,1352400,6
C0368,P012,Brake Pad BP-40,120,294000,10
C0368,P013,Seal Kit SK-15,58,84100,6
C0368,P014,Transmission Assembly TA-800,105,8767500,11
C0368,P015,Engine Block EB-600,98,11662000,7
C0368,P016,Radiator RD-250,86,877200,8
C0368,P017,Fan Belt FB-30,87,45240,5
C0368,P018,Wheel Rim WR-24,16,180800,2
C0368,P019,Swing Motor SWM-350,29,1154200,5
C0368,P020,Pivot Pin PP-12,47,54050,8
C0368,P021,Boom Cylinder BC-400,54,2494800,8
C0368,P022,Control Valve CV-75,63,1064700,8
C0368,P023,Idler Wheel IW-55,115,1489250,8
C0368,P024,Track Roller TR-60,75,772500,6
C0368,P025,Cabin Glass CG-20,62,486700,5
C0368,P026,Grease Cartridge GC-5,132,40920,11
C0368,P027,O-Ring Set OR-50,36,17280,2
C0368,P028,Light Assembly LA-18,141,317250,13
C0368,P029,Pressure Sensor PS-90,28,110600,2
C0368,P030,Fuel Pump FP-350,149,3263100,11
C0369,P001,Hydraulic Pump HP-300,90,2205000,8
C0369,P002,Engine Oil Filter OF-90,66,47520,6
C0369,P003,Air Filter AF-120,64,80000,9
C0369,P004,Track Chain TC-45,162,6447600,10
C0369,P005,Fuel Injector FI-220,113,954850,10
C0369,P006,Alternator ALT-500,113,1265600,10
C0369,P007,Hydraulic Hose HH-60,114,165300,9
C0369,P008,Bucket Tooth BT-10,131,75980,12
C0369,P009,Starter Motor SM-700,141,2100900,9
C0369,P010,Turbocharger TB-900,88,3071200,7
C0369,P011,Hydraulic Cylinder HC-200,115,3174000,10
C0369,P012,Brake Pad BP-40,158,387100,13
C0369,P013,Seal Kit SK-15,102,147900,9
C0369,P014,Transmission Assembly TA-800,99,8266500,7
C0369,P015,Engine Block EB-600,110,13090000,10
C0369,P016,Radiator RD-250,77,785400,9
C0369,P017,Fan Belt FB-30,66,34320,7
C0369,P018,Wheel Rim WR-24,133,1502900,14
C0369,P019,Swing Motor SWM-350,69,2746200,6
C0369,P020,Pivot Pin PP-12,88,101200,7
C0369,P021,Boom Cylinder BC-400,133,6144600,10
C0369,P022,Control Valve CV-75,74,1250600,6
C0369,P023,Idler Wheel IW-55,115,1489250,10
C0369,P024,Track Roller TR-60,121,1246300,12
C0369,P025,Cabin Glass CG-20,105,824250,8
C0369,P026,Grease Cartridge GC-5,99,30690,10
C0369,P027,O-Ring Set OR-50,52,24960,6
C0369,P028,Light Assembly LA-18,81,182250,8
C0369,P029,Pressure Sensor PS-90,86,339700,8
C0369,P030,Fuel Pump FP-350,82,1795800,6
C0370,P001,Hydraulic Pump HP-300,55,1347500,6
C0370,P002,Engine Oil Filter OF-90,101,72720,7
C0370,P003,Air Filter AF-120,80,100000,7
C0370,P004,Track Chain TC-45,63,2507400,4
C0370,P005,Fuel Injector FI-220,111,937950,9
C0370,P006,Alternator ALT-500,49,548800,6
C0370,P007,Hydraulic Hose HH-60,88,127600,6
C0370,P008,Bucket Tooth BT-10,66,38280,7
C0370,P009,Starter Motor SM-700,147,2190300,10
C0370,P010,Turbocharger TB-900,83,2896700,7
C0370,P011,Hydraulic Cylinder HC-200,80,2208000,7
C0370,P012,Brake Pad BP-40,152,372400,10
C0370,P013,Seal Kit SK-15,60,87000,7
C0370,P014,Transmission Assembly TA-800,67,5594500,6
C0370,P015,Engine Block EB-600,96,11424000,9
C0370,P016,Radiator RD-250,33,336600,2
C0370,P017,Fan Belt FB-30,94,48880,7
C0370,P018,Wheel Rim WR-24,98,1107400,9
C0370,P019,Swing Motor SWM-350,76,3024800,5
C0370,P020,Pivot Pin PP-12,72,82800,8
C0370,P021,Boom Cylinder BC-400,82,3788400,8
C0370,P022,Control Valve CV-75,82,1385800,7
C0370,P023,Idler Wheel IW-55,96,1243200,6
C0370,P024,Track Roller TR-60,83,854900,8
C0370,P025,Cabin Glass CG-20,161,1263850,11
C0370,P026,Grease Cartridge GC-5,118,36580,9
C0370,P027,O-Ring Set OR-50,96,46080,7
C0370,P028,Light Assembly LA-18,58,130500,5
C0370,P029,Pressure Sensor PS-90,91,359450,6
C0370,P030,Fuel Pump FP-350,83,1817700,8
C0371,P001,Hydraulic Pump HP-300,125,3062500,12
C0371,P002,Engine Oil Filter OF-90,79,56880,8
C0371,P003,Air Filter AF-120,33,41250,3
C0371,P004,Track Chain TC-45,49,1950200,6
C0371,P005,Fuel Injector FI-220,55,464750,6
C0371,P006,Alternator ALT-500,160,1792000,12
C0371,P007,Hydraulic Hose HH-60,69,100050,7
C0371,P008,Bucket Tooth BT-10,113,65540,10
C0371,P009,Starter Motor SM-700,120,1788000,8
C0371,P010,Turbocharger TB-900,59,2059100,8
C0371,P011,Hydraulic Cylinder HC-200,124,3422400,13
C0371,P012,Brake Pad BP-40,84,205800,8
C0371,P013,Seal Kit SK-15,89,129050,8
C0371,P014,Transmission Assembly TA-800,82,6847000,9
C0371,P015,Engine Block EB-600,246,29274000,18
C0371,P016,Radiator RD-250,87,887400,8
C0371,P017,Fan Belt FB-30,144,74880,14
C0371,P018,Wheel Rim WR-24,110,1243000,9
C0371,P019,Swing Motor SWM-350,80,3184000,8
C0371,P020,Pivot Pin PP-12,198,227700,16
C0371,P021,Boom Cylinder BC-400,170,7854000,12
C0371,P022,Control Valve CV-75,70,1183000,7
C0371,P023,Idler Wheel IW-55,101,1307950,6
C0371,P024,Track Roller TR-60,56,576800,4
C0371,P025,Cabin Glass CG-20,123,965550,12
C0371,P026,Grease Cartridge GC-5,72,22320,7
C0371,P027,O-Ring Set OR-50,135,64800,11
C0371,P028,Light Assembly LA-18,114,256500,12
C0371,P029,Pressure Sensor PS-90,51,201450,6
C0371,P030,Fuel Pump FP-350,94,2058600,6
C0372,P001,Hydraulic Pump HP-300,45,1102500,6
C0372,P002,Engine Oil Filter OF-90,52,37440,3
C0372,P003,Air Filter AF-120,48,60000,4
C0372,P004,Track Chain TC-45,75,2985000,4
C0372,P005,Fuel Injector FI-220,91,768950,8
C0372,P006,Alternator ALT-500,58,649600,4
C0372,P007,Hydraulic Hose HH-60,68,98600,6
C0372,P008,Bucket Tooth BT-10,102,59160,8
C0372,P009,Starter Motor SM-700,27,402300,4
C0372,P010,Turbocharger TB-900,93,3245700,10
C0372,P011,Hydraulic Cylinder HC-200,91,2511600,7
C0372,P012,Brake Pad BP-40,153,374850,11
C0372,P013,Seal Kit SK-15,45,65250,5
C0372,P014,Transmission Assembly TA-800,62,5177000,6
C0372,P015,Engine Block EB-600,90,10710000,8
C0372,P016,Radiator RD-250,75,765000,5
C0372,P017,Fan Belt FB-30,96,49920,7
C0372,P018,Wheel Rim WR-24,54,610200,5
C0372,P019,Swing Motor SWM-350,44,1751200,4
C0372,P020,Pivot Pin PP-12,91,104650,11
C0372,P021,Boom Cylinder BC-400,86,3973200,6
C0372,P022,Control Valve CV-75,1,16900,1
C0372,P023,Idler Wheel IW-55,66,854700,6
C0372,P024,Track Roller TR-60,136,1400800,11
C0372,P025,Cabin Glass CG-20,163,1279550,10
C0372,P026,Grease Cartridge GC-5,57,17670,6
C0372,P027,O-Ring Set OR-50,34,16320,4
C0372,P028,Light Assembly LA-18,42,94500,7
C0372,P029,Pressure Sensor PS-90,126,497700,10
C0372,P030,Fuel Pump FP-350,99,2168100,7
C0373,P001,Hydraulic Pump HP-300,47,1151500,6
C0373,P002,Engine Oil Filter OF-90,49,35280,6
C0373,P003,Air Filter AF-120,84,105000,9
C0373,P004,Track Chain TC-45,59,2348200,7
C0373,P005,Fuel Injector FI-220,68,574600,7
C0373,P006,Alternator ALT-500,132,1478400,10
C0373,P007,Hydraulic Hose HH-60,75,108750,6
C0373,P008,Bucket Tooth BT-10,175,101500,14
C0373,P009,Starter Motor SM-700,109,1624100,11
C0373,P010,Turbocharger TB-900,134,4676600,11
C0373,P011,Hydraulic Cylinder HC-200,44,1214400,7
C0373,P012,Brake Pad BP-40,181,443450,14
C0373,P013,Seal Kit SK-15,106,153700,7
C0373,P014,Transmission Assembly TA-800,139,11606500,13
C0373,P015,Engine Block EB-600,133,15827000,10
C0373,P016,Radiator RD-250,150,1530000,10
C0373,P017,Fan Belt FB-30,95,49400,9
C0373,P018,Wheel Rim WR-24,84,949200,8
C0373,P019,Swing Motor SWM-350,102,4059600,8
C0373,P020,Pivot Pin PP-12,170,195500,12
C0373,P021,Boom Cylinder BC-400,132,6098400,11
C0373,P022,Control Valve CV-75,90,1521000,9
C0373,P023,Idler Wheel IW-55,29,375550,2
C0373,P024,Track Roller TR-60,91,937300,8
C0373,P025,Cabin Glass CG-20,105,824250,8
C0373,P026,Grease Cartridge GC-5,65,20150,5
C0373,P027,O-Ring Set OR-50,118,56640,9
C0373,P028,Light Assembly LA-18,104,234000,10
C0373,P029,Pressure Sensor PS-90,98,387100,9
C0373,P030,Fuel Pump FP-350,103,2255700,8
C0374,P001,Hydraulic Pump HP-300,114,2793000,7
C0374,P002,Engine Oil Filter OF-90,79,56880,7
C0374,P003,Air Filter AF-120,48,60000,6
C0374,P004,Track Chain TC-45,131,5213800,13
C0374,P005,Fuel Injector FI-220,102,861900,7
C0374,P006,Alternator ALT-500,124,1388800,11
C0374,P007,Hydraulic Hose HH-60,138,200100,14
C0374,P008,Bucket Tooth BT-10,127,73660,11
C0374,P009,Starter Motor SM-700,129,1922100,8
C0374,P010,Turbocharger TB-900,154,5374600,10
C0374,P011,Hydraulic Cylinder HC-200,99,2732400,9
C0374,P012,Brake Pad BP-40,146,357700,16
C0374,P013,Seal Kit SK-15,130,188500,11
C0374,P014,Transmission Assembly TA-800,80,6680000,7
C0374,P015,Engine Block EB-600,107,12733000,11
C0374,P016,Radiator RD-250,116,1183200,10
C0374,P017,Fan Belt FB-30,61,31720,4
C0374,P018,Wheel Rim WR-24,107,1209100,8
C0374,P019,Swing Motor SWM-350,84,3343200,8
C0374,P020,Pivot Pin PP-12,75,86250,7
C0374,P021,Boom Cylinder BC-400,89,4111800,10
C0374,P022,Control Valve CV-75,113,1909700,11
C0374,P023,Idler Wheel IW-55,97,1256150,11
C0374,P024,Track Roller TR-60,266,2739800,15
C0374,P025,Cabin Glass CG-20,84,659400,6
C0374,P026,Grease Cartridge GC-5,74,22940,8
C0374,P027,O-Ring Set OR-50,117,56160,8
C0374,P028,Light Assembly LA-18,82,184500,7
C0374,P029,Pressure Sensor PS-90,101,398950,9
C0374,P030,Fuel Pump FP-350,29,635100,3
C0375,P001,Hydraulic Pump HP-300,142,3479000,13
C0375,P002,Engine Oil Filter OF-90,127,91440,8
C0375,P003,Air Filter AF-120,86,107500,8
C0375,P004,Track Chain TC-45,168,6686400,11
C0375,P005,Fuel Injector FI-220,72,608400,8
C0375,P006,Alternator ALT-500,71,795200,7
C0375,P007,Hydraulic Hose HH-60,78,113100,6
C0375,P008,Bucket Tooth BT-10,109,63220,12
C0375,P009,Starter Motor SM-700,59,879100,8
C0375,P010,Turbocharger TB-900,80,2792000,6
C0375,P011,Hydraulic Cylinder HC-200,101,2787600,10
C0375,P012,Brake Pad BP-40,85,208250,9
C0375,P013,Seal Kit SK-15,82,118900,7
C0375,P014,Transmission Assembly TA-800,127,10604500,11
C0375,P015,Engine Block EB-600,95,11305000,8
C0375,P016,Radiator RD-250,83,846600,10
C0375,P017,Fan Belt FB-30,40,20800,6
C0375,P018,Wheel Rim WR-24,145,1638500,13
C0375,P019,Swing Motor SWM-350,178,7084400,12
C0375,P020,Pivot Pin PP-12,120,138000,9
C0375,P021,Boom Cylinder BC-400,143,6606600,11
C0375,P022,Control Valve CV-75,171,2889900,15
C0375,P023,Idler Wheel IW-55,71,919450,10
C0375,P024,Track Roller TR-60,21,216300,3
C0375,P025,Cabin Glass CG-20,108,847800,7
C0375,P026,Grease Cartridge GC-5,132,40920,8
C0375,P027,O-Ring Set OR-50,96,46080,8
C0375,P028,Light Assembly LA-18,119,267750,10
C0375,P029,Pressure Sensor PS-90,112,442400,10
C0375,P030,Fuel Pump FP-350,134,2934600,14
C0376,P001,Hydraulic Pump HP-300,104,2548000,8
C0376,P002,Engine Oil Filter OF-90,58,41760,8
C0376,P003,Air Filter AF-120,60,75000,6
C0376,P004,Track Chain TC-45,53,2109400,3
C0376,P005,Fuel Injector FI-220,90,760500,8
C0376,P006,Alternator ALT-500,100,1120000,8
C0376,P007,Hydraulic Hose HH-60,93,134850,9
C0376,P008,Bucket Tooth BT-10,212,122960,11
C0376,P009,Starter Motor SM-700,18,268200,2
C0376,P010,Turbocharger TB-900,79,2757100,6
C0376,P011,Hydraulic Cylinder HC-200,102,2815200,9
C0376,P012,Brake Pad BP-40,123,301350,10
C0376,P013,Seal Kit SK-15,168,243600,15
C0376,P014,Transmission Assembly TA-800,63,5260500,7
C0376,P015,Engine Block EB-600,122,14518000,7
C0376,P016,Radiator RD-250,49,499800,5
C0376,P017,Fan Belt FB-30,59,30680,7
C0376,P018,Wheel Rim WR-24,59,666700,4
C0376,P019,Swing Motor SWM-350,99,3940200,6
C0376,P020,Pivot Pin PP-12,103,118450,12
C0376,P021,Boom Cylinder BC-400,56,2587200,5
C0376,P022,Control Valve CV-75,119,2011100,10
C0376,P023,Idler Wheel IW-55,97,1256150,10
C0376,P024,Track Roller TR-60,28,288400,2
C0376,P025,Cabin Glass CG-20,135,1059750,9
C0376,P026,Grease Cartridge GC-5,133,41230,10
C0376,P027,O-Ring Set OR-50,96,46080,7
C0376,P028,Light Assembly LA-18,124,279000,10
C0376,P029,Pressure Sensor PS-90,75,296250,8
C0376,P030,Fuel Pump FP-350,137,3000300,12
C0377,P001,Hydraulic Pump HP-300,106,2597000,9
C0377,P002,Engine Oil Filter OF-90,125,90000,7
C0377,P003,Air Filter AF-120,90,112500,7
C0377,P004,Track Chain TC-45,126,5014800,9
C0377,P005,Fuel Injector FI-220,139,1174550,11
C0377,P006,Alternator ALT-500,121,1355200,8
C0377,P007,Hydraulic Hose HH-60,67,97150,6
C0377,P008,Bucket Tooth BT-10,104,60320,10
C0377,P009,Starter Motor SM-700,166,2473400,8
C0377,P010,Turbocharger TB-900,90,3141000,9
C0377,P011,Hydraulic Cylinder HC-200,81,2235600,8
C0377,P012,Brake Pad BP-40,111,271950,9
C0377,P013,Seal Kit SK-15,83,120350,10
C0377,P014,Transmission Assembly TA-800,145,12107500,10
C0377,P015,Engine Block EB-600,93,11067000,9
C0377,P016,Radiator RD-250,84,856800,5
C0377,P017,Fan Belt FB-30,87,45240,9
C0377,P018,Wheel Rim WR-24,61,689300,6
C0377,P019,Swing Motor SWM-350,86,3422800,7
C0377,P020,Pivot Pin PP-12,69,79350,9
C0377,P021,Boom Cylinder BC-400,94,4342800,8
C0377,P022,Control Valve CV-75,33,557700,4
C0377,P023,Idler Wheel IW-55,78,1010100,8
C0377,P024,Track Roller TR-60,47,484100,4
C0377,P025,Cabin Glass CG-20,118,926300,10
C0377,P026,Grease Cartridge GC-5,92,28520,5
C0377,P027,O-Ring Set OR-50,110,52800,8
C0377,P028,Light Assembly LA-18,94,211500,5
C0377,P029,Pressure Sensor PS-90,103,406850,8
C0377,P030,Fuel Pump FP-350,75,1642500,7
C0378,P001,Hydraulic Pump HP-300,88,2156000,7
C0378,P002,Engine Oil Filter OF-90,116,83520,11
C0378,P003,Air Filter AF-120,73,91250,8
C0378,P004,Track Chain TC-45,123,4895400,10
C0378,P005,Fuel Injector FI-220,106,895700,9
C0378,P006,Alternator ALT-500,70,784000,7
C0378,P007,Hydraulic Hose HH-60,101,146450,9
C0378,P008,Bucket Tooth BT-10,80,46400,6
C0378,P009,Starter Motor SM-700,128,1907200,11
C0378,P010,Turbocharger TB-900,101,3524900,8
C0378,P011,Hydraulic Cylinder HC-200,66,1821600,6
C0378,P012,Brake Pad BP-40,96,235200,9
C0378,P013,Seal Kit SK-15,138,200100,8
C0378,P014,Transmission Assembly TA-800,72,6012000,6
C0378,P015,Engine Block EB-600,64,7616000,6
C0378,P016,Radiator RD-250,84,856800,10
C0378,P017,Fan Belt FB-30,44,22880,6
C0378,P018,Wheel Rim WR-24,111,1254300,11
C0378,P019,Swing Motor SWM-350,149,5930200,14
C0378,P020,Pivot Pin PP-12,133,152950,13
C0378,P021,Boom Cylinder BC-400,82,3788400,8
C0378,P022,Control Valve CV-75,73,1233700,4
C0378,P023,Idler Wheel IW-55,142,1838900,12
C0378,P024,Track Roller TR-60,52,535600,6
C0378,P025,Cabin Glass CG-20,73,573050,5
C0378,P026,Grease Cartridge GC-5,62,19220,7
C0378,P027,O-Ring Set OR-50,100,48000,7
C0378,P028,Light Assembly LA-18,67,150750,7
C0378,P029,Pressure Sensor PS-90,68,268600,5
C0378,P030,Fuel Pump FP-350,100,2190000,8
C0379,P001,Hydraulic Pump HP-300,73,1788500,7
C0379,P002,Engine Oil Filter OF-90,106,76320,9
C0379,P003,Air Filter AF-120,180,225000,13
C0379,P004,Track Chain TC-45,96,3820800,8
C0379,P005,Fuel Injector FI-220,73,616850,7
C0379,P006,Alternator ALT-500,116,1299200,8
C0379,P007,Hydraulic Hose HH-60,73,105850,8
C0379,P008,Bucket Tooth BT-10,73,42340,9
C0379,P009,Starter Motor SM-700,45,670500,5
C0379,P010,Turbocharger TB-900,56,1954400,5
C0379,P011,Hydraulic Cylinder HC-200,107,2953200,9
C0379,P012,Brake Pad BP-40,100,245000,9
C0379,P013,Seal Kit SK-15,98,142100,11
C0379,P014,Transmission Assembly TA-800,96,8016000,8
C0379,P015,Engine Block EB-600,93,11067000,10
C0379,P016,Radiator RD-250,133,1356600,11
C0379,P017,Fan Belt FB-30,103,53560,8
C0379,P018,Wheel Rim WR-24,114,1288200,9
C0379,P019,Swing Motor SWM-350,75,2985000,6
C0379,P020,Pivot Pin PP-12,126,144900,13
C0379,P021,Boom Cylinder BC-400,101,4666200,8
C0379,P022,Control Valve CV-75,160,2704000,10
C0379,P023,Idler Wheel IW-55,142,1838900,12
C0379,P024,Track Roller TR-60,82,844600,8
C0379,P025,Cabin Glass CG-20,109,855650,8
C0379,P026,Grease Cartridge GC-5,70,21700,5
C0379,P027,O-Ring Set OR-50,105,50400,7
C0379,P028,Light Assembly LA-18,86,193500,5
C0379,P029,Pressure Sensor PS-90,129,509550,12
C0379,P030,Fuel Pump FP-350,90,1971000,9
C0380,P001,Hydraulic Pump HP-300,166,4067000,14
C0380,P002,Engine Oil Filter OF-90,105,75600,7
C0380,P003,Air Filter AF-120,62,77500,8
C0380,P004,Track Chain TC-45,137,5452600,13
C0380,P005,Fuel Injector FI-220,177,1495650,10
C0380,P006,Alternator ALT-500,209,2340800,16
C0380,P007,Hydraulic Hose HH-60,219,317550,16
C0380,P008,Bucket Tooth BT-10,144,83520,10
C0380,P009,Starter Motor SM-700,176,2622400,14
C0380,P010,Turbocharger TB-900,128,4467200,11
C0380,P011,Hydraulic Cylinder HC-200,131,3615600,12
C0380,P012,Brake Pad BP-40,126,308700,10
C0380,P013,Seal Kit SK-15,93,134850,10
C0380,P014,Transmission Assembly TA-800,146,12191000,14
C0380,P015,Engine Block EB-600,82,9758000,8
C0380,P016,Radiator RD-250,64,652800,5
C0380,P017,Fan Belt FB-30,123,63960,10
C0380,P018,Wheel Rim WR-24,105,1186500,9
C0380,P019,Swing Motor SWM-350,158,6288400,12
C0380,P020,Pivot Pin PP-12,94,108100,7
C0380,P021,Boom Cylinder BC-400,139,6421800,11
C0380,P022,Control Valve CV-75,141,2382900,12
C0380,P023,Idler Wheel IW-55,75,971250,9
C0380,P024,Track Roller TR-60,108,1112400,9
C0380,P025,Cabin Glass CG-20,156,1224600,13
C0380,P026,Grease Cartridge GC-5,130,40300,13
C0380,P027,O-Ring Set OR-50,144,69120,11
C0380,P028,Light Assembly LA-18,178,400500,15
C0380,P029,Pressure Sensor PS-90,227,896650,15
C0380,P030,Fuel Pump FP-350,120,2628000,9
C0381,P001,Hydraulic Pump HP-300,89,2180500,8
C0381,P002,Engine Oil Filter OF-90,46,33120,4
C0381,P003,Air Filter AF-120,62,77500,5
C0381,P004,Track Chain TC-45,84,3343200,5
C0381,P005,Fuel Injector FI-220,46,388700,4
C0381,P006,Alternator ALT-500,72,806400,8
C0381,P007,Hydraulic Hose HH-60,90,130500,6
C0381,P008,Bucket Tooth BT-10,103,59740,10
C0381,P009,Starter Motor SM-700,97,1445300,7
C0381,P010,Turbocharger TB-900,101,3524900,9
C0381,P011,Hydraulic Cylinder HC-200,91,2511600,8
C0381,P012,Brake Pad BP-40,16,39200,1
C0381,P013,Seal Kit SK-15,111,160950,9
C0381,P014,Transmission Assembly TA-800,124,10354000,9
C0381,P015,Engine Block EB-600,100,11900000,9
C0381,P016,Radiator RD-250,44,448800,4
C0381,P017,Fan Belt FB-30,74,38480,6
C0381,P018,Wheel Rim WR-24,21,237300,4
C0381,P019,Swing Motor SWM-350,130,5174000,9
C0381,P020,Pivot Pin PP-12,108,124200,12
C0381,P021,Boom Cylinder BC-400,109,5035800,7
C0381,P022,Control Valve CV-75,99,1673100,9
C0381,P023,Idler Wheel IW-55,76,984200,6
C0381,P024,Track Roller TR-60,54,556200,6
C0381,P025,Cabin Glass CG-20,23,180550,5
C0381,P026,Grease Cartridge GC-5,43,13330,4
C0381,P027,O-Ring Set OR-50,98,47040,7
C0381,P028,Light Assembly LA-18,73,164250,5
C0381,P029,Pressure Sensor PS-90,122,481900,10
C0381,P030,Fuel Pump FP-350,68,1489200,5
C0382,P001,Hydraulic Pump HP-300,87,2131500,9
C0382,P002,Engine Oil Filter OF-90,125,90000,7
C0382,P003,Air Filter AF-120,112,140000,10
C0382,P004,Track Chain TC-45,61,2427800,7
C0382,P005,Fuel Injector FI-220,66,557700,6
C0382,P006,Alternator ALT-500,169,1892800,12
C0382,P007,Hydraulic Hose HH-60,99,143550,8
C0382,P008,Bucket Tooth BT-10,81,46980,5
C0382,P009,Starter Motor SM-700,62,923800,5
C0382,P010,Turbocharger TB-900,134,4676600,12
C0382,P011,Hydraulic Cylinder HC-200,48,1324800,6
C0382,P012,Brake Pad BP-40,119,291550,10
C0382,P013,Seal Kit SK-15,112,162400,6
C0382,P014,Transmission Assembly TA-800,54,4509000,6
C0382,P015,Engine Block EB-600,36,4284000,4
C0382,P016,Radiator RD-250,74,754800,7
C0382,P017,Fan Belt FB-30,83,43160,6
C0382,P018,Wheel Rim WR-24,187,2113100,12
C0382,P019,Swing Motor SWM-350,84,3343200,8
C0382,P020,Pivot Pin PP-12,62,71300,6
C0382,P021,Boom Cylinder BC-400,61,2818200,7
C0382,P022,Control Valve CV-75,123,2078700,10
C0382,P023,Idler Wheel IW-55,81,1048950,5
C0382,P024,Track Roller TR-60,99,1019700,10
C0382,P025,Cabin Glass CG-20,67,525950,7
C0382,P026,Grease Cartridge GC-5,106,32860,9
C0382,P027,O-Ring Set OR-50,74,35520,7
C0382,P028,Light Assembly LA-18,55,123750,4
C0382,P029,Pressure Sensor PS-90,113,446350,9
C0382,P030,Fuel Pump FP-350,76,1664400,7
C0383,P001,Hydraulic Pump HP-300,118,2891000,10
C0383,P002,Engine Oil Filter OF-90,113,81360,10
C0383,P003,Air Filter AF-120,61,76250,3
C0383,P004,Track Chain TC-45,82,3263600,8
C0383,P005,Fuel Injector FI-220,92,777400,9
C0383,P006,Alternator ALT-500,89,996800,8
C0383,P007,Hydraulic Hose HH-60,38,55100,4
C0383,P008,Bucket Tooth BT-10,43,24940,6
C0383,P009,Starter Motor SM-700,52,774800,6
C0383,P010,Turbocharger TB-900,107,3734300,8
C0383,P011,Hydraulic Cylinder HC-200,70,1932000,6
C0383,P012,Brake Pad BP-40,125,306250,14
C0383,P013,Seal Kit SK-15,101,146450,9
C0383,P014,Transmission Assembly TA-800,126,10521000,12
C0383,P015,Engine Block EB-600,119,14161000,10
C0383,P016,Radiator RD-250,52,530400,7
C0383,P017,Fan Belt FB-30,170,88400,12
C0383,P018,Wheel Rim WR-24,108,1220400,8
C0383,P019,Swing Motor SWM-350,81,3223800,7
C0383,P020,Pivot Pin PP-12,143,164450,11
C0383,P021,Boom Cylinder BC-400,100,4620000,8
C0383,P022,Control Valve CV-75,54,912600,6
C0383,P023,Idler Wheel IW-55,53,686350,6
C0383,P024,Track Roller TR-60,68,700400,8
C0383,P025,Cabin Glass CG-20,105,824250,8
C0383,P026,Grease Cartridge GC-5,95,29450,9
C0383,P027,O-Ring Set OR-50,190,91200,15
C0383,P028,Light Assembly LA-18,96,216000,8
C0383,P029,Pressure Sensor PS-90,87,343650,7
C0383,P030,Fuel Pump FP-350,134,2934600,9
C0384,P001,Hydraulic Pump HP-300,101,2474500,7
C0384,P002,Engine Oil Filter OF-90,165,118800,13
C0384,P003,Air Filter AF-120,97,121250,7
C0384,P004,Track Chain TC-45,141,5611800,11
C0384,P005,Fuel Injector FI-220,144,1216800,11
C0384,P006,Alternator ALT-500,65,728000,6
C0384,P007,Hydraulic Hose HH-60,110,159500,7
C0384,P008,Bucket Tooth BT-10,150,87000,11
C0384,P009,Starter Motor SM-700,88,1311200,8
C0384,P010,Turbocharger TB-900,219,7643100,18
C0384,P011,Hydraulic Cylinder HC-200,147,4057200,11
C0384,P012,Brake Pad BP-40,87,213150,8
C0384,P013,Seal Kit SK-15,88,127600,8
C0384,P014,Transmission Assembly TA-800,71,5928500,6
C0384,P015,Engine Block EB-600,158,18802000,12
C0384,P016,Radiator RD-250,164,1672800,10
C0384,P017,Fan Belt FB-30,83,43160,12
C0384,P018,Wheel Rim WR-24,89,1005700,8
C0384,P019,Swing Motor SWM-350,68,2706400,6
C0384,P020,Pivot Pin PP-12,119,136850,9
C0384,P021,Boom Cylinder BC-400,80,3696000,10
C0384,P022,Control Valve CV-75,52,878800,6
C0384,P023,Idler Wheel IW-55,133,1722350,10
C0384,P024,Track Roller TR-60,63,648900,6
C0384,P025,Cabin Glass CG-20,118,926300,9
C0384,P026,Grease Cartridge GC-5,149,46190,11
C0384,P027,O-Ring Set OR-50,117,56160,12
C0384,P028,Light Assembly LA-18,116,261000,9
C0384,P029,Pressure Sensor PS-90,140,553000,10
C0384,P030,Fuel Pump FP-350,62,1357800,6
C0385,P001,Hydraulic Pump HP-300,124,3038000,10
C0385,P002,Engine Oil Filter OF-90,36,25920,6
C0385,P003,Air Filter AF-120,120,150000,12
C0385,P004,Track Chain TC-45,74,2945200,8
C0385,P005,Fuel Injector FI-220,72,608400,5
C0385,P006,Alternator ALT-500,99,1108800,9
C0385,P007,Hydraulic Hose HH-60,101,146450,7
C0385,P008,Bucket Tooth BT-10,114,66120,11
C0385,P009,Starter Motor SM-700,152,2264800,10
C0385,P010,Turbocharger TB-900,144,5025600,10
C0385,P011,Hydraulic Cylinder HC-200,159,4388400,14
C0385,P012,Brake Pad BP-40,118,289100,10
C0385,P013,Seal Kit SK-15,63,91350,6
C0385,P014,Transmission Assembly TA-800,28,2338000,3
C0385,P015,Engine Block EB-600,129,15351000,9
C0385,P016,Radiator RD-250,69,703800,8
C0385,P017,Fan Belt FB-30,74,38480,7
C0385,P018,Wheel Rim WR-24,113,1276900,10
C0385,P019,Swing Motor SWM-350,185,7363000,10
C0385,P020,Pivot Pin PP-12,105,120750,7
C0385,P021,Boom Cylinder BC-400,135,6237000,11
C0385,P022,Control Valve CV-75,154,2602600,13
C0385,P023,Idler Wheel IW-55,102,1320900,9
C0385,P024,Track Roller TR-60,18,185400,4
C0385,P025,Cabin Glass CG-20,63,494550,8
C0385,P026,Grease Cartridge GC-5,81,25110,7
C0385,P027,O-Ring Set OR-50,64,30720,7
C0385,P028,Light Assembly LA-18,142,319500,11
C0385,P029,Pressure Sensor PS-90,52,205400,6
C0385,P030,Fuel Pump FP-350,59,1292100,7
C0386,P001,Hydraulic Pump HP-300,85,2082500,8
C0386,P002,Engine Oil Filter OF-90,129,92880,10
C0386,P003,Air Filter AF-120,40,50000,3
C0386,P004,Track Chain TC-45,74,2945200,4
C0386,P005,Fuel Injector FI-220,61,515450,6
C0386,P006,Alternator ALT-500,128,1433600,10
C0386,P007,Hydraulic Hose HH-60,165,239250,9
C0386,P008,Bucket Tooth BT-10,45,26100,5
C0386,P009,Starter Motor SM-700,35,521500,5
C0386,P010,Turbocharger TB-900,86,3001400,7
C0386,P011,Hydraulic Cylinder HC-200,122,3367200,8
C0386,P012,Brake Pad BP-40,139,340550,9
C0386,P013,Seal Kit SK-15,69,100050,6
C0386,P014,Transmission Assembly TA-800,53,4425500,6
C0386,P015,Engine Block EB-600,112,13328000,7
C0386,P016,Radiator RD-250,84,856800,5
C0386,P017,Fan Belt FB-30,101,52520,7
C0386,P018,Wheel Rim WR-24,43,485900,6
C0386,P019,Swing Motor SWM-350,21,835800,3
C0386,P020,Pivot Pin PP-12,72,82800,6
C0386,P021,Boom Cylinder BC-400,37,1709400,6
C0386,P022,Control Valve CV-75,79,1335100,8
C0386,P023,Idler Wheel IW-55,53,686350,5
C0386,P024,Track Roller TR-60,58,597400,8
C0386,P025,Cabin Glass CG-20,140,1099000,9
C0386,P026,Grease Cartridge GC-5,61,18910,5
C0386,P027,O-Ring Set OR-50,82,39360,8
C0386,P028,Light Assembly LA-18,54,121500,7
C0386,P029,Pressure Sensor PS-90,212,837400,13
C0386,P030,Fuel Pump FP-350,48,1051200,5
C0387,P001,Hydraulic Pump HP-300,115,2817500,11
C0387,P002,Engine Oil Filter OF-90,54,38880,5
C0387,P003,Air Filter AF-120,95,118750,8
C0387,P004,Track Chain TC-45,116,4616800,11
C0387,P005,Fuel Injector FI-220,132,1115400,9
C0387,P006,Alternator ALT-500,92,1030400,7
C0387,P007,Hydraulic Hose HH-60,71,102950,5
C0387,P008,Bucket Tooth BT-10,22,12760,3
C0387,P009,Starter Motor SM-700,151,2249900,10
C0387,P010,Turbocharger TB-900,74,2582600,5
C0387,P011,Hydraulic Cylinder HC-200,139,3836400,10
C0387,P012,Brake Pad BP-40,81,198450,8
C0387,P013,Seal Kit SK-15,73,105850,5
C0387,P014,Transmission Assembly TA-800,58,4843000,6
C0387,P015,Engine Block EB-600,13,1547000,1
C0387,P016,Radiator RD-250,125,1275000,11
C0387,P017,Fan Belt FB-30,69,35880,8
C0387,P018,Wheel Rim WR-24,73,824900,5
C0387,P019,Swing Motor SWM-350,91,3621800,10
C0387,P020,Pivot Pin PP-12,148,170200,12
C0387,P021,Boom Cylinder BC-400,81,3742200,6
C0387,P022,Control Valve CV-75,160,2704000,10
C0387,P023,Idler Wheel IW-55,98,1269100,9
C0387,P024,Track Roller TR-60,148,1524400,9
C0387,P025,Cabin Glass CG-20,85,667250,9
C0387,P026,Grease Cartridge GC-5,105,32550,8
C0387,P027,O-Ring Set OR-50,100,48000,10
C0387,P028,Light Assembly LA-18,97,218250,8
C0387,P029,Pressure Sensor PS-90,170,671500,16
C0387,P030,Fuel Pump FP-350,58,1270200,5
C0388,P001,Hydraulic Pump HP-300,71,1739500,8
C0388,P002,Engine Oil Filter OF-90,70,50400,6
C0388,P003,Air Filter AF-120,95,118750,6
C0388,P004,Track Chain TC-45,132,5253600,12
C0388,P005,Fuel Injector FI-220,24,202800,4
C0388,P006,Alternator ALT-500,33,369600,4
C0388,P007,Hydraulic Hose HH-60,19,27550,3
C0388,P008,Bucket Tooth BT-10,84,48720,8
C0388,P009,Starter Motor SM-700,103,1534700,9
C0388,P010,Turbocharger TB-900,64,2233600,6
C0388,P011,Hydraulic Cylinder HC-200,47,1297200,4
C0388,P012,Brake Pad BP-40,54,132300,6
C0388,P013,Seal Kit SK-15,85,123250,8
C0388,P014,Transmission Assembly TA-800,85,7097500,6
C0388,P015,Engine Block EB-600,72,8568000,6
C0388,P016,Radiator RD-250,35,357000,2
C0388,P017,Fan Belt FB-30,55,28600,6
C0388,P018,Wheel Rim WR-24,188,2124400,12
C0388,P019,Swing Motor SWM-350,41,1631800,6
C0388,P020,Pivot Pin PP-12,85,97750,6
C0388,P021,Boom Cylinder BC-400,78,3603600,6
C0388,P022,Control Valve CV-75,33,557700,3
C0388,P023,Idler Wheel IW-55,64,828800,6
C0388,P024,Track Roller TR-60,77,793100,10
C0388,P025,Cabin Glass CG-20,62,486700,5
C0388,P026,Grease Cartridge GC-5,86,26660,6
C0388,P027,O-Ring Set OR-50,54,25920,5
C0388,P028,Light Assembly LA-18,54,121500,8
C0388,P029,Pressure Sensor PS-90,145,572750,9
C0388,P030,Fuel Pump FP-350,87,1905300,6
C0389,P001,Hydraulic Pump HP-300,73,1788500,7
C0389,P002,Engine Oil Filter OF-90,92,66240,8
C0389,P003,Air Filter AF-120,98,122500,8
C0389,P004,Track Chain TC-45,126,5014800,9
C0389,P005,Fuel Injector FI-220,106,895700,9
C0389,P006,Alternator ALT-500,72,806400,6
C0389,P007,Hydraulic Hose HH-60,43,62350,5
C0389,P008,Bucket Tooth BT-10,100,58000,9
C0389,P009,Starter Motor SM-700,56,834400,3
C0389,P010,Turbocharger TB-900,105,3664500,10
C0389,P011,Hydraulic Cylinder HC-200,88,2428800,7
C0389,P012,Brake Pad BP-40,88,215600,9
C0389,P013,Seal Kit SK-15,67,97150,7
C0389,P014,Transmission Assembly TA-800,91,7598500,7
C0389,P015,Engine Block EB-600,32,3808000,4
C0389,P016,Radiator RD-250,75,765000,7
C0389,P017,Fan Belt FB-30,24,12480,3
C0389,P018,Wheel Rim WR-24,70,791000,6
C0389,P019,Swing Motor SWM-350,39,1552200,3
C0389,P020,Pivot Pin PP-12,2,2300,1
C0389,P021,Boom Cylinder BC-400,196,9055200,12
C0389,P022,Control Valve CV-75,44,743600,4
C0389,P023,Idler Wheel IW-55,57,738150,6
C0389,P024,Track Roller TR-60,65,669500,5
C0389,P025,Cabin Glass CG-20,9,70650,2
C0389,P026,Grease Cartridge GC-5,63,19530,4
C0389,P027,O-Ring Set OR-50,74,35520,6
C0389,P028,Light Assembly LA-18,113,254250,8
C0389,P029,Pressure Sensor PS-90,78,308100,6
C0389,P030,Fuel Pump FP-350,86,1883400,7
C0390,P001,Hydraulic Pump HP-300,123,3013500,11
C0390,P002,Engine Oil Filter OF-90,123,88560,9
C0390,P003,Air Filter AF-120,20,25000,4
C0390,P004,Track Chain TC-45,47,1870600,6
C0390,P005,Fuel Injector FI-220,57,481650,5
C0390,P006,Alternator ALT-500,72,806400,7
C0390,P007,Hydraulic Hose HH-60,130,188500,12
C0390,P008,Bucket Tooth BT-10,108,62640,8
C0390,P009,Starter Motor SM-700,127,1892300,9
C0390,P010,Turbocharger TB-900,91,3175900,7
C0390,P011,Hydraulic Cylinder HC-200,107,2953200,8
C0390,P012,Brake Pad BP-40,70,171500,6
C0390,P013,Seal Kit SK-15,41,59450,4
C0390,P014,Transmission Assembly TA-800,128,10688000,10
C0390,P015,Engine Block EB-600,87,10353000,6
C0390,P016,Radiator RD-250,67,683400,8
C0390,P017,Fan Belt FB-30,117,60840,9
C0390,P018,Wheel Rim WR-24,75,847500,6
C0390,P019,Swing Motor SWM-350,128,5094400,10
C0390,P020,Pivot Pin PP-12,28,32200,3
C0390,P021,Boom Cylinder BC-400,50,2310000,4
C0390,P022,Control Valve CV-75,91,1537900,9
C0390,P023,Idler Wheel IW-55,78,1010100,7
C0390,P024,Track Roller TR-60,54,556200,5
C0390,P025,Cabin Glass CG-20,109,855650,12
C0390,P026,Grease Cartridge GC-5,32,9920,5
C0390,P027,O-Ring Set OR-50,82,39360,7
C0390,P028,Light Assembly LA-18,79,177750,7
C0390,P029,Pressure Sensor PS-90,115,454250,8
C0390,P030,Fuel Pump FP-350,146,3197400,11
C0391,P001,Hydraulic Pump HP-300,71,1739500,7
C0391,P002,Engine Oil Filter OF-90,81,58320,10
C0391,P003,Air Filter AF-120,77,96250,10
C0391,P004,Track Chain TC-45,91,3621800,8
C0391,P005,Fuel Injector FI-220,28,236600,3
C0391,P006,Alternator ALT-500,96,1075200,6
C0391,P007,Hydraulic Hose HH-60,101,146450,9
C0391,P008,Bucket Tooth BT-10,54,31320,6
C0391,P009,Starter Motor SM-700,70,1043000,5
C0391,P010,Turbocharger TB-900,40,1396000,3
C0391,P011,Hydraulic Cylinder HC-200,66,1821600,7
C0391,P012,Brake Pad BP-40,35,85750,3
C0391,P013,Seal Kit SK-15,84,121800,5
C0391,P014,Transmission Assembly TA-800,89,7431500,8
C0391,P015,Engine Block EB-600,31,3689000,4
C0391,P016,Radiator RD-250,80,816000,5
C0391,P017,Fan Belt FB-30,31,16120,5
C0391,P018,Wheel Rim WR-24,97,1096100,7
C0391,P019,Swing Motor SWM-350,160,6368000,11
C0391,P020,Pivot Pin PP-12,91,104650,8
C0391,P021,Boom Cylinder BC-400,104,4804800,8
C0391,P022,Control Valve CV-75,151,2551900,8
C0391,P023,Idler Wheel IW-55,104,1346800,8
C0391,P024,Track Roller TR-60,41,422300,5
C0391,P025,Cabin Glass CG-20,83,651550,7
C0391,P026,Grease Cartridge GC-5,83,25730,9
C0391,P027,O-Ring Set OR-50,86,41280,9
C0391,P028,Light Assembly LA-18,13,29250,2
C0391,P029,Pressure Sensor PS-90,72,284400,5
C0391,P030,Fuel Pump FP-350,64,1401600,7
C0392,P001,Hydraulic Pump HP-300,74,1813000,6
C0392,P002,Engine Oil Filter OF-90,91,65520,6
C0392,P003,Air Filter AF-120,42,52500,5
C0392,P004,Track Chain TC-45,21,835800,2
C0392,P005,Fuel Injector FI-220,60,507000,7
C0392,P006,Alternator ALT-500,42,470400,5
C0392,P007,Hydraulic Hose HH-60,67,97150,6
C0392,P008,Bucket Tooth BT-10,70,40600,7
C0392,P009,Starter Motor SM-700,94,1400600,7
C0392,P010,Turbocharger TB-900,46,1605400,3
C0392,P011,Hydraulic Cylinder HC-200,54,1490400,4
C0392,P012,Brake Pad BP-40,81,198450,6
C0392,P013,Seal Kit SK-15,67,97150,4
C0392,P014,Transmission Assembly TA-800,25,2087500,5
C0392,P015,Engine Block EB-600,71,8449000,6
C0392,P016,Radiator RD-250,19,193800,3
C0392,P017,Fan Belt FB-30,49,25480,5
C0392,P018,Wheel Rim WR-24,76,858800,4
C0392,P019,Swing Motor SWM-350,135,5373000,9
C0392,P020,Pivot Pin PP-12,66,75900,5
C0392,P021,Boom Cylinder BC-400,145,6699000,8
C0392,P022,Control Valve CV-75,42,709800,7
C0392,P023,Idler Wheel IW-55,68,880600,6
C0392,P024,Track Roller TR-60,73,751900,8
C0392,P025,Cabin Glass CG-20,38,298300,4
C0392,P026,Grease Cartridge GC-5,78,24180,7
C0392,P027,O-Ring Set OR-50,15,7200,2
C0392,P028,Light Assembly LA-18,57,128250,6
C0392,P029,Pressure Sensor PS-90,113,446350,6
C0392,P030,Fuel Pump FP-350,66,1445400,8
C0393,P001,Hydraulic Pump HP-300,158,3871000,11
C0393,P002,Engine Oil Filter OF-90,95,68400,7
C0393,P003,Air Filter AF-120,172,215000,13
C0393,P004,Track Chain TC-45,109,4338200,8
C0393,P005,Fuel Injector FI-220,88,743600,10
C0393,P006,Alternator ALT-500,57,638400,3
C0393,P007,Hydraulic Hose HH-60,60,87000,5
C0393,P008,Bucket Tooth BT-10,42,24360,5
C0393,P009,Starter Motor SM-700,126,1877400,8
C0393,P010,Turbocharger TB-900,54,1884600,4
C0393,P011,Hydraulic Cylinder HC-200,58,1600800,8
C0393,P012,Brake Pad BP-40,24,58800,2
C0393,P013,Seal Kit SK-15,11,15950,3
C0393,P014,Transmission Assembly TA-800,41,3423500,8
C0393,P015,Engine Block EB-600,101,12019000,10
C0393,P016,Radiator RD-250,26,265200,2
C0393,P017,Fan Belt FB-30,59,30680,6
C0393,P018,Wheel Rim WR-24,83,937900,7
C0393,P019,Swing Motor SWM-350,38,1512400,5
C0393,P020,Pivot Pin PP-12,127,146050,6
C0393,P021,Boom Cylinder BC-400,99,4573800,7
C0393,P022,Control Valve CV-75,94,1588600,10
C0393,P023,Idler Wheel IW-55,66,854700,7
C0393,P024,Track Roller TR-60,64,659200,8
C0393,P025,Cabin Glass CG-20,140,1099000,11
C0393,P026,Grease Cartridge GC-5,59,18290,8
C0393,P027,O-Ring Set OR-50,115,55200,8
C0393,P028,Light Assembly LA-18,44,99000,5
C0393,P029,Pressure Sensor PS-90,50,197500,3
C0393,P030,Fuel Pump FP-350,107,2343300,9
C0394,P001,Hydraulic Pump HP-300,142,3479000,12
C0394,P002,Engine Oil Filter OF-90,34,24480,7
C0394,P003,Air Filter AF-120,124,155000,11
C0394,P004,Track Chain TC-45,146,5810800,11
C0394,P005,Fuel Injector FI-220,105,887250,9
C0394,P006,Alternator ALT-500,110,1232000,12
C0394,P007,Hydraulic Hose HH-60,55,79750,6
C0394,P008,Bucket Tooth BT-10,113,65540,10
C0394,P009,Starter Motor SM-700,108,1609200,11
C0394,P010,Turbocharger TB-900,164,5723600,12
C0394,P011,Hydraulic Cylinder HC-200,132,3643200,9
C0394,P012,Brake Pad BP-40,117,286650,12
C0394,P013,Seal Kit SK-15,162,234900,11
C0394,P014,Transmission Assembly TA-800,135,11272500,12
C0394,P015,Engine Block EB-600,72,8568000,8
C0394,P016,Radiator RD-250,84,856800,9
C0394,P017,Fan Belt FB-30,58,30160,5
C0394,P018,Wheel Rim WR-24,100,1130000,10
C0394,P019,Swing Motor SWM-350,138,5492400,9
C0394,P020,Pivot Pin PP-12,126,144900,10
C0394,P021,Boom Cylinder BC-400,150,6930000,12
C0394,P022,Control Valve CV-75,52,878800,6
C0394,P023,Idler Wheel IW-55,108,1398600,8
C0394,P024,Track Roller TR-60,113,1163900,9
C0394,P025,Cabin Glass CG-20,118,926300,8
C0394,P026,Grease Cartridge GC-5,122,37820,11
C0394,P027,O-Ring Set OR-50,112,53760,9
C0394,P028,Light Assembly LA-18,123,276750,9
C0394,P029,Pressure Sensor PS-90,109,430550,9
C0394,P030,Fuel Pump FP-350,173,3788700,14
C0395,P001,Hydraulic Pump HP-300,116,2842000,8
C0395,P002,Engine Oil Filter OF-90,84,60480,9
C0395,P003,Air Filter AF-120,159,198750,14
C0395,P004,Track Chain TC-45,183,7283400,15
C0395,P005,Fuel Injector FI-220,106,895700,11
C0395,P006,Alternator ALT-500,62,694400,5
C0395,P007,Hydraulic Hose HH-60,51,73950,4
C0395,P008,Bucket Tooth BT-10,37,21460,4
C0395,P009,Starter Motor SM-700,85,1266500,11
C0395,P010,Turbocharger TB-900,165,5758500,13
C0395,P011,Hydraulic Cylinder HC-200,111,3063600,9
C0395,P012,Brake Pad BP-40,76,186200,6
C0395,P013,Seal Kit SK-15,73,105850,9
C0395,P014,Transmission Assembly TA-800,33,2755500,4
C0395,P015,Engine Block EB-600,50,5950000,4
C0395,P016,Radiator RD-250,63,642600,5
C0395,P017,Fan Belt FB-30,68,35360,6
C0395,P018,Wheel Rim WR-24,38,429400,6
C0395,P019,Swing Motor SWM-350,188,7482400,17
C0395,P020,Pivot Pin PP-12,99,113850,8
C0395,P021,Boom Cylinder BC-400,72,3326400,7
C0395,P022,Control Valve CV-75,122,2061800,8
C0395,P023,Idler Wheel IW-55,91,1178450,10
C0395,P024,Track Roller TR-60,86,885800,4
C0395,P025,Cabin Glass CG-20,121,949850,9
C0395,P026,Grease Cartridge GC-5,150,46500,10
C0395,P027,O-Ring Set OR-50,137,65760,12
C0395,P028,Light Assembly LA-18,108,243000,8
C0395,P029,Pressure Sensor PS-90,136,537200,9
C0395,P030,Fuel Pump FP-350,68,1489200,9
C0396,P001,Hydraulic Pump HP-300,39,955500,6
C0396,P002,Engine Oil Filter OF-90,60,43200,5
C0396,P003,Air Filter AF-120,81,101250,9
C0396,P004,Track Chain TC-45,110,4378000,9
C0396,P005,Fuel Injector FI-220,66,557700,7
C0396,P006,Alternator ALT-500,95,1064000,9
C0396,P007,Hydraulic Hose HH-60,106,153700,6
C0396,P008,Bucket Tooth BT-10,86,49880,11
C0396,P009,Starter Motor SM-700,164,2443600,13
C0396,P010,Turbocharger TB-900,96,3350400,7
C0396,P011,Hydraulic Cylinder HC-200,139,3836400,10
C0396,P012,Brake Pad BP-40,98,240100,10
C0396,P013,Seal Kit SK-15,140,203000,12
C0396,P014,Transmission Assembly TA-800,131,10938500,9
C0396,P015,Engine Block EB-600,72,8568000,7
C0396,P016,Radiator RD-250,157,1601400,11
C0396,P017,Fan Belt FB-30,96,49920,9
C0396,P018,Wheel Rim WR-24,119,1344700,8
C0396,P019,Swing Motor SWM-350,97,3860600,9
C0396,P020,Pivot Pin PP-12,57,65550,6
C0396,P021,Boom Cylinder BC-400,61,2818200,8
C0396,P022,Control Valve CV-75,61,1030900,6
C0396,P023,Idler Wheel IW-55,82,1061900,8
C0396,P024,Track Roller TR-60,75,772500,10
C0396,P025,Cabin Glass CG-20,104,816400,9
C0396,P026,Grease Cartridge GC-5,86,26660,9
C0396,P027,O-Ring Set OR-50,131,62880,9
C0396,P028,Light Assembly LA-18,125,281250,10
C0396,P029,Pressure Sensor PS-90,73,288350,7
C0396,P030,Fuel Pump FP-350,90,1971000,6
C0397,P001,Hydraulic Pump HP-300,82,2009000,9
C0397,P002,Engine Oil Filter OF-90,92,66240,6
C0397,P003,Air Filter AF-120,108,135000,9
C0397,P004,Track Chain TC-45,59,2348200,6
C0397,P005,Fuel Injector FI-220,138,1166100,10
C0397,P006,Alternator ALT-500,67,750400,6
C0397,P007,Hydraulic Hose HH-60,116,168200,9
C0397,P008,Bucket Tooth BT-10,93,53940,6
C0397,P009,Starter Motor SM-700,106,1579400,8
C0397,P010,Turbocharger TB-900,87,3036300,6
C0397,P011,Hydraulic Cylinder HC-200,52,1435200,4
C0397,P012,Brake Pad BP-40,106,259700,9
C0397,P013,Seal Kit SK-15,60,87000,5
C0397,P014,Transmission Assembly TA-800,122,10187000,10
C0397,P015,Engine Block EB-600,73,8687000,7
C0397,P016,Radiator RD-250,131,1336200,9
C0397,P017,Fan Belt FB-30,108,56160,8
C0397,P018,Wheel Rim WR-24,96,1084800,6
C0397,P019,Swing Motor SWM-350,89,3542200,7
C0397,P020,Pivot Pin PP-12,96,110400,8
C0397,P021,Boom Cylinder BC-400,47,2171400,4
C0397,P022,Control Valve CV-75,94,1588600,9
C0397,P023,Idler Wheel IW-55,35,453250,3
C0397,P024,Track Roller TR-60,124,1277200,9
C0397,P025,Cabin Glass CG-20,105,824250,9
C0397,P026,Grease Cartridge GC-5,92,28520,9
C0397,P027,O-Ring Set OR-50,71,34080,6
C0397,P028,Light Assembly LA-18,108,243000,7
C0397,P029,Pressure Sensor PS-90,52,205400,6
C0397,P030,Fuel Pump FP-350,111,2430900,10
C0398,P001,Hydraulic Pump HP-300,172,4214000,12
C0398,P002,Engine Oil Filter OF-90,141,101520,9
C0398,P003,Air Filter AF-120,145,181250,11
C0398,P004,Track Chain TC-45,108,4298400,10
C0398,P005,Fuel Injector FI-220,72,608400,6
C0398,P006,Alternator ALT-500,107,1198400,8
C0398,P007,Hydraulic Hose HH-60,105,152250,5
C0398,P008,Bucket Tooth BT-10,100,58000,7
C0398,P009,Starter Motor SM-700,108,1609200,9
C0398,P010,Turbocharger TB-900,95,3315500,10
C0398,P011,Hydraulic Cylinder HC-200,94,2594400,8
C0398,P012,Brake Pad BP-40,64,156800,6
C0398,P013,Seal Kit SK-15,141,204450,13
C0398,P014,Transmission Assembly TA-800,50,4175000,7
C0398,P015,Engine Block EB-600,58,6902000,4
C0398,P016,Radiator RD-250,65,663000,5
C0398,P017,Fan Belt FB-30,100,52000,7
C0398,P018,Wheel Rim WR-24,157,1774100,11
C0398,P019,Swing Motor SWM-350,78,3104400,9
C0398,P020,Pivot Pin PP-12,70,80500,8
C0398,P021,Boom Cylinder BC-400,226,10441200,16
C0398,P022,Control Valve CV-75,117,1977300,12
C0398,P023,Idler Wheel IW-55,119,1541050,9
C0398,P024,Track Roller TR-60,71,731300,9
C0398,P025,Cabin Glass CG-20,148,1161800,10
C0398,P026,Grease Cartridge GC-5,104,32240,11
C0398,P027,O-Ring Set OR-50,78,37440,8
C0398,P028,Light Assembly LA-18,114,256500,7
C0398,P029,Pressure Sensor PS-90,65,256750,4
C0398,P030,Fuel Pump FP-350,81,1773900,9
C0399,P001,Hydraulic Pump HP-300,24,588000,4
C0399,P002,Engine Oil Filter OF-90,80,57600,9
C0399,P003,Air Filter AF-120,84,105000,6
C0399,P004,Track Chain TC-45,57,2268600,5
C0399,P005,Fuel Injector FI-220,115,971750,8
C0399,P006,Alternator ALT-500,103,1153600,11
C0399,P007,Hydraulic Hose HH-60,160,232000,11
C0399,P008,Bucket Tooth BT-10,101,58580,9
C0399,P009,Starter Motor SM-700,83,1236700,8
C0399,P010,Turbocharger TB-900,96,3350400,7
C0399,P011,Hydraulic Cylinder HC-200,120,3312000,8
C0399,P012,Brake Pad BP-40,76,186200,8
C0399,P013,Seal Kit SK-15,121,175450,9
C0399,P014,Transmission Assembly TA-800,96,8016000,8
C0399,P015,Engine Block EB-600,84,9996000,7
C0399,P016,Radiator RD-250,105,1071000,8
C0399,P017,Fan Belt FB-30,67,34840,6
C0399,P018,Wheel Rim WR-24,77,870100,9
C0399,P019,Swing Motor SWM-350,90,3582000,9
C0399,P020,Pivot Pin PP-12,70,80500,5
C0399,P021,Boom Cylinder BC-400,111,5128200,8
C0399,P022,Control Valve CV-75,72,1216800,7
C0399,P023,Idler Wheel IW-55,74,958300,8
C0399,P024,Track Roller TR-60,93,957900,9
C0399,P025,Cabin Glass CG-20,93,730050,10
C0399,P026,Grease Cartridge GC-5,49,15190,4
C0399,P027,O-Ring Set OR-50,67,32160,7
C0399,P028,Light Assembly LA-18,84,189000,8
C0399,P029,Pressure Sensor PS-90,88,347600,6
C0399,P030,Fuel Pump FP-350,116,2540400,10
C0400,P001,Hydraulic Pump HP-300,80,1960000,7
C0400,P002,Engine Oil Filter OF-90,48,34560,6
C0400,P003,Air Filter AF-120,96,120000,7
C0400,P004,Track Chain TC-45,65,2587000,5
C0400,P005,Fuel Injector FI-220,105,887250,9
C0400,P006,Alternator ALT-500,73,817600,5
C0400,P007,Hydraulic Hose HH-60,74,107300,8
C0400,P008,Bucket Tooth BT-10,75,43500,8
C0400,P009,Starter Motor SM-700,64,953600,9
C0400,P010,Turbocharger TB-900,119,4153100,11
C0400,P011,Hydraulic Cylinder HC-200,41,1131600,4
C0400,P012,Brake Pad BP-40,50,122500,5
C0400,P013,Seal Kit SK-15,60,87000,7
C0400,P014,Transmission Assembly TA-800,74,6179000,7
C0400,P015,Engine Block EB-600,83,9877000,7
C0400,P016,Radiator RD-250,105,1071000,8
C0400,P017,Fan Belt FB-30,79,41080,5
C0400,P018,Wheel Rim WR-24,82,926600,8
C0400,P019,Swing Motor SWM-350,99,3940200,8
C0400,P020,Pivot Pin PP-12,93,106950,8
C0400,P021,Boom Cylinder BC-400,28,1293600,6
C0400,P022,Control Valve CV-75,48,811200,6
C0400,P023,Idler Wheel IW-55,144,1864800,11
C0400,P024,Track Roller TR-60,57,587100,5
C0400,P025,Cabin Glass CG-20,92,722200,7
C0400,P026,Grease Cartridge GC-5,92,28520,7
C0400,P027,O-Ring Set OR-50,90,43200,7
C0400,P028,Light Assembly LA-18,68,153000,5
C0400,P029,Pressure Sensor PS-90,89,351550,8
C0400,P030,Fuel Pump FP-350,57,1248300,6
C0401,P001,Hydraulic Pump HP-300,118,2891000,9
C0401,P002,Engine Oil Filter OF-90,21,15120,4
C0401,P003,Air Filter AF-120,57,71250,8
C0401,P004,Track Chain TC-45,47,1870600,4
C0401,P005,Fuel Injector FI-220,54,456300,5
C0401,P006,Alternator ALT-500,117,1310400,10
C0401,P007,Hydraulic Hose HH-60,53,76850,3
C0401,P008,Bucket Tooth BT-10,61,35380,6
C0401,P009,Starter Motor SM-700,53,789700,6
C0401,P010,Turbocharger TB-900,71,2477900,7
C0401,P011,Hydraulic Cylinder HC-200,77,2125200,8
C0401,P012,Brake Pad BP-40,130,318500,10
C0401,P013,Seal Kit SK-15,31,44950,3
C0401,P014,Transmission Assembly TA-800,84,7014000,6
C0401,P015,Engine Block EB-600,83,9877000,12
C0401,P016,Radiator RD-250,132,1346400,10
C0401,P017,Fan Belt FB-30,43,22360,4
C0401,P018,Wheel Rim WR-24,56,632800,5
C0401,P019,Swing Motor SWM-350,147,5850600,12
C0401,P020,Pivot Pin PP-12,115,132250,9
C0401,P021,Boom Cylinder BC-400,68,3141600,9
C0401,P022,Control Valve CV-75,157,2653300,11
C0401,P023,Idler Wheel IW-55,96,1243200,7
C0401,P024,Track Roller TR-60,79,813700,5
C0401,P025,Cabin Glass CG-20,89,698650,8
C0401,P026,Grease Cartridge GC-5,68,21080,6
C0401,P027,O-Ring Set OR-50,80,38400,7
C0401,P028,Light Assembly LA-18,151,339750,13
C0401,P029,Pressure Sensor PS-90,78,308100,8
C0401,P030,Fuel Pump FP-350,89,1949100,9
C0402,P001,Hydraulic Pump HP-300,58,1421000,6
C0402,P002,Engine Oil Filter OF-90,81,58320,8
C0402,P003,Air Filter AF-120,41,51250,6
C0402,P004,Track Chain TC-45,43,1711400,5
C0402,P005,Fuel Injector FI-220,151,1275950,10
C0402,P006,Alternator ALT-500,52,582400,3
C0402,P007,Hydraulic Hose HH-60,74,107300,10
C0402,P008,Bucket Tooth BT-10,75,43500,7
C0402,P009,Starter Motor SM-700,72,1072800,8
C0402,P010,Turbocharger TB-900,50,1745000,7
C0402,P011,Hydraulic Cylinder HC-200,90,2484000,7
C0402,P012,Brake Pad BP-40,53,129850,5
C0402,P013,Seal Kit SK-15,151,218950,8
C0402,P014,Transmission Assembly TA-800,18,1503000,2
C0402,P015,Engine Block EB-600,88,10472000,6
C0402,P016,Radiator RD-250,207,2111400,12
C0402,P017,Fan Belt FB-30,75,39000,8
C0402,P018,Wheel Rim WR-24,93,1050900,10
C0402,P019,Swing Motor SWM-350,84,3343200,7
C0402,P020,Pivot Pin PP-12,72,82800,8
C0402,P021,Boom Cylinder BC-400,91,4204200,7
C0402,P022,Control Valve CV-75,156,2636400,10
C0402,P023,Idler Wheel IW-55,98,1269100,8
C0402,P024,Track Roller TR-60,88,906400,8
C0402,P025,Cabin Glass CG-20,23,180550,2
C0402,P026,Grease Cartridge GC-5,129,39990,10
C0402,P027,O-Ring Set OR-50,67,32160,8
C0402,P028,Light Assembly LA-18,107,240750,9
C0402,P029,Pressure Sensor PS-90,74,292300,10
C0402,P030,Fuel Pump FP-350,40,876000,5
C0403,P001,Hydraulic Pump HP-300,118,2891000,8
C0403,P002,Engine Oil Filter OF-90,128,92160,10
C0403,P003,Air Filter AF-120,115,143750,11
C0403,P004,Track Chain TC-45,145,5771000,11
C0403,P005,Fuel Injector FI-220,70,591500,8
C0403,P006,Alternator ALT-500,130,1456000,11
C0403,P007,Hydraulic Hose HH-60,81,117450,8
C0403,P008,Bucket Tooth BT-10,160,92800,11
C0403,P009,Starter Motor SM-700,137,2041300,13
C0403,P010,Turbocharger TB-900,56,1954400,7
C0403,P011,Hydraulic Cylinder HC-200,96,2649600,9
C0403,P012,Brake Pad BP-40,124,303800,11
C0403,P013,Seal Kit SK-15,129,187050,9
C0403,P014,Transmission Assembly TA-800,142,11857000,11
C0403,P015,Engine Block EB-600,101,12019000,7
C0403,P016,Radiator RD-250,147,1499400,15
C0403,P017,Fan Belt FB-30,119,61880,7
C0403,P018,Wheel Rim WR-24,152,1717600,13
C0403,P019,Swing Motor SWM-350,166,6606800,12
C0403,P020,Pivot Pin PP-12,101,116150,10
C0403,P021,Boom Cylinder BC-400,121,5590200,11
C0403,P022,Control Valve CV-75,150,2535000,11
C0403,P023,Idler Wheel IW-55,101,1307950,10
C0403,P024,Track Roller TR-60,110,1133000,12
C0403,P025,Cabin Glass CG-20,168,1318800,10
C0403,P026,Grease Cartridge GC-5,135,41850,10
C0403,P027,O-Ring Set OR-50,164,78720,9
C0403,P028,Light Assembly LA-18,89,200250,8
C0403,P029,Pressure Sensor PS-90,112,442400,10
C0403,P030,Fuel Pump FP-350,91,1992900,9
C0404,P001,Hydraulic Pump HP-300,43,1053500,3
C0404,P002,Engine Oil Filter OF-90,72,51840,7
C0404,P003,Air Filter AF-120,114,142500,9
C0404,P004,Track Chain TC-45,72,2865600,5
C0404,P005,Fuel Injector FI-220,39,329550,6
C0404,P006,Alternator ALT-500,15,168000,3
C0404,P007,Hydraulic Hose HH-60,63,91350,5
C0404,P008,Bucket Tooth BT-10,68,39440,7
C0404,P009,Starter Motor SM-700,41,610900,5
C0404,P010,Turbocharger TB-900,71,2477900,7
C0404,P011,Hydraulic Cylinder HC-200,75,2070000,7
C0404,P012,Brake Pad BP-40,77,188650,6
C0404,P013,Seal Kit SK-15,98,142100,8
C0404,P014,Transmission Assembly TA-800,23,1920500,4
C0404,P015,Engine Block EB-600,128,15232000,10
C0404,P016,Radiator RD-250,129,1315800,7
C0404,P017,Fan Belt FB-30,92,47840,7
C0404,P018,Wheel Rim WR-24,65,734500,5
C0404,P019,Swing Motor SWM-350,128,5094400,8
C0404,P020,Pivot Pin PP-12,76,87400,6
C0404,P021,Boom Cylinder BC-400,79,3649800,8
C0404,P022,Control Valve CV-75,72,1216800,7
C0404,P023,Idler Wheel IW-55,93,1204350,6
C0404,P024,Track Roller TR-60,68,700400,6
C0404,P025,Cabin Glass CG-20,127,996950,10
C0404,P026,Grease Cartridge GC-5,45,13950,6
C0404,P027,O-Ring Set OR-50,161,77280,9
C0404,P028,Light Assembly LA-18,56,126000,3
C0404,P029,Pressure Sensor PS-90,95,375250,7
C0404,P030,Fuel Pump FP-350,89,1949100,8
C0405,P001,Hydraulic Pump HP-300,38,931000,4
C0405,P002,Engine Oil Filter OF-90,44,31680,4
C0405,P003,Air Filter AF-120,133,166250,10
C0405,P004,Track Chain TC-45,155,6169000,9
C0405,P005,Fuel Injector FI-220,119,1005550,9
C0405,P006,Alternator ALT-500,68,761600,6
C0405,P007,Hydraulic Hose HH-60,39,56550,5
C0405,P008,Bucket Tooth BT-10,80,46400,6
C0405,P009,Starter Motor SM-700,134,1996600,11
C0405,P010,Turbocharger TB-900,46,1605400,5
C0405,P011,Hydraulic Cylinder HC-200,88,2428800,7
C0405,P012,Brake Pad BP-40,83,203350,7
C0405,P013,Seal Kit SK-15,57,82650,5
C0405,P014,Transmission Assembly TA-800,114,9519000,7
C0405,P015,Engine Block EB-600,40,4760000,5
C0405,P016,Radiator RD-250,32,326400,4
C0405,P017,Fan Belt FB-30,43,22360,3
C0405,P018,Wheel Rim WR-24,51,576300,7
C0405,P019,Swing Motor SWM-350,69,2746200,7
C0405,P020,Pivot Pin PP-12,56,64400,6
C0405,P021,Boom Cylinder BC-400,105,4851000,5
C0405,P022,Control Valve CV-75,101,1706900,7
C0405,P023,Idler Wheel IW-55,58,751100,5
C0405,P024,Track Roller TR-60,110,1133000,8
C0405,P025,Cabin Glass CG-20,31,243350,4
C0405,P026,Grease Cartridge GC-5,61,18910,7
C0405,P027,O-Ring Set OR-50,110,52800,9
C0405,P028,Light Assembly LA-18,65,146250,7
C0405,P029,Pressure Sensor PS-90,55,217250,5
C0405,P030,Fuel Pump FP-350,74,1620600,8
C0406,P001,Hydraulic Pump HP-300,76,1862000,5
C0406,P002,Engine Oil Filter OF-90,61,43920,6
C0406,P003,Air Filter AF-120,58,72500,7
C0406,P004,Track Chain TC-45,131,5213800,8
C0406,P005,Fuel Injector FI-220,65,549250,7
C0406,P006,Alternator ALT-500,123,1377600,10
C0406,P007,Hydraulic Hose HH-60,114,165300,9
C0406,P008,Bucket Tooth BT-10,68,39440,7
C0406,P009,Starter Motor SM-700,36,536400,4
C0406,P010,Turbocharger TB-900,94,3280600,8
C0406,P011,Hydraulic Cylinder HC-200,162,4471200,11
C0406,P012,Brake Pad BP-40,84,205800,8
C0406,P013,Seal Kit SK-15,51,73950,4
C0406,P014,Transmission Assembly TA-800,172,14362000,11
C0406,P015,Engine Block EB-600,65,7735000,5
C0406,P016,Radiator RD-250,107,1091400,9
C0406,P017,Fan Belt FB-30,35,18200,6
C0406,P018,Wheel Rim WR-24,92,1039600,8
C0406,P019,Swing Motor SWM-350,107,4258600,6
C0406,P020,Pivot Pin PP-12,82,94300,7
C0406,P021,Boom Cylinder BC-400,73,3372600,6
C0406,P022,Control Valve CV-75,42,709800,5
C0406,P023,Idler Wheel IW-55,94,1217300,10
C0406,P024,Track Roller TR-60,87,896100,5
C0406,P025,Cabin Glass CG-20,121,949850,9
C0406,P026,Grease Cartridge GC-5,58,17980,6
C0406,P027,O-Ring Set OR-50,141,67680,7
C0406,P028,Light Assembly LA-18,81,182250,5
C0406,P029,Pressure Sensor PS-90,92,363400,6
C0406,P030,Fuel Pump FP-350,56,1226400,7
C0407,P001,Hydraulic Pump HP-300,47,1151500,4
C0407,P002,Engine Oil Filter OF-90,85,61200,7
C0407,P003,Air Filter AF-120,181,226250,12
C0407,P004,Track Chain TC-45,69,2746200,7
C0407,P005,Fuel Injector FI-220,154,1301300,12
C0407,P006,Alternator ALT-500,85,952000,7
C0407,P007,Hydraulic Hose HH-60,138,200100,10
C0407,P008,Bucket Tooth BT-10,140,81200,13
C0407,P009,Starter Motor SM-700,72,1072800,5
C0407,P010,Turbocharger TB-900,118,4118200,9
C0407,P011,Hydraulic Cylinder HC-200,127,3505200,10
C0407,P012,Brake Pad BP-40,47,115150,4
C0407,P013,Seal Kit SK-15,71,102950,7
C0407,P014,Transmission Assembly TA-800,32,2672000,4
C0407,P015,Engine Block EB-600,160,19040000,9
C0407,P016,Radiator RD-250,74,754800,7
C0407,P017,Fan Belt FB-30,98,50960,8
C0407,P018,Wheel Rim WR-24,78,881400,8
C0407,P019,Swing Motor SWM-350,52,2069600,5
C0407,P020,Pivot Pin PP-12,97,111550,11
C0407,P021,Boom Cylinder BC-400,67,3095400,6
C0407,P022,Control Valve CV-75,96,1622400,7
C0407,P023,Idler Wheel IW-55,94,1217300,9
C0407,P024,Track Roller TR-60,68,700400,6
C0407,P025,Cabin Glass CG-20,145,1138250,11
C0407,P026,Grease Cartridge GC-5,46,14260,5
C0407,P027,O-Ring Set OR-50,57,27360,5
C0407,P028,Light Assembly LA-18,62,139500,6
C0407,P029,Pressure Sensor PS-90,125,493750,10
C0407,P030,Fuel Pump FP-350,88,1927200,10
C0408,P001,Hydraulic Pump HP-300,93,2278500,11
C0408,P002,Engine Oil Filter OF-90,74,53280,5
C0408,P003,Air Filter AF-120,157,196250,8
C0408,P004,Track Chain TC-45,88,3502400,9
C0408,P005,Fuel Injector FI-220,39,329550,3
C0408,P006,Alternator ALT-500,123,1377600,9
C0408,P007,Hydraulic Hose HH-60,89,129050,7
C0408,P008,Bucket Tooth BT-10,92,53360,6
C0408,P009,Starter Motor SM-700,86,1281400,7
C0408,P010,Turbocharger TB-900,50,1745000,4
C0408,P011,Hydraulic Cylinder HC-200,121,3339600,7
C0408,P012,Brake Pad BP-40,91,222950,11
C0408,P013,Seal Kit SK-15,96,139200,8
C0408,P014,Transmission Assembly TA-800,153,12775500,10
C0408,P015,Engine Block EB-600,45,5355000,3
C0408,P016,Radiator RD-250,101,1030200,7
C0408,P017,Fan Belt FB-30,54,28080,7
C0408,P018,Wheel Rim WR-24,64,723200,6
C0408,P019,Swing Motor SWM-350,172,6845600,11
C0408,P020,Pivot Pin PP-12,96,110400,9
C0408,P021,Boom Cylinder BC-400,130,6006000,9
C0408,P022,Control Valve CV-75,89,1504100,6
C0408,P023,Idler Wheel IW-55,120,1554000,9
C0408,P024,Track Roller TR-60,27,278100,4
C0408,P025,Cabin Glass CG-20,99,777150,7
C0408,P026,Grease Cartridge GC-5,156,48360,9
C0408,P027,O-Ring Set OR-50,92,44160,6
C0408,P028,Light Assembly LA-18,80,180000,9
C0408,P029,Pressure Sensor PS-90,121,477950,8
C0408,P030,Fuel Pump FP-350,102,2233800,7
C0409,P001,Hydraulic Pump HP-300,101,2474500,10
C0409,P002,Engine Oil Filter OF-90,111,79920,10
C0409,P003,Air Filter AF-120,147,183750,11
C0409,P004,Track Chain TC-45,72,2865600,9
C0409,P005,Fuel Injector FI-220,118,997100,9
C0409,P006,Alternator ALT-500,57,638400,6
C0409,P007,Hydraulic Hose HH-60,140,203000,11
C0409,P008,Bucket Tooth BT-10,91,52780,10
C0409,P009,Starter Motor SM-700,47,700300,5
C0409,P010,Turbocharger TB-900,128,4467200,12
C0409,P011,Hydraulic Cylinder HC-200,113,3118800,9
C0409,P012,Brake Pad BP-40,148,362600,11
C0409,P013,Seal Kit SK-15,109,158050,8
C0409,P014,Transmission Assembly TA-800,67,5594500,8
C0409,P015,Engine Block EB-600,104,12376000,10
C0409,P016,Radiator RD-250,51,520200,5
C0409,P017,Fan Belt FB-30,138,71760,12
C0409,P018,Wheel Rim WR-24,50,565000,6
C0409,P019,Swing Motor SWM-350,51,2029800,7
C0409,P020,Pivot Pin PP-12,124,142600,7
C0409,P021,Boom Cylinder BC-400,63,2910600,8
C0409,P022,Control Valve CV-75,60,1014000,7
C0409,P023,Idler Wheel IW-55,81,1048950,6
C0409,P024,Track Roller TR-60,133,1369900,9
C0409,P025,Cabin Glass CG-20,104,816400,10
C0409,P026,Grease Cartridge GC-5,79,24490,6
C0409,P027,O-Ring Set OR-50,179,85920,13
C0409,P028,Light Assembly LA-18,58,130500,4
C0409,P029,Pressure Sensor PS-90,148,584600,8
C0409,P030,Fuel Pump FP-350,99,2168100,9
C0410,P001,Hydraulic Pump HP-300,82,2009000,10
C0410,P002,Engine Oil Filter OF-90,55,39600,6
C0410,P003,Air Filter AF-120,84,105000,7
C0410,P004,Track Chain TC-45,58,2308400,5
C0410,P005,Fuel Injector FI-220,70,591500,5
C0410,P006,Alternator ALT-500,75,840000,8
C0410,P007,Hydraulic Hose HH-60,108,156600,7
C0410,P008,Bucket Tooth BT-10,61,35380,6
C0410,P009,Starter Motor SM-700,95,1415500,9
C0410,P010,Turbocharger TB-900,55,1919500,5
C0410,P011,Hydraulic Cylinder HC-200,80,2208000,10
C0410,P012,Brake Pad BP-40,129,316050,11
C0410,P013,Seal Kit SK-15,62,89900,9
C0410,P014,Transmission Assembly TA-800,98,8183000,8
C0410,P015,Engine Block EB-600,66,7854000,7
C0410,P016,Radiator RD-250,119,1213800,10
C0410,P017,Fan Belt FB-30,100,52000,8
C0410,P018,Wheel Rim WR-24,51,576300,6
C0410,P019,Swing Motor SWM-350,146,5810800,13
C0410,P020,Pivot Pin PP-12,147,169050,9
C0410,P021,Boom Cylinder BC-400,167,7715400,11
C0410,P022,Control Valve CV-75,32,540800,3
C0410,P023,Idler Wheel IW-55,91,1178450,6
C0410,P024,Track Roller TR-60,121,1246300,9
C0410,P025,Cabin Glass CG-20,30,235500,2
C0410,P026,Grease Cartridge GC-5,87,26970,6
C0410,P027,O-Ring Set OR-50,144,69120,12
C0410,P028,Light Assembly LA-18,129,290250,10
C0410,P029,Pressure Sensor PS-90,92,363400,6
C0410,P030,Fuel Pump FP-350,80,1752000,6
C0411,P001,Hydraulic Pump HP-300,84,2058000,9
C0411,P002,Engine Oil Filter OF-90,79,56880,8
C0411,P003,Air Filter AF-120,129,161250,11
C0411,P004,Track Chain TC-45,86,3422800,9
C0411,P005,Fuel Injector FI-220,111,937950,8
C0411,P006,Alternator ALT-500,105,1176000,9
C0411,P007,Hydraulic Hose HH-60,133,192850,9
C0411,P008,Bucket Tooth BT-10,66,38280,6
C0411,P009,Starter Motor SM-700,151,2249900,11
C0411,P010,Turbocharger TB-900,164,5723600,16
C0411,P011,Hydraulic Cylinder HC-200,98,2704800,8
C0411,P012,Brake Pad BP-40,67,164150,5
C0411,P013,Seal Kit SK-15,74,107300,6
C0411,P014,Transmission Assembly TA-800,199,16616500,11
C0411,P015,Engine Block EB-600,72,8568000,6
C0411,P016,Radiator RD-250,84,856800,5
C0411,P017,Fan Belt FB-30,110,57200,9
C0411,P018,Wheel Rim WR-24,27,305100,6
C0411,P019,Swing Motor SWM-350,95,3781000,9
C0411,P020,Pivot Pin PP-12,130,149500,10
C0411,P021,Boom Cylinder BC-400,92,4250400,7
C0411,P022,Control Valve CV-75,135,2281500,12
C0411,P023,Idler Wheel IW-55,96,1243200,7
C0411,P024,Track Roller TR-60,81,834300,7
C0411,P025,Cabin Glass CG-20,122,957700,11
C0411,P026,Grease Cartridge GC-5,81,25110,5
C0411,P027,O-Ring Set OR-50,84,40320,8
C0411,P028,Light Assembly LA-18,147,330750,12
C0411,P029,Pressure Sensor PS-90,32,126400,6
C0411,P030,Fuel Pump FP-350,78,1708200,9
C0412,P001,Hydraulic Pump HP-300,66,1617000,7
C0412,P002,Engine Oil Filter OF-90,92,66240,10
C0412,P003,Air Filter AF-120,65,81250,7
C0412,P004,Track Chain TC-45,68,2706400,6
C0412,P005,Fuel Injector FI-220,23,194350,4
C0412,P006,Alternator ALT-500,97,1086400,9
C0412,P007,Hydraulic Hose HH-60,159,230550,12
C0412,P008,Bucket Tooth BT-10,43,24940,4
C0412,P009,Starter Motor SM-700,25,372500,4
C0412,P010,Turbocharger TB-900,71,2477900,6
C0412,P011,Hydraulic Cylinder HC-200,45,1242000,5
C0412,P012,Brake Pad BP-40,38,93100,3
C0412,P013,Seal Kit SK-15,73,105850,8
C0412,P014,Transmission Assembly TA-800,89,7431500,8
C0412,P015,Engine Block EB-600,93,11067000,9
C0412,P016,Radiator RD-250,91,928200,7
C0412,P017,Fan Belt FB-30,124,64480,9
C0412,P018,Wheel Rim WR-24,40,452000,6
C0412,P019,Swing Motor SWM-350,56,2228800,5
C0412,P020,Pivot Pin PP-12,61,70150,7
C0412,P021,Boom Cylinder BC-400,34,1570800,3
C0412,P022,Control Valve CV-75,102,1723800,8
C0412,P023,Idler Wheel IW-55,19,246050,2
C0412,P024,Track Roller TR-60,69,710700,6
C0412,P025,Cabin Glass CG-20,87,682950,8
C0412,P026,Grease Cartridge GC-5,64,19840,6
C0412,P027,O-Ring Set OR-50,84,40320,7
C0412,P028,Light Assembly LA-18,102,229500,7
C0412,P029,Pressure Sensor PS-90,58,229100,5
C0412,P030,Fuel Pump FP-350,32,700800,4
C0413,P001,Hydraulic Pump HP-300,113,2768500,10
C0413,P002,Engine Oil Filter OF-90,161,115920,14
C0413,P003,Air Filter AF-120,121,151250,8
C0413,P004,Track Chain TC-45,157,6248600,12
C0413,P005,Fuel Injector FI-220,59,498550,6
C0413,P006,Alternator ALT-500,92,1030400,6
C0413,P007,Hydraulic Hose HH-60,52,75400,8
C0413,P008,Bucket Tooth BT-10,96,55680,9
C0413,P009,Starter Motor SM-700,99,1475100,10
C0413,P010,Turbocharger TB-900,68,2373200,8
C0413,P011,Hydraulic Cylinder HC-200,126,3477600,11
C0413,P012,Brake Pad BP-40,78,191100,7
C0413,P013,Seal Kit SK-15,204,295800,13
C0413,P014,Transmission Assembly TA-800,41,3423500,5
C0413,P015,Engine Block EB-600,97,11543000,9
C0413,P016,Radiator RD-250,109,1111800,9
C0413,P017,Fan Belt FB-30,44,22880,5
C0413,P018,Wheel Rim WR-24,142,1604600,14
C0413,P019,Swing Motor SWM-350,120,4776000,10
C0413,P020,Pivot Pin PP-12,70,80500,7
C0413,P021,Boom Cylinder BC-400,87,4019400,7
C0413,P022,Control Valve CV-75,80,1352000,6
C0413,P023,Idler Wheel IW-55,83,1074850,6
C0413,P024,Track Roller TR-60,134,1380200,10
C0413,P025,Cabin Glass CG-20,173,1358050,10
C0413,P026,Grease Cartridge GC-5,86,26660,9
C0413,P027,O-Ring Set OR-50,111,53280,11
C0413,P028,Light Assembly LA-18,109,245250,9
C0413,P029,Pressure Sensor PS-90,34,134300,5
C0413,P030,Fuel Pump FP-350,163,3569700,10
C0414,P001,Hydraulic Pump HP-300,67,1641500,7
C0414,P002,Engine Oil Filter OF-90,69,49680,5
C0414,P003,Air Filter AF-120,111,138750,9
C0414,P004,Track Chain TC-45,55,2189000,7
C0414,P005,Fuel Injector FI-220,50,422500,6
C0414,P006,Alternator ALT-500,69,772800,6
C0414,P007,Hydraulic Hose HH-60,45,65250,4
C0414,P008,Bucket Tooth BT-10,156,90480,11
C0414,P009,Starter Motor SM-700,103,1534700,10
C0414,P010,Turbocharger TB-900,63,2198700,6
C0414,P011,Hydraulic Cylinder HC-200,122,3367200,9
C0414,P012,Brake Pad BP-40,47,115150,5
C0414,P013,Seal Kit SK-15,87,126150,5
C0414,P014,Transmission Assembly TA-800,112,9352000,8
C0414,P015,Engine Block EB-600,118,14042000,7
C0414,P016,Radiator RD-250,104,1060800,9
C0414,P017,Fan Belt FB-30,82,42640,7
C0414,P018,Wheel Rim WR-24,83,937900,5
C0414,P019,Swing Motor SWM-350,138,5492400,9
C0414,P020,Pivot Pin PP-12,92,105800,7
C0414,P021,Boom Cylinder BC-400,78,3603600,4
C0414,P022,Control Valve CV-75,98,1656200,9
C0414,P023,Idler Wheel IW-55,100,1295000,9
C0414,P024,Track Roller TR-60,101,1040300,9
C0414,P025,Cabin Glass CG-20,125,981250,8
C0414,P026,Grease Cartridge GC-5,15,4650,4
C0414,P027,O-Ring Set OR-50,136,65280,10
C0414,P028,Light Assembly LA-18,132,297000,11
C0414,P029,Pressure Sensor PS-90,51,201450,4
C0414,P030,Fuel Pump FP-350,63,1379700,6
C0415,P001,Hydraulic Pump HP-300,119,2915500,7
C0415,P002,Engine Oil Filter OF-90,154,110880,9
C0415,P003,Air Filter AF-120,137,171250,11
C0415,P004,Track Chain TC-45,66,2626800,7
C0415,P005,Fuel Injector FI-220,46,388700,4
C0415,P006,Alternator ALT-500,86,963200,9
C0415,P007,Hydraulic Hose HH-60,127,184150,9
C0415,P008,Bucket Tooth BT-10,127,73660,10
C0415,P009,Starter Motor SM-700,106,1579400,8
C0415,P010,Turbocharger TB-900,94,3280600,6
C0415,P011,Hydraulic Cylinder HC-200,196,5409600,11
C0415,P012,Brake Pad BP-40,122,298900,10
C0415,P013,Seal Kit SK-15,28,40600,2
C0415,P014,Transmission Assembly TA-800,176,14696000,12
C0415,P015,Engine Block EB-600,69,8211000,4
C0415,P016,Radiator RD-250,114,1162800,8
C0415,P017,Fan Belt FB-30,121,62920,9
C0415,P018,Wheel Rim WR-24,32,361600,3
C0415,P019,Swing Motor SWM-350,110,4378000,9
C0415,P020,Pivot Pin PP-12,76,87400,9
C0415,P021,Boom Cylinder BC-400,69,3187800,6
C0415,P022,Control Valve CV-75,83,1402700,7
C0415,P023,Idler Wheel IW-55,162,2097900,9
C0415,P024,Track Roller TR-60,55,566500,7
C0415,P025,Cabin Glass CG-20,125,981250,11
C0415,P026,Grease Cartridge GC-5,100,31000,8
C0415,P027,O-Ring Set OR-50,88,42240,7
C0415,P028,Light Assembly LA-18,116,261000,8
C0415,P029,Pressure Sensor PS-90,35,138250,5
C0415,P030,Fuel Pump FP-350,86,1883400,9
C0416,P001,Hydraulic Pump HP-300,63,1543500,5
C0416,P002,Engine Oil Filter OF-90,71,51120,7
C0416,P003,Air Filter AF-120,77,96250,7
C0416,P004,Track Chain TC-45,127,5054600,6
C0416,P005,Fuel Injector FI-220,141,1191450,11
C0416,P006,Alternator ALT-500,36,403200,5
C0416,P007,Hydraulic Hose HH-60,164,237800,12
C0416,P008,Bucket Tooth BT-10,136,78880,12
C0416,P009,Starter Motor SM-700,36,536400,4
C0416,P010,Turbocharger TB-900,64,2233600,7
C0416,P011,Hydraulic Cylinder HC-200,84,2318400,9
C0416,P012,Brake Pad BP-40,179,438550,12
C0416,P013,Seal Kit SK-15,92,133400,11
C0416,P014,Transmission Assembly TA-800,112,9352000,8
C0416,P015,Engine Block EB-600,17,2023000,4
C0416,P016,Radiator RD-250,93,948600,9
C0416,P017,Fan Belt FB-30,98,50960,8
C0416,P018,Wheel Rim WR-24,102,1152600,9
C0416,P019,Swing Motor SWM-350,106,4218800,9
C0416,P020,Pivot Pin PP-12,168,193200,12
C0416,P021,Boom Cylinder BC-400,64,2956800,7
C0416,P022,Control Valve CV-75,133,2247700,11
C0416,P023,Idler Wheel IW-55,29,375550,4
C0416,P024,Track Roller TR-60,121,1246300,8
C0416,P025,Cabin Glass CG-20,72,565200,8
C0416,P026,Grease Cartridge GC-5,141,43710,12
C0416,P027,O-Ring Set OR-50,122,58560,10
C0416,P028,Light Assembly LA-18,88,198000,10
C0416,P029,Pressure Sensor PS-90,79,312050,9
C0416,P030,Fuel Pump FP-350,96,2102400,6
C0417,P001,Hydraulic Pump HP-300,46,1127000,5
C0417,P002,Engine Oil Filter OF-90,32,23040,4
C0417,P003,Air Filter AF-120,109,136250,9
C0417,P004,Track Chain TC-45,23,915400,4
C0417,P005,Fuel Injector FI-220,45,380250,4
C0417,P006,Alternator ALT-500,27,302400,3
C0417,P007,Hydraulic Hose HH-60,93,134850,5
C0417,P008,Bucket Tooth BT-10,64,37120,6
C0417,P009,Starter Motor SM-700,72,1072800,5
C0417,P010,Turbocharger TB-900,52,1814800,4
C0417,P011,Hydraulic Cylinder HC-200,76,2097600,7
C0417,P012,Brake Pad BP-40,90,220500,7
C0417,P013,Seal Kit SK-15,121,175450,10
C0417,P014,Transmission Assembly TA-800,94,7849000,7
C0417,P015,Engine Block EB-600,88,10472000,8
C0417,P016,Radiator RD-250,79,805800,8
C0417,P017,Fan Belt FB-30,98,50960,10
C0417,P018,Wheel Rim WR-24,96,1084800,6
C0417,P019,Swing Motor SWM-350,67,2666600,7
C0417,P020,Pivot Pin PP-12,114,131100,8
C0417,P021,Boom Cylinder BC-400,146,6745200,11
C0417,P022,Control Valve CV-75,54,912600,8
C0417,P023,Idler Wheel IW-55,108,1398600,8
C0417,P024,Track Roller TR-60,56,576800,4
C0417,P025,Cabin Glass CG-20,97,761450,7
C0417,P026,Grease Cartridge GC-5,41,12710,3
C0417,P027,O-Ring Set OR-50,48,23040,6
C0417,P028,Light Assembly LA-18,57,128250,3
C0417,P029,Pressure Sensor PS-90,95,375250,8
C0417,P030,Fuel Pump FP-350,102,2233800,9
C0418,P001,Hydraulic Pump HP-300,132,3234000,10
C0418,P002,Engine Oil Filter OF-90,29,20880,2
C0418,P003,Air Filter AF-120,19,23750,2
C0418,P004,Track Chain TC-45,62,2467600,4
C0418,P005,Fuel Injector FI-220,137,1157650,8
C0418,P006,Alternator ALT-500,30,336000,4
C0418,P007,Hydraulic Hose HH-60,99,143550,12
C0418,P008,Bucket Tooth BT-10,114,66120,10
C0418,P009,Starter Motor SM-700,50,745000,4
C0418,P010,Turbocharger TB-900,26,907400,4
C0418,P011,Hydraulic Cylinder HC-200,81,2235600,8
C0418,P012,Brake Pad BP-40,83,203350,6
C0418,P013,Seal Kit SK-15,16,23200,3
C0418,P014,Transmission Assembly TA-800,22,1837000,2
C0418,P015,Engine Block EB-600,99,11781000,8
C0418,P016,Radiator RD-250,97,989400,10
C0418,P017,Fan Belt FB-30,102,53040,10
C0418,P018,Wheel Rim WR-24,76,858800,9
C0418,P019,Swing Motor SWM-350,41,1631800,3
C0418,P020,Pivot Pin PP-12,146,167900,12
C0418,P021,Boom Cylinder BC-400,90,4158000,11
C0418,P022,Control Valve CV-75,69,1166100,7
C0418,P023,Idler Wheel IW-55,91,1178450,9
C0418,P024,Track Roller TR-60,97,999100,6
C0418,P025,Cabin Glass CG-20,22,172700,2
C0418,P026,Grease Cartridge GC-5,74,22940,6
C0418,P027,O-Ring Set OR-50,54,25920,4
C0418,P028,Light Assembly LA-18,91,204750,8
C0418,P029,Pressure Sensor PS-90,103,406850,8
C0418,P030,Fuel Pump FP-350,91,1992900,7
C0419,P001,Hydraulic Pump HP-300,77,1886500,8
C0419,P002,Engine Oil Filter OF-90,102,73440,7
C0419,P003,Air Filter AF-120,90,112500,8
C0419,P004,Track Chain TC-45,86,3422800,6
C0419,P005,Fuel Injector FI-220,89,752050,8
C0419,P006,Alternator ALT-500,61,683200,4
C0419,P007,Hydraulic Hose HH-60,50,72500,5
C0419,P008,Bucket Tooth BT-10,63,36540,5
C0419,P009,Starter Motor SM-700,82,1221800,7
C0419,P010,Turbocharger TB-900,62,2163800,5
C0419,P011,Hydraulic Cylinder HC-200,48,1324800,5
C0419,P012,Brake Pad BP-40,76,186200,8
C0419,P013,Seal Kit SK-15,97,140650,9
C0419,P014,Transmission Assembly TA-800,67,5594500,5
C0419,P015,Engine Block EB-600,133,15827000,12
C0419,P016,Radiator RD-250,84,856800,7
C0419,P017,Fan Belt FB-30,41,21320,4
C0419,P018,Wheel Rim WR-24,53,598900,5
C0419,P019,Swing Motor SWM-350,77,3064600,7
C0419,P020,Pivot Pin PP-12,51,58650,5
C0419,P021,Boom Cylinder BC-400,68,3141600,7
C0419,P022,Control Valve CV-75,125,2112500,10
C0419,P023,Idler Wheel IW-55,91,1178450,8
C0419,P024,Track Roller TR-60,96,988800,7
C0419,P025,Cabin Glass CG-20,57,447450,6
C0419,P026,Grease Cartridge GC-5,82,25420,6
C0419,P027,O-Ring Set OR-50,58,27840,6
C0419,P028,Light Assembly LA-18,48,108000,4
C0419,P029,Pressure Sensor PS-90,31,122450,4
C0419,P030,Fuel Pump FP-350,148,3241200,8
C0420,P001,Hydraulic Pump HP-300,236,5782000,16
C0420,P002,Engine Oil Filter OF-90,95,68400,10
C0420,P003,Air Filter AF-120,101,126250,8
C0420,P004,Track Chain TC-45,140,5572000,14
C0420,P005,Fuel Injector FI-220,120,1014000,11
C0420,P006,Alternator ALT-500,115,1288000,13
C0420,P007,Hydraulic Hose HH-60,133,192850,11
C0420,P008,Bucket Tooth BT-10,184,106720,15
C0420,P009,Starter Motor SM-700,79,1177100,5
C0420,P010,Turbocharger TB-900,208,7259200,13
C0420,P011,Hydraulic Cylinder HC-200,181,4995600,16
C0420,P012,Brake Pad BP-40,63,154350,5
C0420,P013,Seal Kit SK-15,69,100050,6
C0420,P014,Transmission Assembly TA-800,109,9101500,10
C0420,P015,Engine Block EB-600,118,14042000,10
C0420,P016,Radiator RD-250,178,1815600,12
C0420,P017,Fan Belt FB-30,93,48360,11
C0420,P018,Wheel Rim WR-24,180,2034000,12
C0420,P019,Swing Motor SWM-350,190,7562000,15
C0420,P020,Pivot Pin PP-12,105,120750,8
C0420,P021,Boom Cylinder BC-400,173,7992600,14
C0420,P022,Control Valve CV-75,198,3346200,12
C0420,P023,Idler Wheel IW-55,128,1657600,12
C0420,P024,Track Roller TR-60,163,1678900,13
C0420,P025,Cabin Glass CG-20,127,996950,9
C0420,P026,Grease Cartridge GC-5,142,44020,10
C0420,P027,O-Ring Set OR-50,128,61440,14
C0420,P028,Light Assembly LA-18,84,189000,12
C0420,P029,Pressure Sensor PS-90,125,493750,10
C0420,P030,Fuel Pump FP-350,168,3679200,14
C0421,P001,Hydraulic Pump HP-300,71,1739500,6
C0421,P002,Engine Oil Filter OF-90,134,96480,11
C0421,P003,Air Filter AF-120,122,152500,11
C0421,P004,Track Chain TC-45,140,5572000,11
C0421,P005,Fuel Injector FI-220,142,1199900,13
C0421,P006,Alternator ALT-500,179,2004800,15
C0421,P007,Hydraulic Hose HH-60,144,208800,12
C0421,P008,Bucket Tooth BT-10,76,44080,7
C0421,P009,Starter Motor SM-700,74,1102600,5
C0421,P010,Turbocharger TB-900,168,5863200,12
C0421,P011,Hydraulic Cylinder HC-200,110,3036000,9
C0421,P012,Brake Pad BP-40,86,210700,7
C0421,P013,Seal Kit SK-15,88,127600,8
C0421,P014,Transmission Assembly TA-800,128,10688000,11
C0421,P015,Engine Block EB-600,160,19040000,12
C0421,P016,Radiator RD-250,106,1081200,6
C0421,P017,Fan Belt FB-30,129,67080,9
C0421,P018,Wheel Rim WR-24,130,1469000,11
C0421,P019,Swing Motor SWM-350,112,4457600,10
C0421,P020,Pivot Pin PP-12,100,115000,9
C0421,P021,Boom Cylinder BC-400,65,3003000,6
C0421,P022,Control Valve CV-75,167,2822300,12
C0421,P023,Idler Wheel IW-55,29,375550,4
C0421,P024,Track Roller TR-60,102,1050600,7
C0421,P025,Cabin Glass CG-20,119,934150,10
C0421,P026,Grease Cartridge GC-5,136,42160,11
C0421,P027,O-Ring Set OR-50,83,39840,7
C0421,P028,Light Assembly LA-18,102,229500,11
C0421,P029,Pressure Sensor PS-90,115,454250,9
C0421,P030,Fuel Pump FP-350,88,1927200,11
C0422,P001,Hydraulic Pump HP-300,51,1249500,7
C0422,P002,Engine Oil Filter OF-90,131,94320,8
C0422,P003,Air Filter AF-120,89,111250,6
C0422,P004,Track Chain TC-45,111,4417800,7
C0422,P005,Fuel Injector FI-220,89,752050,8
C0422,P006,Alternator ALT-500,40,448000,5
C0422,P007,Hydraulic Hose HH-60,154,223300,12
C0422,P008,Bucket Tooth BT-10,86,49880,6
C0422,P009,Starter Motor SM-700,99,1475100,9
C0422,P010,Turbocharger TB-900,190,6631000,14
C0422,P011,Hydraulic Cylinder HC-200,85,2346000,7
C0422,P012,Brake Pad BP-40,163,399350,13
C0422,P013,Seal Kit SK-15,71,102950,7
C0422,P014,Transmission Assembly TA-800,90,7515000,9
C0422,P015,Engine Block EB-600,160,19040000,15
C0422,P016,Radiator RD-250,147,1499400,11
C0422,P017,Fan Belt FB-30,89,46280,7
C0422,P018,Wheel Rim WR-24,69,779700,6
C0422,P019,Swing Motor SWM-350,87,3462600,8
C0422,P020,Pivot Pin PP-12,79,90850,7
C0422,P021,Boom Cylinder BC-400,87,4019400,8
C0422,P022,Control Valve CV-75,113,1909700,8
C0422,P023,Idler Wheel IW-55,70,906500,5
C0422,P024,Track Roller TR-60,133,1369900,9
C0422,P025,Cabin Glass CG-20,111,871350,8
C0422,P026,Grease Cartridge GC-5,34,10540,6
C0422,P027,O-Ring Set OR-50,79,37920,10
C0422,P028,Light Assembly LA-18,158,355500,10
C0422,P029,Pressure Sensor PS-90,99,391050,9
C0422,P030,Fuel Pump FP-350,55,1204500,5
C0423,P001,Hydraulic Pump HP-300,147,3601500,12
C0423,P002,Engine Oil Filter OF-90,57,41040,6
C0423,P003,Air Filter AF-120,93,116250,7
C0423,P004,Track Chain TC-45,47,1870600,6
C0423,P005,Fuel Injector FI-220,71,599950,6
C0423,P006,Alternator ALT-500,89,996800,7
C0423,P007,Hydraulic Hose HH-60,29,42050,3
C0423,P008,Bucket Tooth BT-10,101,58580,6
C0423,P009,Starter Motor SM-700,41,610900,5
C0423,P010,Turbocharger TB-900,39,1361100,5
C0423,P011,Hydraulic Cylinder HC-200,115,3174000,10
C0423,P012,Brake Pad BP-40,151,369950,12
C0423,P013,Seal Kit SK-15,36,52200,5
C0423,P014,Transmission Assembly TA-800,80,6680000,6
C0423,P015,Engine Block EB-600,85,10115000,6
C0423,P016,Radiator RD-250,99,1009800,7
C0423,P017,Fan Belt FB-30,168,87360,10
C0423,P018,Wheel Rim WR-24,112,1265600,6
C0423,P019,Swing Motor SWM-350,88,3502400,6
C0423,P020,Pivot Pin PP-12,40,46000,4
C0423,P021,Boom Cylinder BC-400,75,3465000,5
C0423,P022,Control Valve CV-75,40,676000,7
C0423,P023,Idler Wheel IW-55,46,595700,5
C0423,P024,Track Roller TR-60,74,762200,6
C0423,P025,Cabin Glass CG-20,111,871350,7
C0423,P026,Grease Cartridge GC-5,101,31310,10
C0423,P027,O-Ring Set OR-50,87,41760,7
C0423,P028,Light Assembly LA-18,89,200250,7
C0423,P029,Pressure Sensor PS-90,88,347600,7
C0423,P030,Fuel Pump FP-350,56,1226400,7
C0424,P001,Hydraulic Pump HP-300,121,2964500,10
C0424,P002,Engine Oil Filter OF-90,111,79920,10
C0424,P003,Air Filter AF-120,109,136250,10
C0424,P004,Track Chain TC-45,78,3104400,8
C0424,P005,Fuel Injector FI-220,83,701350,6
C0424,P006,Alternator ALT-500,139,1556800,10
C0424,P007,Hydraulic Hose HH-60,158,229100,10
C0424,P008,Bucket Tooth BT-10,67,38860,7
C0424,P009,Starter Motor SM-700,79,1177100,7
C0424,P010,Turbocharger TB-900,110,3839000,5
C0424,P011,Hydraulic Cylinder HC-200,119,3284400,12
C0424,P012,Brake Pad BP-40,123,301350,13
C0424,P013,Seal Kit SK-15,106,153700,8
C0424,P014,Transmission Assembly TA-800,65,5427500,7
C0424,P015,Engine Block EB-600,93,11067000,9
C0424,P016,Radiator RD-250,126,1285200,7
C0424,P017,Fan Belt FB-30,134,69680,10
C0424,P018,Wheel Rim WR-24,66,745800,7
C0424,P019,Swing Motor SWM-350,70,2786000,4
C0424,P020,Pivot Pin PP-12,91,104650,9
C0424,P021,Boom Cylinder BC-400,66,3049200,7
C0424,P022,Control Valve CV-75,133,2247700,9
C0424,P023,Idler Wheel IW-55,112,1450400,11
C0424,P024,Track Roller TR-60,82,844600,5
C0424,P025,Cabin Glass CG-20,44,345400,6
C0424,P026,Grease Cartridge GC-5,97,30070,8
C0424,P027,O-Ring Set OR-50,101,48480,10
C0424,P028,Light Assembly LA-18,198,445500,15
C0424,P029,Pressure Sensor PS-90,75,296250,5
C0424,P030,Fuel Pump FP-350,103,2255700,7
C0425,P001,Hydraulic Pump HP-300,95,2327500,8
C0425,P002,Engine Oil Filter OF-90,87,62640,10
C0425,P003,Air Filter AF-120,82,102500,7
C0425,P004,Track Chain TC-45,100,3980000,12
C0425,P005,Fuel Injector FI-220,114,963300,10
C0425,P006,Alternator ALT-500,146,1635200,11
C0425,P007,Hydraulic Hose HH-60,79,114550,7
C0425,P008,Bucket Tooth BT-10,113,65540,11
C0425,P009,Starter Motor SM-700,69,1028100,8
C0425,P010,Turbocharger TB-900,94,3280600,12
C0425,P011,Hydraulic Cylinder HC-200,34,938400,4
C0425,P012,Brake Pad BP-40,130,318500,11
C0425,P013,Seal Kit SK-15,69,100050,7
C0425,P014,Transmission Assembly TA-800,139,11606500,11
C0425,P015,Engine Block EB-600,108,12852000,8
C0425,P016,Radiator RD-250,81,826200,9
C0425,P017,Fan Belt FB-30,111,57720,12
C0425,P018,Wheel Rim WR-24,101,1141300,8
C0425,P019,Swing Motor SWM-350,85,3383000,7
C0425,P020,Pivot Pin PP-12,60,69000,7
C0425,P021,Boom Cylinder BC-400,113,5220600,11
C0425,P022,Control Valve CV-75,107,1808300,11
C0425,P023,Idler Wheel IW-55,43,556850,4
C0425,P024,Track Roller TR-60,78,803400,9
C0425,P025,Cabin Glass CG-20,99,777150,7
C0425,P026,Grease Cartridge GC-5,77,23870,9
C0425,P027,O-Ring Set OR-50,66,31680,8
C0425,P028,Light Assembly LA-18,91,204750,6
C0425,P029,Pressure Sensor PS-90,68,268600,6
C0425,P030,Fuel Pump FP-350,134,2934600,7
C0426,P001,Hydraulic Pump HP-300,100,2450000,4
C0426,P002,Engine Oil Filter OF-90,100,72000,7
C0426,P003,Air Filter AF-120,125,156250,8
C0426,P004,Track Chain TC-45,172,6845600,13
C0426,P005,Fuel Injector FI-220,91,768950,8
C0426,P006,Alternator ALT-500,53,593600,6
C0426,P007,Hydraulic Hose HH-60,101,146450,7
C0426,P008,Bucket Tooth BT-10,73,42340,8
C0426,P009,Starter Motor SM-700,114,1698600,9
C0426,P010,Turbocharger TB-900,110,3839000,8
C0426,P011,Hydraulic Cylinder HC-200,78,2152800,7
C0426,P012,Brake Pad BP-40,71,173950,7
C0426,P013,Seal Kit SK-15,56,81200,6
C0426,P014,Transmission Assembly TA-800,83,6930500,7
C0426,P015,Engine Block EB-600,21,2499000,3
C0426,P016,Radiator RD-250,86,877200,6
C0426,P017,Fan Belt FB-30,59,30680,6
C0426,P018,Wheel Rim WR-24,53,598900,5
C0426,P019,Swing Motor SWM-350,66,2626800,6
C0426,P020,Pivot Pin PP-12,38,43700,5
C0426,P021,Boom Cylinder BC-400,114,5266800,9
C0426,P022,Control Valve CV-75,147,2484300,8
C0426,P023,Idler Wheel IW-55,100,1295000,10
C0426,P024,Track Roller TR-60,102,1050600,8
C0426,P025,Cabin Glass CG-20,122,957700,8
C0426,P026,Grease Cartridge GC-5,62,19220,8
C0426,P027,O-Ring Set OR-50,71,34080,5
C0426,P028,Light Assembly LA-18,63,141750,6
C0426,P029,Pressure Sensor PS-90,26,102700,4
C0426,P030,Fuel Pump FP-350,166,3635400,12
C0427,P001,Hydraulic Pump HP-300,49,1200500,6
C0427,P002,Engine Oil Filter OF-90,57,41040,5
C0427,P003,Air Filter AF-120,76,95000,9
C0427,P004,Track Chain TC-45,88,3502400,9
C0427,P005,Fuel Injector FI-220,36,304200,4
C0427,P006,Alternator ALT-500,128,1433600,11
C0427,P007,Hydraulic Hose HH-60,111,160950,10
C0427,P008,Bucket Tooth BT-10,68,39440,6
C0427,P009,Starter Motor SM-700,97,1445300,9
C0427,P010,Turbocharger TB-900,60,2094000,6
C0427,P011,Hydraulic Cylinder HC-200,96,2649600,7
C0427,P012,Brake Pad BP-40,129,316050,11
C0427,P013,Seal Kit SK-15,68,98600,6
C0427,P014,Transmission Assembly TA-800,61,5093500,7
C0427,P015,Engine Block EB-600,86,10234000,9
C0427,P016,Radiator RD-250,94,958800,8
C0427,P017,Fan Belt FB-30,129,67080,9
C0427,P018,Wheel Rim WR-24,68,768400,5
C0427,P019,Swing Motor SWM-350,87,3462600,10
C0427,P020,Pivot Pin PP-12,121,139150,7
C0427,P021,Boom Cylinder BC-400,134,6190800,9
C0427,P022,Control Valve CV-75,112,1892800,10
C0427,P023,Idler Wheel IW-55,76,984200,8
C0427,P024,Track Roller TR-60,71,731300,5
C0427,P025,Cabin Glass CG-20,112,879200,10
C0427,P026,Grease Cartridge GC-5,69,21390,5
C0427,P027,O-Ring Set OR-50,81,38880,8
C0427,P028,Light Assembly LA-18,86,193500,8
C0427,P029,Pressure Sensor PS-90,106,418700,8
C0427,P030,Fuel Pump FP-350,90,1971000,8
C0428,P001,Hydraulic Pump HP-300,95,2327500,10
C0428,P002,Engine Oil Filter OF-90,113,81360,9
C0428,P003,Air Filter AF-120,107,133750,9
C0428,P004,Track Chain TC-45,103,4099400,10
C0428,P005,Fuel Injector FI-220,76,642200,7
C0428,P006,Alternator ALT-500,56,627200,5
C0428,P007,Hydraulic Hose HH-60,93,134850,7
C0428,P008,Bucket Tooth BT-10,154,89320,10
C0428,P009,Starter Motor SM-700,157,2339300,10
C0428,P010,Turbocharger TB-900,108,3769200,9
C0428,P011,Hydraulic Cylinder HC-200,105,2898000,6
C0428,P012,Brake Pad BP-40,98,240100,10
C0428,P013,Seal Kit SK-15,123,178350,8
C0428,P014,Transmission Assembly TA-800,128,10688000,12
C0428,P015,Engine Block EB-600,84,9996000,10
C0428,P016,Radiator RD-250,72,734400,10
C0428,P017,Fan Belt FB-30,121,62920,9
C0428,P018,Wheel Rim WR-24,123,1389900,9
C0428,P019,Swing Motor SWM-350,178,7084400,15
C0428,P020,Pivot Pin PP-12,109,125350,7
C0428,P021,Boom Cylinder BC-400,71,3280200,9
C0428,P022,Control Valve CV-75,61,1030900,5
C0428,P023,Idler Wheel IW-55,53,686350,8
C0428,P024,Track Roller TR-60,75,772500,8
C0428,P025,Cabin Glass CG-20,61,478850,6
C0428,P026,Grease Cartridge GC-5,64,19840,8
C0428,P027,O-Ring Set OR-50,106,50880,8
C0428,P028,Light Assembly LA-18,140,315000,8
C0428,P029,Pressure Sensor PS-90,130,513500,8
C0428,P030,Fuel Pump FP-350,97,2124300,7
C0429,P001,Hydraulic Pump HP-300,16,392000,2
C0429,P002,Engine Oil Filter OF-90,120,86400,10
C0429,P003,Air Filter AF-120,130,162500,9
C0429,P004,Track Chain TC-45,167,6646600,11
C0429,P005,Fuel Injector FI-220,109,921050,9
C0429,P006,Alternator ALT-500,55,616000,5
C0429,P007,Hydraulic Hose HH-60,77,111650,8
C0429,P008,Bucket Tooth BT-10,102,59160,8
C0429,P009,Starter Motor SM-700,51,759900,6
C0429,P010,Turbocharger TB-900,128,4467200,11
C0429,P011,Hydraulic Cylinder HC-200,101,2787600,7
C0429,P012,Brake Pad BP-40,137,335650,13
C0429,P013,Seal Kit SK-15,54,78300,6
C0429,P014,Transmission Assembly TA-800,141,11773500,10
C0429,P015,Engine Block EB-600,89,10591000,7
C0429,P016,Radiator RD-250,117,1193400,11
C0429,P017,Fan Belt FB-30,33,17160,2
C0429,P018,Wheel Rim WR-24,145,1638500,10
C0429,P019,Swing Motor SWM-350,86,3422800,8
C0429,P020,Pivot Pin PP-12,73,83950,7
C0429,P021,Boom Cylinder BC-400,61,2818200,6
C0429,P022,Control Valve CV-75,108,1825200,9
C0429,P023,Idler Wheel IW-55,62,802900,7
C0429,P024,Track Roller TR-60,101,1040300,7
C0429,P025,Cabin Glass CG-20,98,769300,11
C0429,P026,Grease Cartridge GC-5,73,22630,8
C0429,P027,O-Ring Set OR-50,74,35520,6
C0429,P028,Light Assembly LA-18,106,238500,9
C0429,P029,Pressure Sensor PS-90,157,620150,13
C0429,P030,Fuel Pump FP-350,85,1861500,9
C0430,P001,Hydraulic Pump HP-300,116,2842000,11
C0430,P002,Engine Oil Filter OF-90,59,42480,6
C0430,P003,Air Filter AF-120,133,166250,10
C0430,P004,Track Chain TC-45,76,3024800,8
C0430,P005,Fuel Injector FI-220,92,777400,7
C0430,P006,Alternator ALT-500,139,1556800,12
C0430,P007,Hydraulic Hose HH-60,113,163850,9
C0430,P008,Bucket Tooth BT-10,90,52200,7
C0430,P009,Starter Motor SM-700,76,1132400,8
C0430,P010,Turbocharger TB-900,30,1047000,3
C0430,P011,Hydraulic Cylinder HC-200,127,3505200,9
C0430,P012,Brake Pad BP-40,95,232750,9
C0430,P013,Seal Kit SK-15,38,55100,6
C0430,P014,Transmission Assembly TA-800,36,3006000,5
C0430,P015,Engine Block EB-600,62,7378000,6
C0430,P016,Radiator RD-250,48,489600,6
C0430,P017,Fan Belt FB-30,41,21320,4
C0430,P018,Wheel Rim WR-24,78,881400,6
C0430,P019,Swing Motor SWM-350,76,3024800,7
C0430,P020,Pivot Pin PP-12,89,102350,8
C0430,P021,Boom Cylinder BC-400,71,3280200,7
C0430,P022,Control Valve CV-75,25,422500,4
C0430,P023,Idler Wheel IW-55,81,1048950,8
C0430,P024,Track Roller TR-60,45,463500,4
C0430,P025,Cabin Glass CG-20,50,392500,5
C0430,P026,Grease Cartridge GC-5,62,19220,4
C0430,P027,O-Ring Set OR-50,72,34560,7
C0430,P028,Light Assembly LA-18,55,123750,4
C0430,P029,Pressure Sensor PS-90,26,102700,4
C0430,P030,Fuel Pump FP-350,98,2146200,6
C0431,P001,Hydraulic Pump HP-300,26,637000,1
C0431,P002,Engine Oil Filter OF-90,65,46800,6
C0431,P003,Air Filter AF-120,37,46250,6
C0431,P004,Track Chain TC-45,129,5134200,10
C0431,P005,Fuel Injector FI-220,104,878800,9
C0431,P006,Alternator ALT-500,49,548800,6
C0431,P007,Hydraulic Hose HH-60,54,78300,5
C0431,P008,Bucket Tooth BT-10,33,19140,6
C0431,P009,Starter Motor SM-700,42,625800,4
C0431,P010,Turbocharger TB-900,78,2722200,7
C0431,P011,Hydraulic Cylinder HC-200,93,2566800,7
C0431,P012,Brake Pad BP-40,102,249900,6
C0431,P013,Seal Kit SK-15,44,63800,5
C0431,P014,Transmission Assembly TA-800,72,6012000,7
C0431,P015,Engine Block EB-600,43,5117000,4
C0431,P016,Radiator RD-250,59,601800,4
C0431,P017,Fan Belt FB-30,73,37960,4
C0431,P018,Wheel Rim WR-24,34,384200,3
C0431,P019,Swing Motor SWM-350,98,3900400,7
C0431,P020,Pivot Pin PP-12,50,57500,5
C0431,P021,Boom Cylinder BC-400,85,3927000,9
C0431,P022,Control Valve CV-75,109,1842100,8
C0431,P023,Idler Wheel IW-55,48,621600,5
C0431,P024,Track Roller TR-60,64,659200,6
C0431,P025,Cabin Glass CG-20,80,628000,8
C0431,P026,Grease Cartridge GC-5,57,17670,6
C0431,P027,O-Ring Set OR-50,28,13440,3
C0431,P028,Light Assembly LA-18,117,263250,10
C0431,P029,Pressure Sensor PS-90,76,300200,7
C0431,P030,Fuel Pump FP-350,61,1335900,6
C0432,P001,Hydraulic Pump HP-300,87,2131500,7
C0432,P002,Engine Oil Filter OF-90,68,48960,7
C0432,P003,Air Filter AF-120,65,81250,8
C0432,P004,Track Chain TC-45,103,4099400,9
C0432,P005,Fuel Injector FI-220,87,735150,5
C0432,P006,Alternator ALT-500,114,1276800,9
C0432,P007,Hydraulic Hose HH-60,130,188500,10
C0432,P008,Bucket Tooth BT-10,45,26100,3
C0432,P009,Starter Motor SM-700,71,1057900,5
C0432,P010,Turbocharger TB-900,49,1710100,4
C0432,P011,Hydraulic Cylinder HC-200,52,1435200,5
C0432,P012,Brake Pad BP-40,83,203350,6
C0432,P013,Seal Kit SK-15,128,185600,9
C0432,P014,Transmission Assembly TA-800,79,6596500,8
C0432,P015,Engine Block EB-600,56,6664000,5
C0432,P016,Radiator RD-250,37,377400,4
C0432,P017,Fan Belt FB-30,132,68640,11
C0432,P018,Wheel Rim WR-24,136,1536800,11
C0432,P019,Swing Motor SWM-350,145,5771000,12
C0432,P020,Pivot Pin PP-12,104,119600,10
C0432,P021,Boom Cylinder BC-400,59,2725800,5
C0432,P022,Control Valve CV-75,115,1943500,12
C0432,P023,Idler Wheel IW-55,67,867650,6
C0432,P024,Track Roller TR-60,71,731300,7
C0432,P025,Cabin Glass CG-20,147,1153950,11
C0432,P026,Grease Cartridge GC-5,117,36270,10
C0432,P027,O-Ring Set OR-50,12,5760,2
C0432,P028,Light Assembly LA-18,22,49500,3
C0432,P029,Pressure Sensor PS-90,120,474000,7
C0432,P030,Fuel Pump FP-350,46,1007400,6
C0433,P001,Hydraulic Pump HP-300,76,1862000,7
C0433,P002,Engine Oil Filter OF-90,116,83520,8
C0433,P003,Air Filter AF-120,107,133750,10
C0433,P004,Track Chain TC-45,26,1034800,2
C0433,P005,Fuel Injector FI-220,100,845000,8
C0433,P006,Alternator ALT-500,144,1612800,11
C0433,P007,Hydraulic Hose HH-60,118,171100,8
C0433,P008,Bucket Tooth BT-10,126,73080,9
C0433,P009,Starter Motor SM-700,84,1251600,8
C0433,P010,Turbocharger TB-900,99,3455100,7
C0433,P011,Hydraulic Cylinder HC-200,114,3146400,7
C0433,P012,Brake Pad BP-40,208,509600,17
C0433,P013,Seal Kit SK-15,87,126150,8
C0433,P014,Transmission Assembly TA-800,57,4759500,6
C0433,P015,Engine Block EB-600,113,13447000,8
C0433,P016,Radiator RD-250,135,1377000,12
C0433,P017,Fan Belt FB-30,114,59280,8
C0433,P018,Wheel Rim WR-24,116,1310800,10
C0433,P019,Swing Motor SWM-350,148,5890400,8
C0433,P020,Pivot Pin PP-12,115,132250,8
C0433,P021,Boom Cylinder BC-400,107,4943400,10
C0433,P022,Control Valve CV-75,69,1166100,5
C0433,P023,Idler Wheel IW-55,30,388500,4
C0433,P024,Track Roller TR-60,60,618000,8
C0433,P025,Cabin Glass CG-20,74,580900,8
C0433,P026,Grease Cartridge GC-5,50,15500,3
C0433,P027,O-Ring Set OR-50,143,68640,10
C0433,P028,Light Assembly LA-18,120,270000,11
C0433,P029,Pressure Sensor PS-90,85,335750,8
C0433,P030,Fuel Pump FP-350,71,1554900,7
C0434,P001,Hydraulic Pump HP-300,44,1078000,3
C0434,P002,Engine Oil Filter OF-90,153,110160,10
C0434,P003,Air Filter AF-120,41,51250,3
C0434,P004,Track Chain TC-45,105,4179000,9
C0434,P005,Fuel Injector FI-220,59,498550,5
C0434,P006,Alternator ALT-500,47,526400,5
C0434,P007,Hydraulic Hose HH-60,85,123250,6
C0434,P008,Bucket Tooth BT-10,84,48720,4
C0434,P009,Starter Motor SM-700,65,968500,6
C0434,P010,Turbocharger TB-900,97,3385300,6
C0434,P011,Hydraulic Cylinder HC-200,80,2208000,5
C0434,P012,Brake Pad BP-40,75,183750,7
C0434,P013,Seal Kit SK-15,46,66700,6
C0434,P014,Transmission Assembly TA-800,85,7097500,8
C0434,P015,Engine Block EB-600,64,7616000,7
C0434,P016,Radiator RD-250,23,234600,3
C0434,P017,Fan Belt FB-30,67,34840,6
C0434,P018,Wheel Rim WR-24,65,734500,6
C0434,P019,Swing Motor SWM-350,128,5094400,9
C0434,P020,Pivot Pin PP-12,65,74750,6
C0434,P021,Boom Cylinder BC-400,86,3973200,11
C0434,P022,Control Valve CV-75,73,1233700,7
C0434,P023,Idler Wheel IW-55,54,699300,6
C0434,P024,Track Roller TR-60,77,793100,4
C0434,P025,Cabin Glass CG-20,52,408200,5
C0434,P026,Grease Cartridge GC-5,49,15190,4
C0434,P027,O-Ring Set OR-50,94,45120,8
C0434,P028,Light Assembly LA-18,103,231750,9
C0434,P029,Pressure Sensor PS-90,64,252800,6
C0434,P030,Fuel Pump FP-350,44,963600,6
C0435,P001,Hydraulic Pump HP-300,97,2376500,8
C0435,P002,Engine Oil Filter OF-90,99,71280,5
C0435,P003,Air Filter AF-120,84,105000,8
C0435,P004,Track Chain TC-45,154,6129200,12
C0435,P005,Fuel Injector FI-220,159,1343550,15
C0435,P006,Alternator ALT-500,133,1489600,13
C0435,P007,Hydraulic Hose HH-60,163,236350,12
C0435,P008,Bucket Tooth BT-10,116,67280,10
C0435,P009,Starter Motor SM-700,133,1981700,10
C0435,P010,Turbocharger TB-900,83,2896700,10
C0435,P011,Hydraulic Cylinder HC-200,107,2953200,9
C0435,P012,Brake Pad BP-40,120,294000,8
C0435,P013,Seal Kit SK-15,60,87000,7
C0435,P014,Transmission Assembly TA-800,118,9853000,13
C0435,P015,Engine Block EB-600,66,7854000,9
C0435,P016,Radiator RD-250,94,958800,12
C0435,P017,Fan Belt FB-30,110,57200,9
C0435,P018,Wheel Rim WR-24,234,2644200,18
C0435,P019,Swing Motor SWM-350,181,7203800,14
C0435,P020,Pivot Pin PP-12,166,190900,11
C0435,P021,Boom Cylinder BC-400,147,6791400,12
C0435,P022,Control Valve CV-75,176,2974400,17
C0435,P023,Idler Wheel IW-55,103,1333850,11
C0435,P024,Track Roller TR-60,183,1884900,16
C0435,P025,Cabin Glass CG-20,134,1051900,10
C0435,P026,Grease Cartridge GC-5,113,35030,10
C0435,P027,O-Ring Set OR-50,134,64320,13
C0435,P028,Light Assembly LA-18,41,92250,7
C0435,P029,Pressure Sensor PS-90,111,438450,12
C0435,P030,Fuel Pump FP-350,123,2693700,10
C0436,P001,Hydraulic Pump HP-300,83,2033500,8
C0436,P002,Engine Oil Filter OF-90,94,67680,9
C0436,P003,Air Filter AF-120,118,147500,7
C0436,P004,Track Chain TC-45,74,2945200,7
C0436,P005,Fuel Injector FI-220,69,583050,8
C0436,P006,Alternator ALT-500,60,672000,5
C0436,P007,Hydraulic Hose HH-60,102,147900,8
C0436,P008,Bucket Tooth BT-10,99,57420,7
C0436,P009,Starter Motor SM-700,60,894000,7
C0436,P010,Turbocharger TB-900,104,3629600,8
C0436,P011,Hydraulic Cylinder HC-200,122,3367200,11
C0436,P012,Brake Pad BP-40,126,308700,10
C0436,P013,Seal Kit SK-15,170,246500,15
C0436,P014,Transmission Assembly TA-800,95,7932500,6
C0436,P015,Engine Block EB-600,59,7021000,5
C0436,P016,Radiator RD-250,121,1234200,8
C0436,P017,Fan Belt FB-30,89,46280,9
C0436,P018,Wheel Rim WR-24,150,1695000,9
C0436,P019,Swing Motor SWM-350,114,4537200,7
C0436,P020,Pivot Pin PP-12,100,115000,6
C0436,P021,Boom Cylinder BC-400,86,3973200,7
C0436,P022,Control Valve CV-75,79,1335100,9
C0436,P023,Idler Wheel IW-55,133,1722350,9
C0436,P024,Track Roller TR-60,78,803400,7
C0436,P025,Cabin Glass CG-20,94,737900,10
C0436,P026,Grease Cartridge GC-5,124,38440,8
C0436,P027,O-Ring Set OR-50,45,21600,6
C0436,P028,Light Assembly LA-18,69,155250,6
C0436,P029,Pressure Sensor PS-90,48,189600,8
C0436,P030,Fuel Pump FP-350,140,3066000,9
C0437,P001,Hydraulic Pump HP-300,97,2376500,10
C0437,P002,Engine Oil Filter OF-90,80,57600,8
C0437,P003,Air Filter AF-120,77,96250,8
C0437,P004,Track Chain TC-45,94,3741200,8
C0437,P005,Fuel Injector FI-220,124,1047800,7
C0437,P006,Alternator ALT-500,44,492800,4
C0437,P007,Hydraulic Hose HH-60,67,97150,7
C0437,P008,Bucket Tooth BT-10,78,45240,6
C0437,P009,Starter Motor SM-700,64,953600,4
C0437,P010,Turbocharger TB-900,105,3664500,8
C0437,P011,Hydraulic Cylinder HC-200,68,1876800,6
C0437,P012,Brake Pad BP-40,62,151900,6
C0437,P013,Seal Kit SK-15,27,39150,3
C0437,P014,Transmission Assembly TA-800,69,5761500,6
C0437,P015,Engine Block EB-600,50,5950000,5
C0437,P016,Radiator RD-250,150,1530000,9
C0437,P017,Fan Belt FB-30,50,26000,5
C0437,P018,Wheel Rim WR-24,61,689300,5
C0437,P019,Swing Motor SWM-350,28,1114400,2
C0437,P020,Pivot Pin PP-12,84,96600,7
C0437,P021,Boom Cylinder BC-400,84,3880800,9
C0437,P022,Control Valve CV-75,49,828100,4
C0437,P023,Idler Wheel IW-55,65,841750,9
C0437,P024,Track Roller TR-60,92,947600,7
C0437,P025,Cabin Glass CG-20,48,376800,6
C0437,P026,Grease Cartridge GC-5,26,8060,3
C0437,P027,O-Ring Set OR-50,51,24480,6
C0437,P028,Light Assembly LA-18,105,236250,7
C0437,P029,Pressure Sensor PS-90,32,126400,3
C0437,P030,Fuel Pump FP-350,66,1445400,6
C0438,P001,Hydraulic Pump HP-300,70,1715000,6
C0438,P002,Engine Oil Filter OF-90,123,88560,11
C0438,P003,Air Filter AF-120,65,81250,5
C0438,P004,Track Chain TC-45,67,2666600,6
C0438,P005,Fuel Injector FI-220,111,937950,11
C0438,P006,Alternator ALT-500,177,1982400,12
C0438,P007,Hydraulic Hose HH-60,139,201550,10
C0438,P008,Bucket Tooth BT-10,90,52200,10
C0438,P009,Starter Motor SM-700,118,1758200,8
C0438,P010,Turbocharger TB-900,153,5339700,13
C0438,P011,Hydraulic Cylinder HC-200,120,3312000,9
C0438,P012,Brake Pad BP-40,61,149450,4
C0438,P013,Seal Kit SK-15,82,118900,6
C0438,P014,Transmission Assembly TA-800,77,6429500,10
C0438,P015,Engine Block EB-600,92,10948000,8
C0438,P016,Radiator RD-250,100,1020000,8
C0438,P017,Fan Belt FB-30,62,32240,5
C0438,P018,Wheel Rim WR-24,131,1480300,11
C0438,P019,Swing Motor SWM-350,67,2666600,6
C0438,P020,Pivot Pin PP-12,150,172500,7
C0438,P021,Boom Cylinder BC-400,106,4897200,8
C0438,P022,Control Valve CV-75,65,1098500,6
C0438,P023,Idler Wheel IW-55,58,751100,6
C0438,P024,Track Roller TR-60,94,968200,8
C0438,P025,Cabin Glass CG-20,58,455300,6
C0438,P026,Grease Cartridge GC-5,78,24180,8
C0438,P027,O-Ring Set OR-50,109,52320,10
C0438,P028,Light Assembly LA-18,108,243000,9
C0438,P029,Pressure Sensor PS-90,172,679400,13
C0438,P030,Fuel Pump FP-350,113,2474700,10
C0439,P001,Hydraulic Pump HP-300,53,1298500,9
C0439,P002,Engine Oil Filter OF-90,90,64800,7
C0439,P003,Air Filter AF-120,79,98750,7
C0439,P004,Track Chain TC-45,68,2706400,7
C0439,P005,Fuel Injector FI-220,113,954850,11
C0439,P006,Alternator ALT-500,30,336000,4
C0439,P007,Hydraulic Hose HH-60,110,159500,10
C0439,P008,Bucket Tooth BT-10,178,103240,10
C0439,P009,Starter Motor SM-700,41,610900,5
C0439,P010,Turbocharger TB-900,35,1221500,4
C0439,P011,Hydraulic Cylinder HC-200,108,2980800,11
C0439,P012,Brake Pad BP-40,146,357700,10
C0439,P013,Seal Kit SK-15,111,160950,10
C0439,P014,Transmission Assembly TA-800,133,11105500,9
C0439,P015,Engine Block EB-600,114,13566000,10
C0439,P016,Radiator RD-250,51,520200,6
C0439,P017,Fan Belt FB-30,143,74360,15
C0439,P018,Wheel Rim WR-24,52,587600,5
C0439,P019,Swing Motor SWM-350,68,2706400,6
C0439,P020,Pivot Pin PP-12,105,120750,11
C0439,P021,Boom Cylinder BC-400,67,3095400,3
C0439,P022,Control Valve CV-75,101,1706900,9
C0439,P023,Idler Wheel IW-55,91,1178450,7
C0439,P024,Track Roller TR-60,93,957900,8
C0439,P025,Cabin Glass CG-20,131,1028350,10
C0439,P026,Grease Cartridge GC-5,64,19840,4
C0439,P027,O-Ring Set OR-50,144,69120,10
C0439,P028,Light Assembly LA-18,83,186750,6
C0439,P029,Pressure Sensor PS-90,84,331800,9
C0439,P030,Fuel Pump FP-350,69,1511100,6
C0440,P001,Hydraulic Pump HP-300,139,3405500,14
C0440,P002,Engine Oil Filter OF-90,107,77040,11
C0440,P003,Air Filter AF-120,122,152500,13
C0440,P004,Track Chain TC-45,215,8557000,15
C0440,P005,Fuel Injector FI-220,128,1081600,12
C0440,P006,Alternator ALT-500,112,1254400,12
C0440,P007,Hydraulic Hose HH-60,188,272600,14
C0440,P008,Bucket Tooth BT-10,63,36540,8
C0440,P009,Starter Motor SM-700,158,2354200,17
C0440,P010,Turbocharger TB-900,91,3175900,6
C0440,P011,Hydraulic Cylinder HC-200,51,1407600,5
C0440,P012,Brake Pad BP-40,136,333200,10
C0440,P013,Seal Kit SK-15,96,139200,9
C0440,P014,Transmission Assembly TA-800,91,7598500,7
C0440,P015,Engine Block EB-600,155,18445000,11
C0440,P016,Radiator RD-250,151,1540200,10
C0440,P017,Fan Belt FB-30,88,45760,8
C0440,P018,Wheel Rim WR-24,129,1457700,15
C0440,P019,Swing Motor SWM-350,53,2109400,6
C0440,P020,Pivot Pin PP-12,108,124200,11
C0440,P021,Boom Cylinder BC-400,102,4712400,10
C0440,P022,Control Valve CV-75,134,2264600,10
C0440,P023,Idler Wheel IW-55,163,2110850,12
C0440,P024,Track Roller TR-60,98,1009400,9
C0440,P025,Cabin Glass CG-20,112,879200,10
C0440,P026,Grease Cartridge GC-5,167,51770,12
C0440,P027,O-Ring Set OR-50,45,21600,5
C0440,P028,Light Assembly LA-18,101,227250,9
C0440,P029,Pressure Sensor PS-90,137,541150,10
C0440,P030,Fuel Pump FP-350,115,2518500,12
C0441,P001,Hydraulic Pump HP-300,122,2989000,8
C0441,P002,Engine Oil Filter OF-90,87,62640,6
C0441,P003,Air Filter AF-120,70,87500,5
C0441,P004,Track Chain TC-45,46,1830800,5
C0441,P005,Fuel Injector FI-220,95,802750,6
C0441,P006,Alternator ALT-500,51,571200,4
C0441,P007,Hydraulic Hose HH-60,109,158050,10
C0441,P008,Bucket Tooth BT-10,70,40600,7
C0441,P009,Starter Motor SM-700,93,1385700,8
C0441,P010,Turbocharger TB-900,58,2024200,5
C0441,P011,Hydraulic Cylinder HC-200,110,3036000,10
C0441,P012,Brake Pad BP-40,164,401800,10
C0441,P013,Seal Kit SK-15,95,137750,7
C0441,P014,Transmission Assembly TA-800,41,3423500,5
C0441,P015,Engine Block EB-600,69,8211000,7
C0441,P016,Radiator RD-250,175,1785000,13
C0441,P017,Fan Belt FB-30,66,34320,5
C0441,P018,Wheel Rim WR-24,74,836200,7
C0441,P019,Swing Motor SWM-350,101,4019800,7
C0441,P020,Pivot Pin PP-12,33,37950,5
C0441,P021,Boom Cylinder BC-400,68,3141600,8
C0441,P022,Control Valve CV-75,74,1250600,9
C0441,P023,Idler Wheel IW-55,139,1800050,7
C0441,P024,Track Roller TR-60,75,772500,7
C0441,P025,Cabin Glass CG-20,125,981250,9
C0441,P026,Grease Cartridge GC-5,128,39680,7
C0441,P027,O-Ring Set OR-50,82,39360,8
C0441,P028,Light Assembly LA-18,78,175500,7
C0441,P029,Pressure Sensor PS-90,86,339700,6
C0441,P030,Fuel Pump FP-350,51,1116900,8
C0442,P001,Hydraulic Pump HP-300,85,2082500,10
C0442,P002,Engine Oil Filter OF-90,90,64800,6
C0442,P003,Air Filter AF-120,87,108750,8
C0442,P004,Track Chain TC-45,102,4059600,9
C0442,P005,Fuel Injector FI-220,90,760500,8
C0442,P006,Alternator ALT-500,130,1456000,9
C0442,P007,Hydraulic Hose HH-60,95,137750,9
C0442,P008,Bucket Tooth BT-10,85,49300,6
C0442,P009,Starter Motor SM-700,48,715200,5
C0442,P010,Turbocharger TB-900,128,4467200,5
C0442,P011,Hydraulic Cylinder HC-200,42,1159200,4
C0442,P012,Brake Pad BP-40,60,147000,3
C0442,P013,Seal Kit SK-15,99,143550,6
C0442,P014,Transmission Assembly TA-800,74,6179000,8
C0442,P015,Engine Block EB-600,93,11067000,9
C0442,P016,Radiator RD-250,48,489600,5
C0442,P017,Fan Belt FB-30,39,20280,4
C0442,P018,Wheel Rim WR-24,88,994400,7
C0442,P019,Swing Motor SWM-350,91,3621800,6
C0442,P020,Pivot Pin PP-12,84,96600,8
C0442,P021,Boom Cylinder BC-400,107,4943400,8
C0442,P022,Control Valve CV-75,45,760500,4
C0442,P023,Idler Wheel IW-55,56,725200,4
C0442,P024,Track Roller TR-60,78,803400,7
C0442,P025,Cabin Glass CG-20,81,635850,8
C0442,P026,Grease Cartridge GC-5,120,37200,9
C0442,P027,O-Ring Set OR-50,71,34080,7
C0442,P028,Light Assembly LA-18,29,65250,2
C0442,P029,Pressure Sensor PS-90,74,292300,9
C0442,P030,Fuel Pump FP-350,54,1182600,8
C0443,P001,Hydraulic Pump HP-300,25,612500,2
C0443,P002,Engine Oil Filter OF-90,116,83520,8
C0443,P003,Air Filter AF-120,107,133750,9
C0443,P004,Track Chain TC-45,61,2427800,6
C0443,P005,Fuel Injector FI-220,81,684450,8
C0443,P006,Alternator ALT-500,115,1288000,8
C0443,P007,Hydraulic Hose HH-60,44,63800,5
C0443,P008,Bucket Tooth BT-10,148,85840,12
C0443,P009,Starter Motor SM-700,89,1326100,6
C0443,P010,Turbocharger TB-900,162,5653800,15
C0443,P011,Hydraulic Cylinder HC-200,50,1380000,6
C0443,P012,Brake Pad BP-40,113,276850,7
C0443,P013,Seal Kit SK-15,62,89900,8
C0443,P014,Transmission Assembly TA-800,98,8183000,7
C0443,P015,Engine Block EB-600,106,12614000,7
C0443,P016,Radiator RD-250,113,1152600,5
C0443,P017,Fan Belt FB-30,96,49920,8
C0443,P018,Wheel Rim WR-24,104,1175200,7
C0443,P019,Swing Motor SWM-350,77,3064600,5
C0443,P020,Pivot Pin PP-12,111,127650,10
C0443,P021,Boom Cylinder BC-400,98,4527600,9
C0443,P022,Control Valve CV-75,61,1030900,6
C0443,P023,Idler Wheel IW-55,92,1191400,7
C0443,P024,Track Roller TR-60,120,1236000,11
C0443,P025,Cabin Glass CG-20,79,620150,9
C0443,P026,Grease Cartridge GC-5,70,21700,7
C0443,P027,O-Ring Set OR-50,169,81120,14
C0443,P028,Light Assembly LA-18,165,371250,11
C0443,P029,Pressure Sensor PS-90,73,288350,6
C0443,P030,Fuel Pump FP-350,115,2518500,10
C0444,P001,Hydraulic Pump HP-300,111,2719500,9
C0444,P002,Engine Oil Filter OF-90,34,24480,4
C0444,P003,Air Filter AF-120,101,126250,5
C0444,P004,Track Chain TC-45,77,3064600,9
C0444,P005,Fuel Injector FI-220,88,743600,7
C0444,P006,Alternator ALT-500,128,1433600,12
C0444,P007,Hydraulic Hose HH-60,70,101500,7
C0444,P008,Bucket Tooth BT-10,84,48720,6
C0444,P009,Starter Motor SM-700,196,2920400,15
C0444,P010,Turbocharger TB-900,51,1779900,3
C0444,P011,Hydraulic Cylinder HC-200,122,3367200,11
C0444,P012,Brake Pad BP-40,148,362600,10
C0444,P013,Seal Kit SK-15,104,150800,8
C0444,P014,Transmission Assembly TA-800,116,9686000,8
C0444,P015,Engine Block EB-600,45,5355000,6
C0444,P016,Radiator RD-250,87,887400,7
C0444,P017,Fan Belt FB-30,116,60320,9
C0444,P018,Wheel Rim WR-24,109,1231700,8
C0444,P019,Swing Motor SWM-350,28,1114400,3
C0444,P020,Pivot Pin PP-12,100,115000,6
C0444,P021,Boom Cylinder BC-400,106,4897200,8
C0444,P022,Control Valve CV-75,73,1233700,5
C0444,P023,Idler Wheel IW-55,125,1618750,10
C0444,P024,Track Roller TR-60,118,1215400,8
C0444,P025,Cabin Glass CG-20,51,400350,5
C0444,P026,Grease Cartridge GC-5,92,28520,7
C0444,P027,O-Ring Set OR-50,128,61440,10
C0444,P028,Light Assembly LA-18,54,121500,5
C0444,P029,Pressure Sensor PS-90,135,533250,10
C0444,P030,Fuel Pump FP-350,56,1226400,5
C0445,P001,Hydraulic Pump HP-300,98,2401000,7
C0445,P002,Engine Oil Filter OF-90,32,23040,2
C0445,P003,Air Filter AF-120,93,116250,6
C0445,P004,Track Chain TC-45,101,4019800,9
C0445,P005,Fuel Injector FI-220,69,583050,8
C0445,P006,Alternator ALT-500,70,784000,7
C0445,P007,Hydraulic Hose HH-60,74,107300,6
C0445,P008,Bucket Tooth BT-10,32,18560,4
C0445,P009,Starter Motor SM-700,78,1162200,7
C0445,P010,Turbocharger TB-900,182,6351800,8
C0445,P011,Hydraulic Cylinder HC-200,88,2428800,8
C0445,P012,Brake Pad BP-40,50,122500,5
C0445,P013,Seal Kit SK-15,117,169650,8
C0445,P014,Transmission Assembly TA-800,79,6596500,7
C0445,P015,Engine Block EB-600,98,11662000,9
C0445,P016,Radiator RD-250,78,795600,7
C0445,P017,Fan Belt FB-30,64,33280,6
C0445,P018,Wheel Rim WR-24,94,1062200,8
C0445,P019,Swing Motor SWM-350,83,3303400,7
C0445,P020,Pivot Pin PP-12,71,81650,6
C0445,P021,Boom Cylinder BC-400,49,2263800,6
C0445,P022,Control Valve CV-75,65,1098500,6
C0445,P023,Idler Wheel IW-55,59,764050,5
C0445,P024,Track Roller TR-60,29,298700,3
C0445,P025,Cabin Glass CG-20,70,549500,8
C0445,P026,Grease Cartridge GC-5,34,10540,3
C0445,P027,O-Ring Set OR-50,65,31200,7
C0445,P028,Light Assembly LA-18,67,150750,5
C0445,P029,Pressure Sensor PS-90,137,541150,10
C0445,P030,Fuel Pump FP-350,59,1292100,6
C0446,P001,Hydraulic Pump HP-300,52,1274000,6
C0446,P002,Engine Oil Filter OF-90,105,75600,8
C0446,P003,Air Filter AF-120,129,161250,9
C0446,P004,Track Chain TC-45,28,1114400,3
C0446,P005,Fuel Injector FI-220,129,1090050,8
C0446,P006,Alternator ALT-500,63,705600,7
C0446,P007,Hydraulic Hose HH-60,81,117450,6
C0446,P008,Bucket Tooth BT-10,40,23200,3
C0446,P009,Starter Motor SM-700,112,1668800,8
C0446,P010,Turbocharger TB-900,97,3385300,8
C0446,P011,Hydraulic Cylinder HC-200,112,3091200,10
C0446,P012,Brake Pad BP-40,111,271950,8
C0446,P013,Seal Kit SK-15,66,95700,5
C0446,P014,Transmission Assembly TA-800,70,5845000,6
C0446,P015,Engine Block EB-600,89,10591000,7
C0446,P016,Radiator RD-250,102,1040400,10
C0446,P017,Fan Belt FB-30,104,54080,8
C0446,P018,Wheel Rim WR-24,88,994400,6
C0446,P019,Swing Motor SWM-350,70,2786000,7
C0446,P020,Pivot Pin PP-12,125,143750,7
C0446,P021,Boom Cylinder BC-400,96,4435200,9
C0446,P022,Control Valve CV-75,104,1757600,10
C0446,P023,Idler Wheel IW-55,109,1411550,8
C0446,P024,Track Roller TR-60,22,226600,4
C0446,P025,Cabin Glass CG-20,75,588750,6
C0446,P026,Grease Cartridge GC-5,57,17670,6
C0446,P027,O-Ring Set OR-50,52,24960,4
C0446,P028,Light Assembly LA-18,59,132750,5
C0446,P029,Pressure Sensor PS-90,51,201450,5
C0446,P030,Fuel Pump FP-350,3,65700,1
C0447,P001,Hydraulic Pump HP-300,108,2646000,6
C0447,P002,Engine Oil Filter OF-90,118,84960,8
C0447,P003,Air Filter AF-120,83,103750,8
C0447,P004,Track Chain TC-45,61,2427800,6
C0447,P005,Fuel Injector FI-220,132,1115400,12
C0447,P006,Alternator ALT-500,92,1030400,9
C0447,P007,Hydraulic Hose HH-60,111,160950,7
C0447,P008,Bucket Tooth BT-10,108,62640,10
C0447,P009,Starter Motor SM-700,93,1385700,7
C0447,P010,Turbocharger TB-900,148,5165200,13
C0447,P011,Hydraulic Cylinder HC-200,69,1904400,7
C0447,P012,Brake Pad BP-40,62,151900,6
C0447,P013,Seal Kit SK-15,67,97150,9
C0447,P014,Transmission Assembly TA-800,84,7014000,7
C0447,P015,Engine Block EB-600,126,14994000,12
C0447,P016,Radiator RD-250,96,979200,8
C0447,P017,Fan Belt FB-30,152,79040,10
C0447,P018,Wheel Rim WR-24,88,994400,5
C0447,P019,Swing Motor SWM-350,81,3223800,6
C0447,P020,Pivot Pin PP-12,79,90850,7
C0447,P021,Boom Cylinder BC-400,136,6283200,12
C0447,P022,Control Valve CV-75,136,2298400,8
C0447,P023,Idler Wheel IW-55,121,1566950,9
C0447,P024,Track Roller TR-60,93,957900,8
C0447,P025,Cabin Glass CG-20,117,918450,8
C0447,P026,Grease Cartridge GC-5,174,53940,13
C0447,P027,O-Ring Set OR-50,85,40800,7
C0447,P028,Light Assembly LA-18,93,209250,10
C0447,P029,Pressure Sensor PS-90,91,359450,6
C0447,P030,Fuel Pump FP-350,111,2430900,8
C0448,P001,Hydraulic Pump HP-300,82,2009000,6
C0448,P002,Engine Oil Filter OF-90,147,105840,10
C0448,P003,Air Filter AF-120,84,105000,8
C0448,P004,Track Chain TC-45,60,2388000,4
C0448,P005,Fuel Injector FI-220,73,616850,5
C0448,P006,Alternator ALT-500,40,448000,3
C0448,P007,Hydraulic Hose HH-60,48,69600,4
C0448,P008,Bucket Tooth BT-10,111,64380,10
C0448,P009,Starter Motor SM-700,124,1847600,9
C0448,P010,Turbocharger TB-900,90,3141000,7
C0448,P011,Hydraulic Cylinder HC-200,69,1904400,8
C0448,P012,Brake Pad BP-40,59,144550,7
C0448,P013,Seal Kit SK-15,82,118900,9
C0448,P014,Transmission Assembly TA-800,112,9352000,9
C0448,P015,Engine Block EB-600,101,12019000,7
C0448,P016,Radiator RD-250,87,887400,7
C0448,P017,Fan Belt FB-30,35,18200,4
C0448,P018,Wheel Rim WR-24,170,1921000,11
C0448,P019,Swing Motor SWM-350,116,4616800,8
C0448,P020,Pivot Pin PP-12,22,25300,3
C0448,P021,Boom Cylinder BC-400,117,5405400,8
C0448,P022,Control Valve CV-75,5,84500,2
C0448,P023,Idler Wheel IW-55,148,1916600,9
C0448,P024,Track Roller TR-60,61,628300,6
C0448,P025,Cabin Glass CG-20,83,651550,9
C0448,P026,Grease Cartridge GC-5,112,34720,7
C0448,P027,O-Ring Set OR-50,28,13440,4
C0448,P028,Light Assembly LA-18,81,182250,9
C0448,P029,Pressure Sensor PS-90,61,240950,6
C0448,P030,Fuel Pump FP-350,127,2781300,8
C0449,P001,Hydraulic Pump HP-300,77,1886500,6
C0449,P002,Engine Oil Filter OF-90,170,122400,12
C0449,P003,Air Filter AF-120,11,13750,4
C0449,P004,Track Chain TC-45,44,1751200,4
C0449,P005,Fuel Injector FI-220,50,422500,5
C0449,P006,Alternator ALT-500,98,1097600,9
C0449,P007,Hydraulic Hose HH-60,78,113100,8
C0449,P008,Bucket Tooth BT-10,97,56260,6
C0449,P009,Starter Motor SM-700,78,1162200,7
C0449,P010,Turbocharger TB-900,107,3734300,8
C0449,P011,Hydraulic Cylinder HC-200,101,2787600,9
C0449,P012,Brake Pad BP-40,51,124950,4
C0449,P013,Seal Kit SK-15,96,139200,10
C0449,P014,Transmission Assembly TA-800,159,13276500,10
C0449,P015,Engine Block EB-600,57,6783000,4
C0449,P016,Radiator RD-250,37,377400,2
C0449,P017,Fan Belt FB-30,34,17680,4
C0449,P018,Wheel Rim WR-24,53,598900,5
C0449,P019,Swing Motor SWM-350,85,3383000,5
C0449,P020,Pivot Pin PP-12,40,46000,4
C0449,P021,Boom Cylinder BC-400,100,4620000,10
C0449,P022,Control Valve CV-75,63,1064700,6
C0449,P023,Idler Wheel IW-55,126,1631700,12
C0449,P024,Track Roller TR-60,103,1060900,9
C0449,P025,Cabin Glass CG-20,133,1044050,11
C0449,P026,Grease Cartridge GC-5,90,27900,6
C0449,P027,O-Ring Set OR-50,127,60960,9
C0449,P028,Light Assembly LA-18,95,213750,8
C0449,P029,Pressure Sensor PS-90,109,430550,11
C0449,P030,Fuel Pump FP-350,74,1620600,4
C0450,P001,Hydraulic Pump HP-300,90,2205000,11
C0450,P002,Engine Oil Filter OF-90,109,78480,10
C0450,P003,Air Filter AF-120,106,132500,10
C0450,P004,Track Chain TC-45,112,4457600,6
C0450,P005,Fuel Injector FI-220,98,828100,10
C0450,P006,Alternator ALT-500,219,2452800,12
C0450,P007,Hydraulic Hose HH-60,116,168200,10
C0450,P008,Bucket Tooth BT-10,83,48140,7
C0450,P009,Starter Motor SM-700,77,1147300,8
C0450,P010,Turbocharger TB-900,193,6735700,11
C0450,P011,Hydraulic Cylinder HC-200,83,2290800,7
C0450,P012,Brake Pad BP-40,62,151900,3
C0450,P013,Seal Kit SK-15,73,105850,5
C0450,P014,Transmission Assembly TA-800,60,5010000,6
C0450,P015,Engine Block EB-600,72,8568000,5
C0450,P016,Radiator RD-250,72,734400,6
C0450,P017,Fan Belt FB-30,74,38480,7
C0450,P018,Wheel Rim WR-24,117,1322100,10
C0450,P019,Swing Motor SWM-350,48,1910400,5
C0450,P020,Pivot Pin PP-12,22,25300,3
C0450,P021,Boom Cylinder BC-400,103,4758600,9
C0450,P022,Control Valve CV-75,123,2078700,11
C0450,P023,Idler Wheel IW-55,32,414400,2
C0450,P024,Track Roller TR-60,88,906400,8
C0450,P025,Cabin Glass CG-20,63,494550,6
C0450,P026,Grease Cartridge GC-5,103,31930,9
C0450,P027,O-Ring Set OR-50,70,33600,8
C0450,P028,Light Assembly LA-18,95,213750,8
C0450,P029,Pressure Sensor PS-90,59,233050,6
C0450,P030,Fuel Pump FP-350,56,1226400,7
C0451,P001,Hydraulic Pump HP-300,57,1396500,6
C0451,P002,Engine Oil Filter OF-90,109,78480,7
C0451,P003,Air Filter AF-120,88,110000,9
C0451,P004,Track Chain TC-45,60,2388000,6
C0451,P005,Fuel Injector FI-220,48,405600,6
C0451,P006,Alternator ALT-500,74,828800,6
C0451,P007,Hydraulic Hose HH-60,77,111650,9
C0451,P008,Bucket Tooth BT-10,58,33640,6
C0451,P009,Starter Motor SM-700,31,461900,4
C0451,P010,Turbocharger TB-900,44,1535600,4
C0451,P011,Hydraulic Cylinder HC-200,93,2566800,9
C0451,P012,Brake Pad BP-40,121,296450,9
C0451,P013,Seal Kit SK-15,112,162400,7
C0451,P014,Transmission Assembly TA-800,67,5594500,8
C0451,P015,Engine Block EB-600,72,8568000,6
C0451,P016,Radiator RD-250,54,550800,7
C0451,P017,Fan Belt FB-30,124,64480,11
C0451,P018,Wheel Rim WR-24,90,1017000,7
C0451,P019,Swing Motor SWM-350,112,4457600,9
C0451,P020,Pivot Pin PP-12,43,49450,4
C0451,P021,Boom Cylinder BC-400,96,4435200,8
C0451,P022,Control Valve CV-75,66,1115400,5
C0451,P023,Idler Wheel IW-55,90,1165500,5
C0451,P024,Track Roller TR-60,107,1102100,7
C0451,P025,Cabin Glass CG-20,34,266900,3
C0451,P026,Grease Cartridge GC-5,112,34720,11
C0451,P027,O-Ring Set OR-50,87,41760,10
C0451,P028,Light Assembly LA-18,113,254250,8
C0451,P029,Pressure Sensor PS-90,83,327850,7
C0451,P030,Fuel Pump FP-350,75,1642500,8
C0452,P001,Hydraulic Pump HP-300,137,3356500,12
C0452,P002,Engine Oil Filter OF-90,95,68400,8
C0452,P003,Air Filter AF-120,139,173750,9
C0452,P004,Track Chain TC-45,59,2348200,2
C0452,P005,Fuel Injector FI-220,65,549250,5
C0452,P006,Alternator ALT-500,91,1019200,9
C0452,P007,Hydraulic Hose HH-60,76,110200,7
C0452,P008,Bucket Tooth BT-10,32,18560,3
C0452,P009,Starter Motor SM-700,90,1341000,8
C0452,P010,Turbocharger TB-900,70,2443000,7
C0452,P011,Hydraulic Cylinder HC-200,56,1545600,5
C0452,P012,Brake Pad BP-40,100,245000,8
C0452,P013,Seal Kit SK-15,144,208800,15
C0452,P014,Transmission Assembly TA-800,62,5177000,6
C0452,P015,Engine Block EB-600,26,3094000,4
C0452,P016,Radiator RD-250,71,724200,8
C0452,P017,Fan Belt FB-30,32,16640,3
C0452,P018,Wheel Rim WR-24,108,1220400,8
C0452,P019,Swing Motor SWM-350,70,2786000,5
C0452,P020,Pivot Pin PP-12,84,96600,5
C0452,P021,Boom Cylinder BC-400,143,6606600,8
C0452,P022,Control Valve CV-75,85,1436500,7
C0452,P023,Idler Wheel IW-55,98,1269100,8
C0452,P024,Track Roller TR-60,79,813700,5
C0452,P025,Cabin Glass CG-20,77,604450,8
C0452,P026,Grease Cartridge GC-5,181,56110,11
C0452,P027,O-Ring Set OR-50,97,46560,10
C0452,P028,Light Assembly LA-18,124,279000,12
C0452,P029,Pressure Sensor PS-90,56,221200,5
C0452,P030,Fuel Pump FP-350,92,2014800,7
C0453,P001,Hydraulic Pump HP-300,57,1396500,6
C0453,P002,Engine Oil Filter OF-90,123,88560,8
C0453,P003,Air Filter AF-120,60,75000,5
C0453,P004,Track Chain TC-45,80,3184000,7
C0453,P005,Fuel Injector FI-220,101,853450,10
C0453,P006,Alternator ALT-500,40,448000,8
C0453,P007,Hydraulic Hose HH-60,152,220400,8
C0453,P008,Bucket Tooth BT-10,132,76560,9
C0453,P009,Starter Motor SM-700,83,1236700,7
C0453,P010,Turbocharger TB-900,56,1954400,4
C0453,P011,Hydraulic Cylinder HC-200,124,3422400,9
C0453,P012,Brake Pad BP-40,68,166600,5
C0453,P013,Seal Kit SK-15,126,182700,8
C0453,P014,Transmission Assembly TA-800,78,6513000,6
C0453,P015,Engine Block EB-600,87,10353000,8
C0453,P016,Radiator RD-250,149,1519800,9
C0453,P017,Fan Belt FB-30,72,37440,5
C0453,P018,Wheel Rim WR-24,67,757100,6
C0453,P019,Swing Motor SWM-350,112,4457600,6
C0453,P020,Pivot Pin PP-12,131,150650,11
C0453,P021,Boom Cylinder BC-400,146,6745200,9
C0453,P022,Control Valve CV-75,106,1791400,11
C0453,P023,Idler Wheel IW-55,117,1515150,11
C0453,P024,Track Roller TR-60,92,947600,8
C0453,P025,Cabin Glass CG-20,159,1248150,10
C0453,P026,Grease Cartridge GC-5,48,14880,5
C0453,P027,O-Ring Set OR-50,117,56160,10
C0453,P028,Light Assembly LA-18,51,114750,4
C0453,P029,Pressure Sensor PS-90,90,355500,5
C0453,P030,Fuel Pump FP-350,85,1861500,8
C0454,P001,Hydraulic Pump HP-300,67,1641500,5
C0454,P002,Engine Oil Filter OF-90,111,79920,10
C0454,P003,Air Filter AF-120,61,76250,4
C0454,P004,Track Chain TC-45,36,1432800,4
C0454,P005,Fuel Injector FI-220,89,752050,8
C0454,P006,Alternator ALT-500,132,1478400,8
C0454,P007,Hydraulic Hose HH-60,106,153700,7
C0454,P008,Bucket Tooth BT-10,62,35960,7
C0454,P009,Starter Motor SM-700,60,894000,4
C0454,P010,Turbocharger TB-900,7,244300,2
C0454,P011,Hydraulic Cylinder HC-200,46,1269600,7
C0454,P012,Brake Pad BP-40,59,144550,6
C0454,P013,Seal Kit SK-15,72,104400,5
C0454,P014,Transmission Assembly TA-800,99,8266500,7
C0454,P015,Engine Block EB-600,78,9282000,3
C0454,P016,Radiator RD-250,74,754800,4
C0454,P017,Fan Belt FB-30,91,47320,7
C0454,P018,Wheel Rim WR-24,59,666700,6
C0454,P019,Swing Motor SWM-350,51,2029800,3
C0454,P020,Pivot Pin PP-12,43,49450,5
C0454,P021,Boom Cylinder BC-400,57,2633400,4
C0454,P022,Control Valve CV-75,44,743600,4
C0454,P023,Idler Wheel IW-55,71,919450,7
C0454,P024,Track Roller TR-60,117,1205100,9
C0454,P025,Cabin Glass CG-20,98,769300,6
C0454,P026,Grease Cartridge GC-5,79,24490,7
C0454,P027,O-Ring Set OR-50,135,64800,8
C0454,P028,Light Assembly LA-18,81,182250,6
C0454,P029,Pressure Sensor PS-90,39,154050,3
C0454,P030,Fuel Pump FP-350,30,657000,3
C0455,P001,Hydraulic Pump HP-300,67,1641500,7
C0455,P002,Engine Oil Filter OF-90,68,48960,7
C0455,P003,Air Filter AF-120,132,165000,9
C0455,P004,Track Chain TC-45,146,5810800,8
C0455,P005,Fuel Injector FI-220,144,1216800,11
C0455,P006,Alternator ALT-500,47,526400,4
C0455,P007,Hydraulic Hose HH-60,94,136300,7
C0455,P008,Bucket Tooth BT-10,36,20880,3
C0455,P009,Starter Motor SM-700,107,1594300,8
C0455,P010,Turbocharger TB-900,87,3036300,7
C0455,P011,Hydraulic Cylinder HC-200,22,607200,2
C0455,P012,Brake Pad BP-40,135,330750,12
C0455,P013,Seal Kit SK-15,90,130500,8
C0455,P014,Transmission Assembly TA-800,80,6680000,8
C0455,P015,Engine Block EB-600,109,12971000,7
C0455,P016,Radiator RD-250,87,887400,9
C0455,P017,Fan Belt FB-30,106,55120,7
C0455,P018,Wheel Rim WR-24,64,723200,6
C0455,P019,Swing Motor SWM-350,145,5771000,11
C0455,P020,Pivot Pin PP-12,112,128800,9
C0455,P021,Boom Cylinder BC-400,143,6606600,10
C0455,P022,Control Valve CV-75,93,1571700,8
C0455,P023,Idler Wheel IW-55,209,2706550,15
C0455,P024,Track Roller TR-60,76,782800,8
C0455,P025,Cabin Glass CG-20,129,1012650,11
C0455,P026,Grease Cartridge GC-5,70,21700,6
C0455,P027,O-Ring Set OR-50,58,27840,5
C0455,P028,Light Assembly LA-18,61,137250,7
C0455,P029,Pressure Sensor PS-90,34,134300,3
C0455,P030,Fuel Pump FP-350,97,2124300,7
C0456,P001,Hydraulic Pump HP-300,29,710500,3
C0456,P002,Engine Oil Filter OF-90,56,40320,6
C0456,P003,Air Filter AF-120,64,80000,5
C0456,P004,Track Chain TC-45,66,2626800,6
C0456,P005,Fuel Injector FI-220,95,802750,6
C0456,P006,Alternator ALT-500,39,436800,2
C0456,P007,Hydraulic Hose HH-60,30,43500,3
C0456,P008,Bucket Tooth BT-10,40,23200,8
C0456,P009,Starter Motor SM-700,21,312900,2
C0456,P010,Turbocharger TB-900,75,2617500,6
C0456,P011,Hydraulic Cylinder HC-200,104,2870400,9
C0456,P012,Brake Pad BP-40,50,122500,6
C0456,P013,Seal Kit SK-15,40,58000,4
C0456,P014,Transmission Assembly TA-800,33,2755500,3
C0456,P015,Engine Block EB-600,37,4403000,3
C0456,P016,Radiator RD-250,64,652800,6
C0456,P017,Fan Belt FB-30,74,38480,6
C0456,P018,Wheel Rim WR-24,80,904000,6
C0456,P019,Swing Motor SWM-350,26,1034800,5
C0456,P020,Pivot Pin PP-12,97,111550,9
C0456,P021,Boom Cylinder BC-400,51,2356200,4
C0456,P022,Control Valve CV-75,65,1098500,6
C0456,P023,Idler Wheel IW-55,78,1010100,7
C0456,P024,Track Roller TR-60,27,278100,5
C0456,P025,Cabin Glass CG-20,41,321850,5
C0456,P026,Grease Cartridge GC-5,81,25110,7
C0456,P027,O-Ring Set OR-50,85,40800,8
C0456,P028,Light Assembly LA-18,45,101250,4
C0456,P029,Pressure Sensor PS-90,45,177750,3
C0456,P030,Fuel Pump FP-350,39,854100,4
C0457,P001,Hydraulic Pump HP-300,75,1837500,7
C0457,P002,Engine Oil Filter OF-90,159,114480,11
C0457,P003,Air Filter AF-120,158,197500,13
C0457,P004,Track Chain TC-45,62,2467600,9
C0457,P005,Fuel Injector FI-220,57,481650,5
C0457,P006,Alternator ALT-500,123,1377600,10
C0457,P007,Hydraulic Hose HH-60,115,166750,7
C0457,P008,Bucket Tooth BT-10,60,34800,9
C0457,P009,Starter Motor SM-700,95,1415500,7
C0457,P010,Turbocharger TB-900,88,3071200,6
C0457,P011,Hydraulic Cylinder HC-200,93,2566800,7
C0457,P012,Brake Pad BP-40,91,222950,8
C0457,P013,Seal Kit SK-15,115,166750,8
C0457,P014,Transmission Assembly TA-800,64,5344000,6
C0457,P015,Engine Block EB-600,89,10591000,8
C0457,P016,Radiator RD-250,70,714000,7
C0457,P017,Fan Belt FB-30,66,34320,6
C0457,P018,Wheel Rim WR-24,94,1062200,8
C0457,P019,Swing Motor SWM-350,102,4059600,6
C0457,P020,Pivot Pin PP-12,129,148350,8
C0457,P021,Boom Cylinder BC-400,141,6514200,10
C0457,P022,Control Valve CV-75,108,1825200,9
C0457,P023,Idler Wheel IW-55,85,1100750,9
C0457,P024,Track Roller TR-60,65,669500,5
C0457,P025,Cabin Glass CG-20,14,109900,4
C0457,P026,Grease Cartridge GC-5,89,27590,7
C0457,P027,O-Ring Set OR-50,96,46080,8
C0457,P028,Light Assembly LA-18,86,193500,8
C0457,P029,Pressure Sensor PS-90,79,312050,7
C0457,P030,Fuel Pump FP-350,55,1204500,5
C0458,P001,Hydraulic Pump HP-300,122,2989000,6
C0458,P002,Engine Oil Filter OF-90,123,88560,11
C0458,P003,Air Filter AF-120,103,128750,7
C0458,P004,Track Chain TC-45,153,6089400,10
C0458,P005,Fuel Injector FI-220,114,963300,9
C0458,P006,Alternator ALT-500,82,918400,7
C0458,P007,Hydraulic Hose HH-60,127,184150,8
C0458,P008,Bucket Tooth BT-10,149,86420,11
C0458,P009,Starter Motor SM-700,126,1877400,8
C0458,P010,Turbocharger TB-900,55,1919500,9
C0458,P011,Hydraulic Cylinder HC-200,80,2208000,6
C0458,P012,Brake Pad BP-40,84,205800,7
C0458,P013,Seal Kit SK-15,155,224750,10
C0458,P014,Transmission Assembly TA-800,53,4425500,5
C0458,P015,Engine Block EB-600,105,12495000,10
C0458,P016,Radiator RD-250,126,1285200,10
C0458,P017,Fan Belt FB-30,118,61360,7
C0458,P018,Wheel Rim WR-24,94,1062200,6
C0458,P019,Swing Motor SWM-350,22,875600,3
C0458,P020,Pivot Pin PP-12,75,86250,7
C0458,P021,Boom Cylinder BC-400,90,4158000,5
C0458,P022,Control Valve CV-75,91,1537900,8
C0458,P023,Idler Wheel IW-55,54,699300,4
C0458,P024,Track Roller TR-60,121,1246300,8
C0458,P025,Cabin Glass CG-20,124,973400,9
C0458,P026,Grease Cartridge GC-5,98,30380,10
C0458,P027,O-Ring Set OR-50,111,53280,8
C0458,P028,Light Assembly LA-18,86,193500,7
C0458,P029,Pressure Sensor PS-90,90,355500,8
C0458,P030,Fuel Pump FP-350,39,854100,7
C0459,P001,Hydraulic Pump HP-300,103,2523500,11
C0459,P002,Engine Oil Filter OF-90,101,72720,8
C0459,P003,Air Filter AF-120,69,86250,6
C0459,P004,Track Chain TC-45,72,2865600,7
C0459,P005,Fuel Injector FI-220,37,312650,4
C0459,P006,Alternator ALT-500,84,940800,7
C0459,P007,Hydraulic Hose HH-60,139,201550,10
C0459,P008,Bucket Tooth BT-10,114,66120,9
C0459,P009,Starter Motor SM-700,67,998300,5
C0459,P010,Turbocharger TB-900,170,5933000,13
C0459,P011,Hydraulic Cylinder HC-200,93,2566800,10
C0459,P012,Brake Pad BP-40,135,330750,8
C0459,P013,Seal Kit SK-15,158,229100,12
C0459,P014,Transmission Assembly TA-800,78,6513000,7
C0459,P015,Engine Block EB-600,157,18683000,11
C0459,P016,Radiator RD-250,95,969000,7
C0459,P017,Fan Belt FB-30,74,38480,7
C0459,P018,Wheel Rim WR-24,93,1050900,9
C0459,P019,Swing Motor SWM-350,119,4736200,11
C0459,P020,Pivot Pin PP-12,80,92000,7
C0459,P021,Boom Cylinder BC-400,95,4389000,10
C0459,P022,Control Valve CV-75,122,2061800,9
C0459,P023,Idler Wheel IW-55,109,1411550,11
C0459,P024,Track Roller TR-60,116,1194800,10
C0459,P025,Cabin Glass CG-20,134,1051900,13
C0459,P026,Grease Cartridge GC-5,47,14570,5
C0459,P027,O-Ring Set OR-50,167,80160,13
C0459,P028,Light Assembly LA-18,118,265500,8
C0459,P029,Pressure Sensor PS-90,62,244900,6
C0459,P030,Fuel Pump FP-350,108,2365200,10
C0460,P001,Hydraulic Pump HP-300,123,3013500,10
C0460,P002,Engine Oil Filter OF-90,105,75600,7
C0460,P003,Air Filter AF-120,91,113750,8
C0460,P004,Track Chain TC-45,97,3860600,8
C0460,P005,Fuel Injector FI-220,113,954850,8
C0460,P006,Alternator ALT-500,59,660800,7
C0460,P007,Hydraulic Hose HH-60,108,156600,9
C0460,P008,Bucket Tooth BT-10,67,38860,5
C0460,P009,Starter Motor SM-700,103,1534700,9
C0460,P010,Turbocharger TB-900,140,4886000,10
C0460,P011,Hydraulic Cylinder HC-200,112,3091200,8
C0460,P012,Brake Pad BP-40,65,159250,5
C0460,P013,Seal Kit SK-15,91,131950,8
C0460,P014,Transmission Assembly TA-800,59,4926500,4
C0460,P015,Engine Block EB-600,117,13923000,11
C0460,P016,Radiator RD-250,52,530400,4
C0460,P017,Fan Belt FB-30,128,66560,8
C0460,P018,Wheel Rim WR-24,141,1593300,10
C0460,P019,Swing Motor SWM-350,65,2587000,5
C0460,P020,Pivot Pin PP-12,110,126500,11
C0460,P021,Boom Cylinder BC-400,137,6329400,10
C0460,P022,Control Valve CV-75,93,1571700,7
C0460,P023,Idler Wheel IW-55,41,530950,4
C0460,P024,Track Roller TR-60,165,1699500,11
C0460,P025,Cabin Glass CG-20,52,408200,5
C0460,P026,Grease Cartridge GC-5,66,20460,7
C0460,P027,O-Ring Set OR-50,88,42240,6
C0460,P028,Light Assembly LA-18,70,157500,5
C0460,P029,Pressure Sensor PS-90,105,414750,9
C0460,P030,Fuel Pump FP-350,142,3109800,11
C0461,P001,Hydraulic Pump HP-300,112,2744000,9
C0461,P002,Engine Oil Filter OF-90,128,92160,10
C0461,P003,Air Filter AF-120,81,101250,6
C0461,P004,Track Chain TC-45,196,7800800,13
C0461,P005,Fuel Injector FI-220,108,912600,12
C0461,P006,Alternator ALT-500,116,1299200,10
C0461,P007,Hydraulic Hose HH-60,193,279850,12
C0461,P008,Bucket Tooth BT-10,94,54520,6
C0461,P009,Starter Motor SM-700,118,1758200,9
C0461,P010,Turbocharger TB-900,92,3210800,7
C0461,P011,Hydraulic Cylinder HC-200,78,2152800,9
C0461,P012,Brake Pad BP-40,135,330750,11
C0461,P013,Seal Kit SK-15,62,89900,7
C0461,P014,Transmission Assembly TA-800,87,7264500,8
C0461,P015,Engine Block EB-600,75,8925000,8
C0461,P016,Radiator RD-250,105,1071000,9
C0461,P017,Fan Belt FB-30,44,22880,7
C0461,P018,Wheel Rim WR-24,73,824900,8
C0461,P019,Swing Motor SWM-350,206,8198800,14
C0461,P020,Pivot Pin PP-12,88,101200,10
C0461,P021,Boom Cylinder BC-400,23,1062600,2
C0461,P022,Control Valve CV-75,67,1132300,7
C0461,P023,Idler Wheel IW-55,104,1346800,11
C0461,P024,Track Roller TR-60,147,1514100,12
C0461,P025,Cabin Glass CG-20,96,753600,8
C0461,P026,Grease Cartridge GC-5,125,38750,11
C0461,P027,O-Ring Set OR-50,44,21120,3
C0461,P028,Light Assembly LA-18,37,83250,4
C0461,P029,Pressure Sensor PS-90,155,612250,9
C0461,P030,Fuel Pump FP-350,90,1971000,9
C0462,P001,Hydraulic Pump HP-300,134,3283000,11
C0462,P002,Engine Oil Filter OF-90,115,82800,10
C0462,P003,Air Filter AF-120,61,76250,8
C0462,P004,Track Chain TC-45,160,6368000,11
C0462,P005,Fuel Injector FI-220,91,768950,9
C0462,P006,Alternator ALT-500,112,1254400,9
C0462,P007,Hydraulic Hose HH-60,143,207350,13
C0462,P008,Bucket Tooth BT-10,129,74820,9
C0462,P009,Starter Motor SM-700,177,2637300,10
C0462,P010,Turbocharger TB-900,195,6805500,16
C0462,P011,Hydraulic Cylinder HC-200,118,3256800,9
C0462,P012,Brake Pad BP-40,82,200900,9
C0462,P013,Seal Kit SK-15,113,163850,8
C0462,P014,Transmission Assembly TA-800,79,6596500,9
C0462,P015,Engine Block EB-600,111,13209000,7
C0462,P016,Radiator RD-250,86,877200,7
C0462,P017,Fan Belt FB-30,111,57720,8
C0462,P018,Wheel Rim WR-24,111,1254300,11
C0462,P019,Swing Motor SWM-350,194,7721200,17
C0462,P020,Pivot Pin PP-12,132,151800,12
C0462,P021,Boom Cylinder BC-400,148,6837600,12
C0462,P022,Control Valve CV-75,104,1757600,11
C0462,P023,Idler Wheel IW-55,125,1618750,9
C0462,P024,Track Roller TR-60,134,1380200,9
C0462,P025,Cabin Glass CG-20,126,989100,10
C0462,P026,Grease Cartridge GC-5,87,26970,8
C0462,P027,O-Ring Set OR-50,197,94560,12
C0462,P028,Light Assembly LA-18,135,303750,10
C0462,P029,Pressure Sensor PS-90,149,588550,12
C0462,P030,Fuel Pump FP-350,167,3657300,13
C0463,P001,Hydraulic Pump HP-300,46,1127000,3
C0463,P002,Engine Oil Filter OF-90,120,86400,8
C0463,P003,Air Filter AF-120,80,100000,8
C0463,P004,Track Chain TC-45,96,3820800,10
C0463,P005,Fuel Injector FI-220,131,1106950,9
C0463,P006,Alternator ALT-500,92,1030400,7
C0463,P007,Hydraulic Hose HH-60,52,75400,5
C0463,P008,Bucket Tooth BT-10,106,61480,9
C0463,P009,Starter Motor SM-700,129,1922100,10
C0463,P010,Turbocharger TB-900,132,4606800,12
C0463,P011,Hydraulic Cylinder HC-200,71,1959600,7
C0463,P012,Brake Pad BP-40,123,301350,10
C0463,P013,Seal Kit SK-15,117,169650,10
C0463,P014,Transmission Assembly TA-800,32,2672000,4
C0463,P015,Engine Block EB-600,71,8449000,5
C0463,P016,Radiator RD-250,65,663000,9
C0463,P017,Fan Belt FB-30,51,26520,5
C0463,P018,Wheel Rim WR-24,92,1039600,9
C0463,P019,Swing Motor SWM-350,136,5412800,10
C0463,P020,Pivot Pin PP-12,81,93150,7
C0463,P021,Boom Cylinder BC-400,87,4019400,8
C0463,P022,Control Valve CV-75,125,2112500,10
C0463,P023,Idler Wheel IW-55,90,1165500,8
C0463,P024,Track Roller TR-60,123,1266900,8
C0463,P025,Cabin Glass CG-20,82,643700,7
C0463,P026,Grease Cartridge GC-5,46,14260,5
C0463,P027,O-Ring Set OR-50,73,35040,8
C0463,P028,Light Assembly LA-18,68,153000,5
C0463,P029,Pressure Sensor PS-90,96,379200,9
C0463,P030,Fuel Pump FP-350,57,1248300,7
C0464,P001,Hydraulic Pump HP-300,84,2058000,9
C0464,P002,Engine Oil Filter OF-90,49,35280,6
C0464,P003,Air Filter AF-120,69,86250,8
C0464,P004,Track Chain TC-45,125,4975000,9
C0464,P005,Fuel Injector FI-220,201,1698450,10
C0464,P006,Alternator ALT-500,121,1355200,9
C0464,P007,Hydraulic Hose HH-60,129,187050,10
C0464,P008,Bucket Tooth BT-10,89,51620,6
C0464,P009,Starter Motor SM-700,65,968500,5
C0464,P010,Turbocharger TB-900,106,3699400,8
C0464,P011,Hydraulic Cylinder HC-200,175,4830000,11
C0464,P012,Brake Pad BP-40,73,178850,6
C0464,P013,Seal Kit SK-15,96,139200,9
C0464,P014,Transmission Assembly TA-800,65,5427500,4
C0464,P015,Engine Block EB-600,107,12733000,7
C0464,P016,Radiator RD-250,107,1091400,10
C0464,P017,Fan Belt FB-30,82,42640,4
C0464,P018,Wheel Rim WR-24,76,858800,6
C0464,P019,Swing Motor SWM-350,76,3024800,6
C0464,P020,Pivot Pin PP-12,151,173650,11
C0464,P021,Boom Cylinder BC-400,71,3280200,6
C0464,P022,Control Valve CV-75,23,388700,4
C0464,P023,Idler Wheel IW-55,125,1618750,10
C0464,P024,Track Roller TR-60,63,648900,7
C0464,P025,Cabin Glass CG-20,105,824250,8
C0464,P026,Grease Cartridge GC-5,53,16430,5
C0464,P027,O-Ring Set OR-50,119,57120,9
C0464,P028,Light Assembly LA-18,70,157500,9
C0464,P029,Pressure Sensor PS-90,79,312050,6
C0464,P030,Fuel Pump FP-350,91,1992900,8
C0465,P001,Hydraulic Pump HP-300,85,2082500,6
C0465,P002,Engine Oil Filter OF-90,113,81360,9
C0465,P003,Air Filter AF-120,70,87500,5
C0465,P004,Track Chain TC-45,93,3701400,8
C0465,P005,Fuel Injector FI-220,116,980200,9
C0465,P006,Alternator ALT-500,136,1523200,12
C0465,P007,Hydraulic Hose HH-60,47,68150,4
C0465,P008,Bucket Tooth BT-10,132,76560,10
C0465,P009,Starter Motor SM-700,92,1370800,8
C0465,P010,Turbocharger TB-900,81,2826900,10
C0465,P011,Hydraulic Cylinder HC-200,102,2815200,8
C0465,P012,Brake Pad BP-40,50,122500,4
C0465,P013,Seal Kit SK-15,49,71050,7
C0465,P014,Transmission Assembly TA-800,53,4425500,4
C0465,P015,Engine Block EB-600,23,2737000,3
C0465,P016,Radiator RD-250,80,816000,8
C0465,P017,Fan Belt FB-30,83,43160,7
C0465,P018,Wheel Rim WR-24,61,689300,5
C0465,P019,Swing Motor SWM-350,113,4497400,8
C0465,P020,Pivot Pin PP-12,63,72450,5
C0465,P021,Boom Cylinder BC-400,74,3418800,6
C0465,P022,Control Valve CV-75,83,1402700,9
C0465,P023,Idler Wheel IW-55,157,2033150,13
C0465,P024,Track Roller TR-60,148,1524400,10
C0465,P025,Cabin Glass CG-20,124,973400,9
C0465,P026,Grease Cartridge GC-5,83,25730,9
C0465,P027,O-Ring Set OR-50,49,23520,5
C0465,P028,Light Assembly LA-18,81,182250,9
C0465,P029,Pressure Sensor PS-90,122,481900,6
C0465,P030,Fuel Pump FP-350,150,3285000,9
C0466,P001,Hydraulic Pump HP-300,100,2450000,7
C0466,P002,Engine Oil Filter OF-90,80,57600,8
C0466,P003,Air Filter AF-120,138,172500,11
C0466,P004,Track Chain TC-45,128,5094400,11
C0466,P005,Fuel Injector FI-220,115,971750,7
C0466,P006,Alternator ALT-500,148,1657600,12
C0466,P007,Hydraulic Hose HH-60,187,271150,14
C0466,P008,Bucket Tooth BT-10,133,77140,11
C0466,P009,Starter Motor SM-700,78,1162200,6
C0466,P010,Turbocharger TB-900,142,4955800,12
C0466,P011,Hydraulic Cylinder HC-200,204,5630400,16
C0466,P012,Brake Pad BP-40,145,355250,12
C0466,P013,Seal Kit SK-15,101,146450,9
C0466,P014,Transmission Assembly TA-800,219,18286500,17
C0466,P015,Engine Block EB-600,109,12971000,9
C0466,P016,Radiator RD-250,73,744600,10
C0466,P017,Fan Belt FB-30,190,98800,16
C0466,P018,Wheel Rim WR-24,102,1152600,13
C0466,P019,Swing Motor SWM-350,223,8875400,16
C0466,P020,Pivot Pin PP-12,76,87400,7
C0466,P021,Boom Cylinder BC-400,91,4204200,7
C0466,P022,Control Valve CV-75,171,2889900,12
C0466,P023,Idler Wheel IW-55,76,984200,8
C0466,P024,Track Roller TR-60,58,597400,10
C0466,P025,Cabin Glass CG-20,125,981250,10
C0466,P026,Grease Cartridge GC-5,112,34720,10
C0466,P027,O-Ring Set OR-50,126,60480,11
C0466,P028,Light Assembly LA-18,198,445500,16
C0466,P029,Pressure Sensor PS-90,120,474000,7
C0466,P030,Fuel Pump FP-350,112,2452800,10
C0467,P001,Hydraulic Pump HP-300,138,3381000,11
C0467,P002,Engine Oil Filter OF-90,81,58320,8
C0467,P003,Air Filter AF-120,149,186250,10
C0467,P004,Track Chain TC-45,75,2985000,8
C0467,P005,Fuel Injector FI-220,152,1284400,14
C0467,P006,Alternator ALT-500,80,896000,9
C0467,P007,Hydraulic Hose HH-60,59,85550,6
C0467,P008,Bucket Tooth BT-10,98,56840,7
C0467,P009,Starter Motor SM-700,149,2220100,9
C0467,P010,Turbocharger TB-900,91,3175900,8
C0467,P011,Hydraulic Cylinder HC-200,20,552000,2
C0467,P012,Brake Pad BP-40,118,289100,9
C0467,P013,Seal Kit SK-15,105,152250,11
C0467,P014,Transmission Assembly TA-800,61,5093500,5
C0467,P015,Engine Block EB-600,110,13090000,12
C0467,P016,Radiator RD-250,100,1020000,12
C0467,P017,Fan Belt FB-30,74,38480,10
C0467,P018,Wheel Rim WR-24,118,1333400,8
C0467,P019,Swing Motor SWM-350,76,3024800,8
C0467,P020,Pivot Pin PP-12,51,58650,7
C0467,P021,Boom Cylinder BC-400,131,6052200,10
C0467,P022,Control Valve CV-75,77,1301300,7
C0467,P023,Idler Wheel IW-55,112,1450400,8
C0467,P024,Track Roller TR-60,29,298700,3
C0467,P025,Cabin Glass CG-20,135,1059750,10
C0467,P026,Grease Cartridge GC-5,106,32860,11
C0467,P027,O-Ring Set OR-50,97,46560,7
C0467,P028,Light Assembly LA-18,110,247500,10
C0467,P029,Pressure Sensor PS-90,31,122450,4
C0467,P030,Fuel Pump FP-350,165,3613500,13
C0468,P001,Hydraulic Pump HP-300,78,1911000,7
C0468,P002,Engine Oil Filter OF-90,156,112320,14
C0468,P003,Air Filter AF-120,116,145000,12
C0468,P004,Track Chain TC-45,141,5611800,12
C0468,P005,Fuel Injector FI-220,125,1056250,11
C0468,P006,Alternator ALT-500,159,1780800,12
C0468,P007,Hydraulic Hose HH-60,133,192850,11
C0468,P008,Bucket Tooth BT-10,112,64960,11
C0468,P009,Starter Motor SM-700,125,1862500,8
C0468,P010,Turbocharger TB-900,165,5758500,13
C0468,P011,Hydraulic Cylinder HC-200,169,4664400,13
C0468,P012,Brake Pad BP-40,159,389550,13
C0468,P013,Seal Kit SK-15,190,275500,16
C0468,P014,Transmission Assembly TA-800,108,9018000,12
C0468,P015,Engine Block EB-600,150,17850000,11
C0468,P016,Radiator RD-250,34,346800,4
C0468,P017,Fan Belt FB-30,168,87360,15
C0468,P018,Wheel Rim WR-24,76,858800,6
C0468,P019,Swing Motor SWM-350,131,5213800,12
C0468,P020,Pivot Pin PP-12,183,210450,13
C0468,P021,Boom Cylinder BC-400,45,2079000,6
C0468,P022,Control Valve CV-75,124,2095600,12
C0468,P023,Idler Wheel IW-55,97,1256150,8
C0468,P024,Track Roller TR-60,148,1524400,13
C0468,P025,Cabin Glass CG-20,132,1036200,12
C0468,P026,Grease Cartridge GC-5,135,41850,12
C0468,P027,O-Ring Set OR-50,153,73440,13
C0468,P028,Light Assembly LA-18,193,434250,17
C0468,P029,Pressure Sensor PS-90,73,288350,8
C0468,P030,Fuel Pump FP-350,177,3876300,12
C0469,P001,Hydraulic Pump HP-300,147,3601500,10
C0469,P002,Engine Oil Filter OF-90,107,77040,12
C0469,P003,Air Filter AF-120,121,151250,12
C0469,P004,Track Chain TC-45,151,6009800,10
C0469,P005,Fuel Injector FI-220,84,709800,6
C0469,P006,Alternator ALT-500,102,1142400,8
C0469,P007,Hydraulic Hose HH-60,78,113100,10
C0469,P008,Bucket Tooth BT-10,86,49880,8
C0469,P009,Starter Motor SM-700,111,1653900,9
C0469,P010,Turbocharger TB-900,151,5269900,13
C0469,P011,Hydraulic Cylinder HC-200,75,2070000,8
C0469,P012,Brake Pad BP-40,96,235200,9
C0469,P013,Seal Kit SK-15,167,242150,13
C0469,P014,Transmission Assembly TA-800,118,9853000,10
C0469,P015,Engine Block EB-600,61,7259000,5
C0469,P016,Radiator RD-250,84,856800,9
C0469,P017,Fan Belt FB-30,155,80600,11
C0469,P018,Wheel Rim WR-24,99,1118700,9
C0469,P019,Swing Motor SWM-350,40,1592000,5
C0469,P020,Pivot Pin PP-12,112,128800,10
C0469,P021,Boom Cylinder BC-400,131,6052200,7
C0469,P022,Control Valve CV-75,130,2197000,8
C0469,P023,Idler Wheel IW-55,127,1644650,10
C0469,P024,Track Roller TR-60,82,844600,9
C0469,P025,Cabin Glass CG-20,74,580900,7
C0469,P026,Grease Cartridge GC-5,68,21080,7
C0469,P027,O-Ring Set OR-50,78,37440,7
C0469,P028,Light Assembly LA-18,58,130500,8
C0469,P029,Pressure Sensor PS-90,59,233050,9
C0469,P030,Fuel Pump FP-350,92,2014800,8
C0470,P001,Hydraulic Pump HP-300,119,2915500,11
C0470,P002,Engine Oil Filter OF-90,29,20880,4
C0470,P003,Air Filter AF-120,76,95000,7
C0470,P004,Track Chain TC-45,77,3064600,7
C0470,P005,Fuel Injector FI-220,75,633750,7
C0470,P006,Alternator ALT-500,181,2027200,11
C0470,P007,Hydraulic Hose HH-60,84,121800,9
C0470,P008,Bucket Tooth BT-10,86,49880,10
C0470,P009,Starter Motor SM-700,69,1028100,5
C0470,P010,Turbocharger TB-900,123,4292700,10
C0470,P011,Hydraulic Cylinder HC-200,16,441600,2
C0470,P012,Brake Pad BP-40,140,343000,10
C0470,P013,Seal Kit SK-15,51,73950,4
C0470,P014,Transmission Assembly TA-800,38,3173000,6
C0470,P015,Engine Block EB-600,46,5474000,6
C0470,P016,Radiator RD-250,91,928200,9
C0470,P017,Fan Belt FB-30,55,28600,6
C0470,P018,Wheel Rim WR-24,172,1943600,13
C0470,P019,Swing Motor SWM-350,114,4537200,6
C0470,P020,Pivot Pin PP-12,100,115000,6
C0470,P021,Boom Cylinder BC-400,83,3834600,9
C0470,P022,Control Valve CV-75,104,1757600,9
C0470,P023,Idler Wheel IW-55,157,2033150,11
C0470,P024,Track Roller TR-60,53,545900,4
C0470,P025,Cabin Glass CG-20,47,368950,5
C0470,P026,Grease Cartridge GC-5,87,26970,9
C0470,P027,O-Ring Set OR-50,74,35520,7
C0470,P028,Light Assembly LA-18,88,198000,7
C0470,P029,Pressure Sensor PS-90,86,339700,7
C0470,P030,Fuel Pump FP-350,101,2211900,8
C0471,P001,Hydraulic Pump HP-300,122,2989000,8
C0471,P002,Engine Oil Filter OF-90,31,22320,5
C0471,P003,Air Filter AF-120,127,158750,11
C0471,P004,Track Chain TC-45,156,6208800,13
C0471,P005,Fuel Injector FI-220,85,718250,8
C0471,P006,Alternator ALT-500,85,952000,7
C0471,P007,Hydraulic Hose HH-60,136,197200,10
C0471,P008,Bucket Tooth BT-10,127,73660,11
C0471,P009,Starter Motor SM-700,99,1475100,10
C0471,P010,Turbocharger TB-900,159,5549100,12
C0471,P011,Hydraulic Cylinder HC-200,73,2014800,9
C0471,P012,Brake Pad BP-40,86,210700,9
C0471,P013,Seal Kit SK-15,105,152250,9
C0471,P014,Transmission Assembly TA-800,76,6346000,6
C0471,P015,Engine Block EB-600,106,12614000,8
C0471,P016,Radiator RD-250,61,622200,5
C0471,P017,Fan Belt FB-30,72,37440,6
C0471,P018,Wheel Rim WR-24,24,271200,3
C0471,P019,Swing Motor SWM-350,76,3024800,8
C0471,P020,Pivot Pin PP-12,146,167900,12
C0471,P021,Boom Cylinder BC-400,123,5682600,10
C0471,P022,Control Valve CV-75,120,2028000,10
C0471,P023,Idler Wheel IW-55,120,1554000,11
C0471,P024,Track Roller TR-60,98,1009400,9
C0471,P025,Cabin Glass CG-20,140,1099000,11
C0471,P026,Grease Cartridge GC-5,103,31930,8
C0471,P027,O-Ring Set OR-50,79,37920,8
C0471,P028,Light Assembly LA-18,124,279000,8
C0471,P029,Pressure Sensor PS-90,92,363400,8
C0471,P030,Fuel Pump FP-350,113,2474700,11
C0472,P001,Hydraulic Pump HP-300,70,1715000,7
C0472,P002,Engine Oil Filter OF-90,84,60480,10
C0472,P003,Air Filter AF-120,88,110000,7
C0472,P004,Track Chain TC-45,99,3940200,9
C0472,P005,Fuel Injector FI-220,62,523900,7
C0472,P006,Alternator ALT-500,97,1086400,7
C0472,P007,Hydraulic Hose HH-60,87,126150,9
C0472,P008,Bucket Tooth BT-10,49,28420,7
C0472,P009,Starter Motor SM-700,145,2160500,13
C0472,P010,Turbocharger TB-900,116,4048400,10
C0472,P011,Hydraulic Cylinder HC-200,85,2346000,7
C0472,P012,Brake Pad BP-40,165,404250,13
C0472,P013,Seal Kit SK-15,175,253750,11
C0472,P014,Transmission Assembly TA-800,65,5427500,6
C0472,P015,Engine Block EB-600,68,8092000,7
C0472,P016,Radiator RD-250,119,1213800,10
C0472,P017,Fan Belt FB-30,66,34320,6
C0472,P018,Wheel Rim WR-24,102,1152600,9
C0472,P019,Swing Motor SWM-350,56,2228800,4
C0472,P020,Pivot Pin PP-12,109,125350,8
C0472,P021,Boom Cylinder BC-400,93,4296600,8
C0472,P022,Control Valve CV-75,67,1132300,7
C0472,P023,Idler Wheel IW-55,70,906500,6
C0472,P024,Track Roller TR-60,151,1555300,6
C0472,P025,Cabin Glass CG-20,84,659400,7
C0472,P026,Grease Cartridge GC-5,155,48050,11
C0472,P027,O-Ring Set OR-50,97,46560,7
C0472,P028,Light Assembly LA-18,62,139500,7
C0472,P029,Pressure Sensor PS-90,52,205400,6
C0472,P030,Fuel Pump FP-350,80,1752000,6
C0473,P001,Hydraulic Pump HP-300,110,2695000,9
C0473,P002,Engine Oil Filter OF-90,116,83520,9
C0473,P003,Air Filter AF-120,56,70000,6
C0473,P004,Track Chain TC-45,123,4895400,8
C0473,P005,Fuel Injector FI-220,86,726700,7
C0473,P006,Alternator ALT-500,127,1422400,11
C0473,P007,Hydraulic Hose HH-60,18,26100,2
C0473,P008,Bucket Tooth BT-10,42,24360,4
C0473,P009,Starter Motor SM-700,76,1132400,7
C0473,P010,Turbocharger TB-900,78,2722200,7
C0473,P011,Hydraulic Cylinder HC-200,11,303600,2
C0473,P012,Brake Pad BP-40,103,252350,6
C0473,P013,Seal Kit SK-15,25,36250,3
C0473,P014,Transmission Assembly TA-800,77,6429500,6
C0473,P015,Engine Block EB-600,81,9639000,8
C0473,P016,Radiator RD-250,63,642600,6
C0473,P017,Fan Belt FB-30,41,21320,3
C0473,P018,Wheel Rim WR-24,69,779700,7
C0473,P019,Swing Motor SWM-350,41,1631800,5
C0473,P020,Pivot Pin PP-12,57,65550,6
C0473,P021,Boom Cylinder BC-400,34,1570800,2
C0473,P022,Control Valve CV-75,45,760500,4
C0473,P023,Idler Wheel IW-55,96,1243200,6
C0473,P024,Track Roller TR-60,115,1184500,10
C0473,P025,Cabin Glass CG-20,33,259050,4
C0473,P026,Grease Cartridge GC-5,72,22320,6
C0473,P027,O-Ring Set OR-50,86,41280,6
C0473,P028,Light Assembly LA-18,78,175500,7
C0473,P029,Pressure Sensor PS-90,32,126400,3
C0473,P030,Fuel Pump FP-350,65,1423500,5
C0474,P001,Hydraulic Pump HP-300,73,1788500,6
C0474,P002,Engine Oil Filter OF-90,19,13680,2
C0474,P003,Air Filter AF-120,68,85000,8
C0474,P004,Track Chain TC-45,20,796000,2
C0474,P005,Fuel Injector FI-220,104,878800,8
C0474,P006,Alternator ALT-500,38,425600,4
C0474,P007,Hydraulic Hose HH-60,91,131950,6
C0474,P008,Bucket Tooth BT-10,65,37700,7
C0474,P009,Starter Motor SM-700,53,789700,5
C0474,P010,Turbocharger TB-900,97,3385300,8
C0474,P011,Hydraulic Cylinder HC-200,88,2428800,9
C0474,P012,Brake Pad BP-40,120,294000,8
C0474,P013,Seal Kit SK-15,64,92800,4
C0474,P014,Transmission Assembly TA-800,102,8517000,7
C0474,P015,Engine Block EB-600,59,7021000,4
C0474,P016,Radiator RD-250,121,1234200,10
C0474,P017,Fan Belt FB-30,114,59280,8
C0474,P018,Wheel Rim WR-24,28,316400,3
C0474,P019,Swing Motor SWM-350,54,2149200,6
C0474,P020,Pivot Pin PP-12,65,74750,7
C0474,P021,Boom Cylinder BC-400,123,5682600,9
C0474,P022,Control Valve CV-75,93,1571700,7
C0474,P023,Idler Wheel IW-55,87,1126650,8
C0474,P024,Track Roller TR-60,39,401700,4
C0474,P025,Cabin Glass CG-20,90,706500,10
C0474,P026,Grease Cartridge GC-5,35,10850,3
C0474,P027,O-Ring Set OR-50,120,57600,8
C0474,P028,Light Assembly LA-18,70,157500,6
C0474,P029,Pressure Sensor PS-90,81,319950,7
C0474,P030,Fuel Pump FP-350,76,1664400,7
C0475,P001,Hydraulic Pump HP-300,125,3062500,11
C0475,P002,Engine Oil Filter OF-90,146,105120,12
C0475,P003,Air Filter AF-120,195,243750,13
C0475,P004,Track Chain TC-45,122,4855600,13
C0475,P005,Fuel Injector FI-220,195,1647750,15
C0475,P006,Alternator ALT-500,80,896000,11
C0475,P007,Hydraulic Hose HH-60,113,163850,10
C0475,P008,Bucket Tooth BT-10,173,100340,13
C0475,P009,Starter Motor SM-700,85,1266500,7
C0475,P010,Turbocharger TB-900,95,3315500,8
C0475,P011,Hydraulic Cylinder HC-200,87,2401200,8
C0475,P012,Brake Pad BP-40,110,269500,11
C0475,P013,Seal Kit SK-15,246,356700,18
C0475,P014,Transmission Assembly TA-800,175,14612500,16
C0475,P015,Engine Block EB-600,160,19040000,12
C0475,P016,Radiator RD-250,109,1111800,13
C0475,P017,Fan Belt FB-30,190,98800,13
C0475,P018,Wheel Rim WR-24,180,2034000,12
C0475,P019,Swing Motor SWM-350,116,4616800,9
C0475,P020,Pivot Pin PP-12,169,194350,13
C0475,P021,Boom Cylinder BC-400,173,7992600,13
C0475,P022,Control Valve CV-75,108,1825200,9
C0475,P023,Idler Wheel IW-55,108,1398600,10
C0475,P024,Track Roller TR-60,141,1452300,14
C0475,P025,Cabin Glass CG-20,28,219800,6
C0475,P026,Grease Cartridge GC-5,188,58280,13
C0475,P027,O-Ring Set OR-50,191,91680,19
C0475,P028,Light Assembly LA-18,207,465750,17
C0475,P029,Pressure Sensor PS-90,237,936150,15
C0475,P030,Fuel Pump FP-350,91,1992900,10
C0476,P001,Hydraulic Pump HP-300,120,2940000,9
C0476,P002,Engine Oil Filter OF-90,82,59040,10
C0476,P003,Air Filter AF-120,46,57500,5
C0476,P004,Track Chain TC-45,163,6487400,11
C0476,P005,Fuel Injector FI-220,127,1073150,9
C0476,P006,Alternator ALT-500,56,627200,5
C0476,P007,Hydraulic Hose HH-60,86,124700,7
C0476,P008,Bucket Tooth BT-10,78,45240,8
C0476,P009,Starter Motor SM-700,80,1192000,7
C0476,P010,Turbocharger TB-900,159,5549100,9
C0476,P011,Hydraulic Cylinder HC-200,127,3505200,9
C0476,P012,Brake Pad BP-40,55,134750,5
C0476,P013,Seal Kit SK-15,47,68150,4
C0476,P014,Transmission Assembly TA-800,128,10688000,11
C0476,P015,Engine Block EB-600,167,19873000,12
C0476,P016,Radiator RD-250,82,836400,8
C0476,P017,Fan Belt FB-30,45,23400,5
C0476,P018,Wheel Rim WR-24,134,1514200,10
C0476,P019,Swing Motor SWM-350,79,3144200,7
C0476,P020,Pivot Pin PP-12,64,73600,5
C0476,P021,Boom Cylinder BC-400,47,2171400,5
C0476,P022,Control Valve CV-75,74,1250600,6
C0476,P023,Idler Wheel IW-55,103,1333850,9
C0476,P024,Track Roller TR-60,39,401700,6
C0476,P025,Cabin Glass CG-20,54,423900,5
C0476,P026,Grease Cartridge GC-5,13,4030,2
C0476,P027,O-Ring Set OR-50,52,24960,4
C0476,P028,Light Assembly LA-18,69,155250,6
C0476,P029,Pressure Sensor PS-90,67,264650,5
C0476,P030,Fuel Pump FP-350,87,1905300,10
C0477,P001,Hydraulic Pump HP-300,86,2107000,8
C0477,P002,Engine Oil Filter OF-90,116,83520,9
C0477,P003,Air Filter AF-120,140,175000,10
C0477,P004,Track Chain TC-45,40,1592000,3
C0477,P005,Fuel Injector FI-220,84,709800,5
C0477,P006,Alternator ALT-500,84,940800,8
C0477,P007,Hydraulic Hose HH-60,40,58000,4
C0477,P008,Bucket Tooth BT-10,104,60320,9
C0477,P009,Starter Motor SM-700,68,1013200,5
C0477,P010,Turbocharger TB-900,124,4327600,10
C0477,P011,Hydraulic Cylinder HC-200,79,2180400,7
C0477,P012,Brake Pad BP-40,146,357700,12
C0477,P013,Seal Kit SK-15,100,145000,9
C0477,P014,Transmission Assembly TA-800,55,4592500,5
C0477,P015,Engine Block EB-600,80,9520000,8
C0477,P016,Radiator RD-250,68,693600,6
C0477,P017,Fan Belt FB-30,119,61880,8
C0477,P018,Wheel Rim WR-24,47,531100,4
C0477,P019,Swing Motor SWM-350,124,4935200,11
C0477,P020,Pivot Pin PP-12,12,13800,2
C0477,P021,Boom Cylinder BC-400,91,4204200,9
C0477,P022,Control Valve CV-75,87,1470300,5
C0477,P023,Idler Wheel IW-55,92,1191400,6
C0477,P024,Track Roller TR-60,119,1225700,9
C0477,P025,Cabin Glass CG-20,35,274750,6
C0477,P026,Grease Cartridge GC-5,163,50530,11
C0477,P027,O-Ring Set OR-50,151,72480,12
C0477,P028,Light Assembly LA-18,94,211500,10
C0477,P029,Pressure Sensor PS-90,96,379200,10
C0477,P030,Fuel Pump FP-350,101,2211900,11
C0478,P001,Hydraulic Pump HP-300,117,2866500,10
C0478,P002,Engine Oil Filter OF-90,72,51840,7
C0478,P003,Air Filter AF-120,133,166250,8
C0478,P004,Track Chain TC-45,113,4497400,11
C0478,P005,Fuel Injector FI-220,95,802750,10
C0478,P006,Alternator ALT-500,124,1388800,10
C0478,P007,Hydraulic Hose HH-60,90,130500,9
C0478,P008,Bucket Tooth BT-10,154,89320,12
C0478,P009,Starter Motor SM-700,122,1817800,10
C0478,P010,Turbocharger TB-900,75,2617500,9
C0478,P011,Hydraulic Cylinder HC-200,149,4112400,13
C0478,P012,Brake Pad BP-40,100,245000,10
C0478,P013,Seal Kit SK-15,141,204450,13
C0478,P014,Transmission Assembly TA-800,119,9936500,10
C0478,P015,Engine Block EB-600,116,13804000,10
C0478,P016,Radiator RD-250,132,1346400,8
C0478,P017,Fan Belt FB-30,128,66560,10
C0478,P018,Wheel Rim WR-24,85,960500,11
C0478,P019,Swing Motor SWM-350,92,3661600,9
C0478,P020,Pivot Pin PP-12,133,152950,11
C0478,P021,Boom Cylinder BC-400,119,5497800,10
C0478,P022,Control Valve CV-75,70,1183000,4
C0478,P023,Idler Wheel IW-55,124,1605800,8
C0478,P024,Track Roller TR-60,78,803400,10
C0478,P025,Cabin Glass CG-20,72,565200,5
C0478,P026,Grease Cartridge GC-5,152,47120,12
C0478,P027,O-Ring Set OR-50,143,68640,13
C0478,P028,Light Assembly LA-18,46,103500,5
C0478,P029,Pressure Sensor PS-90,101,398950,7
C0478,P030,Fuel Pump FP-350,128,2803200,9
C0479,P001,Hydraulic Pump HP-300,48,1176000,6
C0479,P002,Engine Oil Filter OF-90,102,73440,8
C0479,P003,Air Filter AF-120,57,71250,5
C0479,P004,Track Chain TC-45,48,1910400,5
C0479,P005,Fuel Injector FI-220,82,692900,9
C0479,P006,Alternator ALT-500,90,1008000,6
C0479,P007,Hydraulic Hose HH-60,42,60900,3
C0479,P008,Bucket Tooth BT-10,104,60320,7
C0479,P009,Starter Motor SM-700,37,551300,5
C0479,P010,Turbocharger TB-900,99,3455100,8
C0479,P011,Hydraulic Cylinder HC-200,64,1766400,6
C0479,P012,Brake Pad BP-40,80,196000,9
C0479,P013,Seal Kit SK-15,22,31900,2
C0479,P014,Transmission Assembly TA-800,57,4759500,5
C0479,P015,Engine Block EB-600,36,4284000,4
C0479,P016,Radiator RD-250,43,438600,4
C0479,P017,Fan Belt FB-30,41,21320,3
C0479,P018,Wheel Rim WR-24,42,474600,3
C0479,P019,Swing Motor SWM-350,40,1592000,3
C0479,P020,Pivot Pin PP-12,82,94300,7
C0479,P021,Boom Cylinder BC-400,80,3696000,7
C0479,P022,Control Valve CV-75,67,1132300,7
C0479,P023,Idler Wheel IW-55,50,647500,4
C0479,P024,Track Roller TR-60,71,731300,4
C0479,P025,Cabin Glass CG-20,40,314000,3
C0479,P026,Grease Cartridge GC-5,65,20150,7
C0479,P027,O-Ring Set OR-50,32,15360,5
C0479,P028,Light Assembly LA-18,84,189000,6
C0479,P029,Pressure Sensor PS-90,104,410800,9
C0479,P030,Fuel Pump FP-350,65,1423500,5
C0480,P001,Hydraulic Pump HP-300,53,1298500,7
C0480,P002,Engine Oil Filter OF-90,48,34560,4
C0480,P003,Air Filter AF-120,132,165000,9
C0480,P004,Track Chain TC-45,119,4736200,7
C0480,P005,Fuel Injector FI-220,149,1259050,12
C0480,P006,Alternator ALT-500,61,683200,4
C0480,P007,Hydraulic Hose HH-60,112,162400,10
C0480,P008,Bucket Tooth BT-10,84,48720,7
C0480,P009,Starter Motor SM-700,87,1296300,6
C0480,P010,Turbocharger TB-900,76,2652400,6
C0480,P011,Hydraulic Cylinder HC-200,138,3808800,8
C0480,P012,Brake Pad BP-40,123,301350,11
C0480,P013,Seal Kit SK-15,32,46400,3
C0480,P014,Transmission Assembly TA-800,74,6179000,7
C0480,P015,Engine Block EB-600,85,10115000,7
C0480,P016,Radiator RD-250,66,673200,5
C0480,P017,Fan Belt FB-30,56,29120,4
C0480,P018,Wheel Rim WR-24,119,1344700,10
C0480,P019,Swing Motor SWM-350,81,3223800,7
C0480,P020,Pivot Pin PP-12,81,93150,7
C0480,P021,Boom Cylinder BC-400,45,2079000,6
C0480,P022,Control Valve CV-75,50,845000,4
C0480,P023,Idler Wheel IW-55,54,699300,5
C0480,P024,Track Roller TR-60,115,1184500,8
C0480,P025,Cabin Glass CG-20,71,557350,6
C0480,P026,Grease Cartridge GC-5,92,28520,8
C0480,P027,O-Ring Set OR-50,78,37440,6
C0480,P028,Light Assembly LA-18,37,83250,3
C0480,P029,Pressure Sensor PS-90,105,414750,7
C0480,P030,Fuel Pump FP-350,68,1489200,6
C0481,P001,Hydraulic Pump HP-300,68,1666000,7
C0481,P002,Engine Oil Filter OF-90,83,59760,7
C0481,P003,Air Filter AF-120,36,45000,4
C0481,P004,Track Chain TC-45,128,5094400,9
C0481,P005,Fuel Injector FI-220,52,439400,5
C0481,P006,Alternator ALT-500,122,1366400,9
C0481,P007,Hydraulic Hose HH-60,119,172550,9
C0481,P008,Bucket Tooth BT-10,137,79460,8
C0481,P009,Starter Motor SM-700,155,2309500,11
C0481,P010,Turbocharger TB-900,106,3699400,6
C0481,P011,Hydraulic Cylinder HC-200,58,1600800,4
C0481,P012,Brake Pad BP-40,145,355250,14
C0481,P013,Seal Kit SK-15,30,43500,3
C0481,P014,Transmission Assembly TA-800,104,8684000,8
C0481,P015,Engine Block EB-600,40,4760000,3
C0481,P016,Radiator RD-250,104,1060800,6
C0481,P017,Fan Belt FB-30,92,47840,10
C0481,P018,Wheel Rim WR-24,115,1299500,8
C0481,P019,Swing Motor SWM-350,73,2905400,6
C0481,P020,Pivot Pin PP-12,55,63250,6
C0481,P021,Boom Cylinder BC-400,94,4342800,9
C0481,P022,Control Valve CV-75,111,1875900,11
C0481,P023,Idler Wheel IW-55,99,1282050,9
C0481,P024,Track Roller TR-60,94,968200,8
C0481,P025,Cabin Glass CG-20,148,1161800,8
C0481,P026,Grease Cartridge GC-5,41,12710,5
C0481,P027,O-Ring Set OR-50,164,78720,11
C0481,P028,Light Assembly LA-18,146,328500,14
C0481,P029,Pressure Sensor PS-90,92,363400,9
C0481,P030,Fuel Pump FP-350,83,1817700,7
C0482,P001,Hydraulic Pump HP-300,64,1568000,5
C0482,P002,Engine Oil Filter OF-90,71,51120,6
C0482,P003,Air Filter AF-120,60,75000,5
C0482,P004,Track Chain TC-45,108,4298400,8
C0482,P005,Fuel Injector FI-220,75,633750,6
C0482,P006,Alternator ALT-500,142,1590400,9
C0482,P007,Hydraulic Hose HH-60,111,160950,10
C0482,P008,Bucket Tooth BT-10,100,58000,9
C0482,P009,Starter Motor SM-700,137,2041300,8
C0482,P010,Turbocharger TB-900,160,5584000,10
C0482,P011,Hydraulic Cylinder HC-200,121,3339600,9
C0482,P012,Brake Pad BP-40,124,303800,10
C0482,P013,Seal Kit SK-15,82,118900,6
C0482,P014,Transmission Assembly TA-800,144,12024000,10
C0482,P015,Engine Block EB-600,133,15827000,10
C0482,P016,Radiator RD-250,83,846600,10
C0482,P017,Fan Belt FB-30,79,41080,9
C0482,P018,Wheel Rim WR-24,126,1423800,11
C0482,P019,Swing Motor SWM-350,82,3263600,6
C0482,P020,Pivot Pin PP-12,41,47150,3
C0482,P021,Boom Cylinder BC-400,84,3880800,10
C0482,P022,Control Valve CV-75,41,692900,6
C0482,P023,Idler Wheel IW-55,80,1036000,6
C0482,P024,Track Roller TR-60,47,484100,5
C0482,P025,Cabin Glass CG-20,150,1177500,10
C0482,P026,Grease Cartridge GC-5,23,7130,4
C0482,P027,O-Ring Set OR-50,52,24960,6
C0482,P028,Light Assembly LA-18,111,249750,9
C0482,P029,Pressure Sensor PS-90,82,323900,8
C0482,P030,Fuel Pump FP-350,130,2847000,8
C0483,P001,Hydraulic Pump HP-300,145,3552500,9
C0483,P002,Engine Oil Filter OF-90,42,30240,5
C0483,P003,Air Filter AF-120,105,131250,11
C0483,P004,Track Chain TC-45,83,3303400,8
C0483,P005,Fuel Injector FI-220,81,684450,10
C0483,P006,Alternator ALT-500,149,1668800,11
C0483,P007,Hydraulic Hose HH-60,158,229100,13
C0483,P008,Bucket Tooth BT-10,204,118320,14
C0483,P009,Starter Motor SM-700,98,1460200,9
C0483,P010,Turbocharger TB-900,97,3385300,10
C0483,P011,Hydraulic Cylinder HC-200,205,5658000,11
C0483,P012,Brake Pad BP-40,121,296450,9
C0483,P013,Seal Kit SK-15,87,126150,7
C0483,P014,Transmission Assembly TA-800,283,23630500,17
C0483,P015,Engine Block EB-600,158,18802000,13
C0483,P016,Radiator RD-250,106,1081200,9
C0483,P017,Fan Belt FB-30,123,63960,12
C0483,P018,Wheel Rim WR-24,148,1672400,13
C0483,P019,Swing Motor SWM-350,110,4378000,12
C0483,P020,Pivot Pin PP-12,102,117300,9
C0483,P021,Boom Cylinder BC-400,132,6098400,14
C0483,P022,Control Valve CV-75,122,2061800,9
C0483,P023,Idler Wheel IW-55,158,2046100,9
C0483,P024,Track Roller TR-60,103,1060900,9
C0483,P025,Cabin Glass CG-20,104,816400,11
C0483,P026,Grease Cartridge GC-5,125,38750,10
C0483,P027,O-Ring Set OR-50,166,79680,10
C0483,P028,Light Assembly LA-18,110,247500,11
C0483,P029,Pressure Sensor PS-90,139,549050,12
C0483,P030,Fuel Pump FP-350,82,1795800,8
C0484,P001,Hydraulic Pump HP-300,41,1004500,4
C0484,P002,Engine Oil Filter OF-90,102,73440,9
C0484,P003,Air Filter AF-120,97,121250,8
C0484,P004,Track Chain TC-45,107,4258600,9
C0484,P005,Fuel Injector FI-220,147,1242150,10
C0484,P006,Alternator ALT-500,66,739200,6
C0484,P007,Hydraulic Hose HH-60,60,87000,5
C0484,P008,Bucket Tooth BT-10,42,24360,4
C0484,P009,Starter Motor SM-700,59,879100,3
C0484,P010,Turbocharger TB-900,66,2303400,8
C0484,P011,Hydraulic Cylinder HC-200,83,2290800,6
C0484,P012,Brake Pad BP-40,96,235200,9
C0484,P013,Seal Kit SK-15,75,108750,6
C0484,P014,Transmission Assembly TA-800,64,5344000,5
C0484,P015,Engine Block EB-600,73,8687000,6
C0484,P016,Radiator RD-250,121,1234200,8
C0484,P017,Fan Belt FB-30,95,49400,9
C0484,P018,Wheel Rim WR-24,58,655400,7
C0484,P019,Swing Motor SWM-350,86,3422800,7
C0484,P020,Pivot Pin PP-12,93,106950,6
C0484,P021,Boom Cylinder BC-400,51,2356200,4
C0484,P022,Control Valve CV-75,99,1673100,7
C0484,P023,Idler Wheel IW-55,51,660450,3
C0484,P024,Track Roller TR-60,102,1050600,9
C0484,P025,Cabin Glass CG-20,98,769300,7
C0484,P026,Grease Cartridge GC-5,48,14880,4
C0484,P027,O-Ring Set OR-50,25,12000,3
C0484,P028,Light Assembly LA-18,69,155250,5
C0484,P029,Pressure Sensor PS-90,104,410800,7
C0484,P030,Fuel Pump FP-350,90,1971000,7
C0485,P001,Hydraulic Pump HP-300,32,784000,6
C0485,P002,Engine Oil Filter OF-90,98,70560,7
C0485,P003,Air Filter AF-120,68,85000,6
C0485,P004,Track Chain TC-45,51,2029800,5
C0485,P005,Fuel Injector FI-220,122,1030900,9
C0485,P006,Alternator ALT-500,97,1086400,7
C0485,P007,Hydraulic Hose HH-60,151,218950,12
C0485,P008,Bucket Tooth BT-10,53,30740,7
C0485,P009,Starter Motor SM-700,64,953600,4
C0485,P010,Turbocharger TB-900,133,4641700,8
C0485,P011,Hydraulic Cylinder HC-200,65,1794000,5
C0485,P012,Brake Pad BP-40,107,262150,9
C0485,P013,Seal Kit SK-15,50,72500,6
C0485,P014,Transmission Assembly TA-800,115,9602500,11
C0485,P015,Engine Block EB-600,141,16779000,10
C0485,P016,Radiator RD-250,46,469200,4
C0485,P017,Fan Belt FB-30,133,69160,7
C0485,P018,Wheel Rim WR-24,73,824900,4
C0485,P019,Swing Motor SWM-350,16,636800,3
C0485,P020,Pivot Pin PP-12,42,48300,5
C0485,P021,Boom Cylinder BC-400,78,3603600,6
C0485,P022,Control Valve CV-75,79,1335100,8
C0485,P023,Idler Wheel IW-55,107,1385650,9
C0485,P024,Track Roller TR-60,101,1040300,11
C0485,P025,Cabin Glass CG-20,86,675100,7
C0485,P026,Grease Cartridge GC-5,113,35030,9
C0485,P027,O-Ring Set OR-50,82,39360,7
C0485,P028,Light Assembly LA-18,137,308250,8
C0485,P029,Pressure Sensor PS-90,77,304150,7
C0485,P030,Fuel Pump FP-350,103,2255700,8
C0486,P001,Hydraulic Pump HP-300,94,2303000,8
C0486,P002,Engine Oil Filter OF-90,88,63360,10
C0486,P003,Air Filter AF-120,81,101250,5
C0486,P004,Track Chain TC-45,124,4935200,11
C0486,P005,Fuel Injector FI-220,170,1436500,16
C0486,P006,Alternator ALT-500,46,515200,3
C0486,P007,Hydraulic Hose HH-60,97,140650,9
C0486,P008,Bucket Tooth BT-10,84,48720,10
C0486,P009,Starter Motor SM-700,102,1519800,11
C0486,P010,Turbocharger TB-900,84,2931600,7
C0486,P011,Hydraulic Cylinder HC-200,115,3174000,10
C0486,P012,Brake Pad BP-40,116,284200,9
C0486,P013,Seal Kit SK-15,92,133400,9
C0486,P014,Transmission Assembly TA-800,112,9352000,10
C0486,P015,Engine Block EB-600,56,6664000,5
C0486,P016,Radiator RD-250,125,1275000,10
C0486,P017,Fan Belt FB-30,34,17680,6
C0486,P018,Wheel Rim WR-24,42,474600,5
C0486,P019,Swing Motor SWM-350,73,2905400,7
C0486,P020,Pivot Pin PP-12,181,208150,13
C0486,P021,Boom Cylinder BC-400,140,6468000,8
C0486,P022,Control Valve CV-75,87,1470300,9
C0486,P023,Idler Wheel IW-55,95,1230250,8
C0486,P024,Track Roller TR-60,122,1256600,9
C0486,P025,Cabin Glass CG-20,117,918450,9
C0486,P026,Grease Cartridge GC-5,149,46190,10
C0486,P027,O-Ring Set OR-50,114,54720,10
C0486,P028,Light Assembly LA-18,123,276750,10
C0486,P029,Pressure Sensor PS-90,178,703100,12
C0486,P030,Fuel Pump FP-350,133,2912700,11
C0487,P001,Hydraulic Pump HP-300,60,1470000,6
C0487,P002,Engine Oil Filter OF-90,31,22320,3
C0487,P003,Air Filter AF-120,67,83750,6
C0487,P004,Track Chain TC-45,46,1830800,4
C0487,P005,Fuel Injector FI-220,33,278850,3
C0487,P006,Alternator ALT-500,46,515200,6
C0487,P007,Hydraulic Hose HH-60,77,111650,4
C0487,P008,Bucket Tooth BT-10,119,69020,8
C0487,P009,Starter Motor SM-700,23,342700,3
C0487,P010,Turbocharger TB-900,63,2198700,3
C0487,P011,Hydraulic Cylinder HC-200,99,2732400,8
C0487,P012,Brake Pad BP-40,71,173950,5
C0487,P013,Seal Kit SK-15,52,75400,6
C0487,P014,Transmission Assembly TA-800,50,4175000,4
C0487,P015,Engine Block EB-600,80,9520000,5
C0487,P016,Radiator RD-250,86,877200,6
C0487,P017,Fan Belt FB-30,32,16640,2
C0487,P018,Wheel Rim WR-24,61,689300,7
C0487,P019,Swing Motor SWM-350,59,2348200,5
C0487,P020,Pivot Pin PP-12,84,96600,6
C0487,P021,Boom Cylinder BC-400,64,2956800,5
C0487,P022,Control Valve CV-75,89,1504100,6
C0487,P023,Idler Wheel IW-55,49,634550,4
C0487,P024,Track Roller TR-60,16,164800,3
C0487,P025,Cabin Glass CG-20,119,934150,7
C0487,P026,Grease Cartridge GC-5,73,22630,5
C0487,P027,O-Ring Set OR-50,27,12960,3
C0487,P028,Light Assembly LA-18,92,207000,7
C0487,P029,Pressure Sensor PS-90,48,189600,4
C0487,P030,Fuel Pump FP-350,94,2058600,7
C0488,P001,Hydraulic Pump HP-300,82,2009000,5
C0488,P002,Engine Oil Filter OF-90,106,76320,10
C0488,P003,Air Filter AF-120,92,115000,10
C0488,P004,Track Chain TC-45,59,2348200,7
C0488,P005,Fuel Injector FI-220,122,1030900,11
C0488,P006,Alternator ALT-500,98,1097600,9
C0488,P007,Hydraulic Hose HH-60,57,82650,6
C0488,P008,Bucket Tooth BT-10,130,75400,10
C0488,P009,Starter Motor SM-700,142,2115800,10
C0488,P010,Turbocharger TB-900,88,3071200,9
C0488,P011,Hydraulic Cylinder HC-200,168,4636800,12
C0488,P012,Brake Pad BP-40,70,171500,6
C0488,P013,Seal Kit SK-15,72,104400,7
C0488,P014,Transmission Assembly TA-800,55,4592500,5
C0488,P015,Engine Block EB-600,157,18683000,10
C0488,P016,Radiator RD-250,166,1693200,11
C0488,P017,Fan Belt FB-30,126,65520,11
C0488,P018,Wheel Rim WR-24,124,1401200,6
C0488,P019,Swing Motor SWM-350,45,1791000,7
C0488,P020,Pivot Pin PP-12,101,116150,9
C0488,P021,Boom Cylinder BC-400,67,3095400,6
C0488,P022,Control Valve CV-75,66,1115400,4
C0488,P023,Idler Wheel IW-55,166,2149700,9
C0488,P024,Track Roller TR-60,102,1050600,7
C0488,P025,Cabin Glass CG-20,138,1083300,10
C0488,P026,Grease Cartridge GC-5,93,28830,8
C0488,P027,O-Ring Set OR-50,100,48000,8
C0488,P028,Light Assembly LA-18,106,238500,8
C0488,P029,Pressure Sensor PS-90,82,323900,7
C0488,P030,Fuel Pump FP-350,188,4117200,12
C0489,P001,Hydraulic Pump HP-300,198,4851000,13
C0489,P002,Engine Oil Filter OF-90,140,100800,11
C0489,P003,Air Filter AF-120,148,185000,11
C0489,P004,Track Chain TC-45,84,3343200,8
C0489,P005,Fuel Injector FI-220,50,422500,7
C0489,P006,Alternator ALT-500,47,526400,6
C0489,P007,Hydraulic Hose HH-60,96,139200,10
C0489,P008,Bucket Tooth BT-10,160,92800,13
C0489,P009,Starter Motor SM-700,126,1877400,10
C0489,P010,Turbocharger TB-900,46,1605400,6
C0489,P011,Hydraulic Cylinder HC-200,97,2677200,7
C0489,P012,Brake Pad BP-40,55,134750,5
C0489,P013,Seal Kit SK-15,167,242150,14
C0489,P014,Transmission Assembly TA-800,69,5761500,7
C0489,P015,Engine Block EB-600,147,17493000,13
C0489,P016,Radiator RD-250,60,612000,5
C0489,P017,Fan Belt FB-30,206,107120,15
C0489,P018,Wheel Rim WR-24,160,1808000,11
C0489,P019,Swing Motor SWM-350,125,4975000,10
C0489,P020,Pivot Pin PP-12,133,152950,11
C0489,P021,Boom Cylinder BC-400,166,7669200,12
C0489,P022,Control Valve CV-75,79,1335100,8
C0489,P023,Idler Wheel IW-55,139,1800050,11
C0489,P024,Track Roller TR-60,97,999100,11
C0489,P025,Cabin Glass CG-20,103,808550,10
C0489,P026,Grease Cartridge GC-5,133,41230,7
C0489,P027,O-Ring Set OR-50,72,34560,8
C0489,P028,Light Assembly LA-18,69,155250,8
C0489,P029,Pressure Sensor PS-90,133,525350,8
C0489,P030,Fuel Pump FP-350,61,1335900,8
C0490,P001,Hydraulic Pump HP-300,156,3822000,13
C0490,P002,Engine Oil Filter OF-90,82,59040,7
C0490,P003,Air Filter AF-120,80,100000,7
C0490,P004,Track Chain TC-45,205,8159000,18
C0490,P005,Fuel Injector FI-220,101,853450,9
C0490,P006,Alternator ALT-500,112,1254400,9
C0490,P007,Hydraulic Hose HH-60,120,174000,11
C0490,P008,Bucket Tooth BT-10,225,130500,18
C0490,P009,Starter Motor SM-700,168,2503200,11
C0490,P010,Turbocharger TB-900,151,5269900,14
C0490,P011,Hydraulic Cylinder HC-200,152,4195200,9
C0490,P012,Brake Pad BP-40,94,230300,8
C0490,P013,Seal Kit SK-15,125,181250,13
C0490,P014,Transmission Assembly TA-800,130,10855000,10
C0490,P015,Engine Block EB-600,109,12971000,13
C0490,P016,Radiator RD-250,135,1377000,13
C0490,P017,Fan Belt FB-30,185,96200,17
C0490,P018,Wheel Rim WR-24,160,1808000,13
C0490,P019,Swing Motor SWM-350,73,2905400,9
C0490,P020,Pivot Pin PP-12,118,135700,11
C0490,P021,Boom Cylinder BC-400,95,4389000,8
C0490,P022,Control Valve CV-75,187,3160300,15
C0490,P023,Idler Wheel IW-55,174,2253300,14
C0490,P024,Track Roller TR-60,188,1936400,15
C0490,P025,Cabin Glass CG-20,197,1546450,15
C0490,P026,Grease Cartridge GC-5,114,35340,8
C0490,P027,O-Ring Set OR-50,157,75360,12
C0490,P028,Light Assembly LA-18,121,272250,10
C0490,P029,Pressure Sensor PS-90,79,312050,8
C0490,P030,Fuel Pump FP-350,121,2649900,10
C0491,P001,Hydraulic Pump HP-300,64,1568000,4
C0491,P002,Engine Oil Filter OF-90,23,16560,4
C0491,P003,Air Filter AF-120,69,86250,6
C0491,P004,Track Chain TC-45,125,4975000,7
C0491,P005,Fuel Injector FI-220,86,726700,7
C0491,P006,Alternator ALT-500,121,1355200,8
C0491,P007,Hydraulic Hose HH-60,68,98600,7
C0491,P008,Bucket Tooth BT-10,61,35380,5
C0491,P009,Starter Motor SM-700,154,2294600,8
C0491,P010,Turbocharger TB-900,95,3315500,8
C0491,P011,Hydraulic Cylinder HC-200,55,1518000,5
C0491,P012,Brake Pad BP-40,80,196000,7
C0491,P013,Seal Kit SK-15,138,200100,13
C0491,P014,Transmission Assembly TA-800,145,12107500,9
C0491,P015,Engine Block EB-600,132,15708000,11
C0491,P016,Radiator RD-250,68,693600,8
C0491,P017,Fan Belt FB-30,85,44200,7
C0491,P018,Wheel Rim WR-24,110,1243000,7
C0491,P019,Swing Motor SWM-350,53,2109400,5
C0491,P020,Pivot Pin PP-12,46,52900,4
C0491,P021,Boom Cylinder BC-400,112,5174400,8
C0491,P022,Control Valve CV-75,69,1166100,5
C0491,P023,Idler Wheel IW-55,147,1903650,10
C0491,P024,Track Roller TR-60,118,1215400,10
C0491,P025,Cabin Glass CG-20,103,808550,8
C0491,P026,Grease Cartridge GC-5,164,50840,10
C0491,P027,O-Ring Set OR-50,90,43200,11
C0491,P028,Light Assembly LA-18,76,171000,10
C0491,P029,Pressure Sensor PS-90,110,434500,9
C0491,P030,Fuel Pump FP-350,94,2058600,9
C0492,P001,Hydraulic Pump HP-300,72,1764000,7
C0492,P002,Engine Oil Filter OF-90,110,79200,7
C0492,P003,Air Filter AF-120,137,171250,10
C0492,P004,Track Chain TC-45,51,2029800,5
C0492,P005,Fuel Injector FI-220,93,785850,6
C0492,P006,Alternator ALT-500,157,1758400,11
C0492,P007,Hydraulic Hose HH-60,115,166750,9
C0492,P008,Bucket Tooth BT-10,42,24360,4
C0492,P009,Starter Motor SM-700,110,1639000,9
C0492,P010,Turbocharger TB-900,59,2059100,4
C0492,P011,Hydraulic Cylinder HC-200,70,1932000,8
C0492,P012,Brake Pad BP-40,84,205800,5
C0492,P013,Seal Kit SK-15,82,118900,7
C0492,P014,Transmission Assembly TA-800,84,7014000,6
C0492,P015,Engine Block EB-600,111,13209000,8
C0492,P016,Radiator RD-250,108,1101600,11
C0492,P017,Fan Belt FB-30,70,36400,6
C0492,P018,Wheel Rim WR-24,74,836200,7
C0492,P019,Swing Motor SWM-350,123,4895400,8
C0492,P020,Pivot Pin PP-12,127,146050,7
C0492,P021,Boom Cylinder BC-400,128,5913600,9
C0492,P022,Control Valve CV-75,45,760500,4
C0492,P023,Idler Wheel IW-55,133,1722350,9
C0492,P024,Track Roller TR-60,66,679800,5
C0492,P025,Cabin Glass CG-20,106,832100,8
C0492,P026,Grease Cartridge GC-5,88,27280,10
C0492,P027,O-Ring Set OR-50,70,33600,9
C0492,P028,Light Assembly LA-18,118,265500,9
C0492,P029,Pressure Sensor PS-90,108,426600,9
C0492,P030,Fuel Pump FP-350,27,591300,3
C0493,P001,Hydraulic Pump HP-300,153,3748500,12
C0493,P002,Engine Oil Filter OF-90,56,40320,5
C0493,P003,Air Filter AF-120,85,106250,7
C0493,P004,Track Chain TC-45,92,3661600,6
C0493,P005,Fuel Injector FI-220,83,701350,6
C0493,P006,Alternator ALT-500,132,1478400,13
C0493,P007,Hydraulic Hose HH-60,75,108750,9
C0493,P008,Bucket Tooth BT-10,147,85260,10
C0493,P009,Starter Motor SM-700,138,2056200,8
C0493,P010,Turbocharger TB-900,96,3350400,8
C0493,P011,Hydraulic Cylinder HC-200,76,2097600,8
C0493,P012,Brake Pad BP-40,107,262150,8
C0493,P013,Seal Kit SK-15,69,100050,5
C0493,P014,Transmission Assembly TA-800,74,6179000,5
C0493,P015,Engine Block EB-600,71,8449000,6
C0493,P016,Radiator RD-250,64,652800,6
C0493,P017,Fan Belt FB-30,101,52520,9
C0493,P018,Wheel Rim WR-24,22,248600,4
C0493,P019,Swing Motor SWM-350,55,2189000,4
C0493,P020,Pivot Pin PP-12,132,151800,9
C0493,P021,Boom Cylinder BC-400,123,5682600,9
C0493,P022,Control Valve CV-75,214,3616600,16
C0493,P023,Idler Wheel IW-55,108,1398600,8
C0493,P024,Track Roller TR-60,118,1215400,10
C0493,P025,Cabin Glass CG-20,92,722200,8
C0493,P026,Grease Cartridge GC-5,135,41850,13
C0493,P027,O-Ring Set OR-50,58,27840,7
C0493,P028,Light Assembly LA-18,134,301500,8
C0493,P029,Pressure Sensor PS-90,192,758400,17
C0493,P030,Fuel Pump FP-350,143,3131700,11
C0494,P001,Hydraulic Pump HP-300,61,1494500,6
C0494,P002,Engine Oil Filter OF-90,65,46800,7
C0494,P003,Air Filter AF-120,56,70000,4
C0494,P004,Track Chain TC-45,24,955200,3
C0494,P005,Fuel Injector FI-220,196,1656200,12
C0494,P006,Alternator ALT-500,53,593600,4
C0494,P007,Hydraulic Hose HH-60,125,181250,10
C0494,P008,Bucket Tooth BT-10,90,52200,9
C0494,P009,Starter Motor SM-700,82,1221800,7
C0494,P010,Turbocharger TB-900,31,1081900,4
C0494,P011,Hydraulic Cylinder HC-200,110,3036000,10
C0494,P012,Brake Pad BP-40,71,173950,6
C0494,P013,Seal Kit SK-15,49,71050,5
C0494,P014,Transmission Assembly TA-800,84,7014000,8
C0494,P015,Engine Block EB-600,65,7735000,6
C0494,P016,Radiator RD-250,42,428400,3
C0494,P017,Fan Belt FB-30,106,55120,7
C0494,P018,Wheel Rim WR-24,29,327700,2
C0494,P019,Swing Motor SWM-350,94,3741200,7
C0494,P020,Pivot Pin PP-12,66,75900,4
C0494,P021,Boom Cylinder BC-400,45,2079000,5
C0494,P022,Control Valve CV-75,75,1267500,5
C0494,P023,Idler Wheel IW-55,57,738150,5
C0494,P024,Track Roller TR-60,68,700400,5
C0494,P025,Cabin Glass CG-20,56,439600,6
C0494,P026,Grease Cartridge GC-5,58,17980,6
C0494,P027,O-Ring Set OR-50,49,23520,7
C0494,P028,Light Assembly LA-18,84,189000,8
C0494,P029,Pressure Sensor PS-90,48,189600,4
C0494,P030,Fuel Pump FP-350,101,2211900,7
C0495,P001,Hydraulic Pump HP-300,120,2940000,10
C0495,P002,Engine Oil Filter OF-90,132,95040,12
C0495,P003,Air Filter AF-120,122,152500,13
C0495,P004,Track Chain TC-45,135,5373000,11
C0495,P005,Fuel Injector FI-220,185,1563250,16
C0495,P006,Alternator ALT-500,155,1736000,11
C0495,P007,Hydraulic Hose HH-60,86,124700,10
C0495,P008,Bucket Tooth BT-10,107,62060,8
C0495,P009,Starter Motor SM-700,96,1430400,9
C0495,P010,Turbocharger TB-900,160,5584000,13
C0495,P011,Hydraulic Cylinder HC-200,121,3339600,11
C0495,P012,Brake Pad BP-40,141,345450,11
C0495,P013,Seal Kit SK-15,112,162400,10
C0495,P014,Transmission Assembly TA-800,158,13193000,12
C0495,P015,Engine Block EB-600,182,21658000,12
C0495,P016,Radiator RD-250,115,1173000,12
C0495,P017,Fan Belt FB-30,91,47320,10
C0495,P018,Wheel Rim WR-24,124,1401200,11
C0495,P019,Swing Motor SWM-350,134,5333200,11
C0495,P020,Pivot Pin PP-12,55,63250,5
C0495,P021,Boom Cylinder BC-400,178,8223600,14
C0495,P022,Control Valve CV-75,119,2011100,10
C0495,P023,Idler Wheel IW-55,81,1048950,7
C0495,P024,Track Roller TR-60,93,957900,6
C0495,P025,Cabin Glass CG-20,172,1350200,13
C0495,P026,Grease Cartridge GC-5,176,54560,13
C0495,P027,O-Ring Set OR-50,102,48960,9
C0495,P028,Light Assembly LA-18,106,238500,9
C0495,P029,Pressure Sensor PS-90,140,553000,13
C0495,P030,Fuel Pump FP-350,121,2649900,9
C0496,P001,Hydraulic Pump HP-300,114,2793000,13
C0496,P002,Engine Oil Filter OF-90,61,43920,5
C0496,P003,Air Filter AF-120,91,113750,7
C0496,P004,Track Chain TC-45,36,1432800,6
C0496,P005,Fuel Injector FI-220,81,684450,7
C0496,P006,Alternator ALT-500,67,750400,4
C0496,P007,Hydraulic Hose HH-60,55,79750,4
C0496,P008,Bucket Tooth BT-10,69,40020,6
C0496,P009,Starter Motor SM-700,78,1162200,7
C0496,P010,Turbocharger TB-900,128,4467200,11
C0496,P011,Hydraulic Cylinder HC-200,80,2208000,5
C0496,P012,Brake Pad BP-40,41,100450,3
C0496,P013,Seal Kit SK-15,80,116000,7
C0496,P014,Transmission Assembly TA-800,47,3924500,4
C0496,P015,Engine Block EB-600,125,14875000,10
C0496,P016,Radiator RD-250,61,622200,10
C0496,P017,Fan Belt FB-30,87,45240,7
C0496,P018,Wheel Rim WR-24,116,1310800,8
C0496,P019,Swing Motor SWM-350,139,5532200,9
C0496,P020,Pivot Pin PP-12,123,141450,7
C0496,P021,Boom Cylinder BC-400,93,4296600,8
C0496,P022,Control Valve CV-75,80,1352000,7
C0496,P023,Idler Wheel IW-55,78,1010100,4
C0496,P024,Track Roller TR-60,44,453200,5
C0496,P025,Cabin Glass CG-20,110,863500,9
C0496,P026,Grease Cartridge GC-5,142,44020,12
C0496,P027,O-Ring Set OR-50,76,36480,7
C0496,P028,Light Assembly LA-18,175,393750,16
C0496,P029,Pressure Sensor PS-90,25,98750,2
C0496,P030,Fuel Pump FP-350,45,985500,5
C0497,P001,Hydraulic Pump HP-300,133,3258500,11
C0497,P002,Engine Oil Filter OF-90,81,58320,10
C0497,P003,Air Filter AF-120,80,100000,5
C0497,P004,Track Chain TC-45,96,3820800,8
C0497,P005,Fuel Injector FI-220,41,346450,5
C0497,P006,Alternator ALT-500,101,1131200,9
C0497,P007,Hydraulic Hose HH-60,53,76850,6
C0497,P008,Bucket Tooth BT-10,56,32480,5
C0497,P009,Starter Motor SM-700,10,149000,2
C0497,P010,Turbocharger TB-900,99,3455100,7
C0497,P011,Hydraulic Cylinder HC-200,78,2152800,5
C0497,P012,Brake Pad BP-40,112,274400,10
C0497,P013,Seal Kit SK-15,38,55100,4
C0497,P014,Transmission Assembly TA-800,43,3590500,5
C0497,P015,Engine Block EB-600,63,7497000,4
C0497,P016,Radiator RD-250,19,193800,3
C0497,P017,Fan Belt FB-30,100,52000,7
C0497,P018,Wheel Rim WR-24,75,847500,4
C0497,P019,Swing Motor SWM-350,101,4019800,9
C0497,P020,Pivot Pin PP-12,89,102350,9
C0497,P021,Boom Cylinder BC-400,68,3141600,6
C0497,P022,Control Valve CV-75,86,1453400,6
C0497,P023,Idler Wheel IW-55,136,1761200,9
C0497,P024,Track Roller TR-60,80,824000,7
C0497,P025,Cabin Glass CG-20,100,785000,9
C0497,P026,Grease Cartridge GC-5,75,23250,7
C0497,P027,O-Ring Set OR-50,99,47520,9
C0497,P028,Light Assembly LA-18,90,202500,7
C0497,P029,Pressure Sensor PS-90,85,335750,7
C0497,P030,Fuel Pump FP-350,124,2715600,8
C0498,P001,Hydraulic Pump HP-300,39,955500,5
C0498,P002,Engine Oil Filter OF-90,53,38160,4
C0498,P003,Air Filter AF-120,72,90000,5
C0498,P004,Track Chain TC-45,136,5412800,9
C0498,P005,Fuel Injector FI-220,69,583050,6
C0498,P006,Alternator ALT-500,57,638400,5
C0498,P007,Hydraulic Hose HH-60,98,142100,7
C0498,P008,Bucket Tooth BT-10,26,15080,4
C0498,P009,Starter Motor SM-700,27,402300,4
C0498,P010,Turbocharger TB-900,90,3141000,6
C0498,P011,Hydraulic Cylinder HC-200,72,1987200,7
C0498,P012,Brake Pad BP-40,65,159250,6
C0498,P013,Seal Kit SK-15,61,88450,5
C0498,P014,Transmission Assembly TA-800,99,8266500,6
C0498,P015,Engine Block EB-600,151,17969000,9
C0498,P016,Radiator RD-250,66,673200,5
C0498,P017,Fan Belt FB-30,116,60320,7
C0498,P018,Wheel Rim WR-24,89,1005700,7
C0498,P019,Swing Motor SWM-350,62,2467600,5
C0498,P020,Pivot Pin PP-12,36,41400,4
C0498,P021,Boom Cylinder BC-400,40,1848000,6
C0498,P022,Control Valve CV-75,80,1352000,8
C0498,P023,Idler Wheel IW-55,46,595700,4
C0498,P024,Track Roller TR-60,92,947600,7
C0498,P025,Cabin Glass CG-20,46,361100,4
C0498,P026,Grease Cartridge GC-5,26,8060,3
C0498,P027,O-Ring Set OR-50,43,20640,3
C0498,P028,Light Assembly LA-18,100,225000,6
C0498,P029,Pressure Sensor PS-90,105,414750,7
C0498,P030,Fuel Pump FP-350,98,2146200,7
C0499,P001,Hydraulic Pump HP-300,144,3528000,11
C0499,P002,Engine Oil Filter OF-90,53,38160,6
C0499,P003,Air Filter AF-120,80,100000,8
C0499,P004,Track Chain TC-45,66,2626800,6
C0499,P005,Fuel Injector FI-220,113,954850,8
C0499,P006,Alternator ALT-500,120,1344000,10
C0499,P007,Hydraulic Hose HH-60,129,187050,10
C0499,P008,Bucket Tooth BT-10,74,42920,7
C0499,P009,Starter Motor SM-700,114,1698600,11
C0499,P010,Turbocharger TB-900,53,1849700,5
C0499,P011,Hydraulic Cylinder HC-200,176,4857600,14
C0499,P012,Brake Pad BP-40,41,100450,6
C0499,P013,Seal Kit SK-15,24,34800,3
C0499,P014,Transmission Assembly TA-800,158,13193000,12
C0499,P015,Engine Block EB-600,65,7735000,6
C0499,P016,Radiator RD-250,28,285600,3
C0499,P017,Fan Belt FB-30,81,42120,9
C0499,P018,Wheel Rim WR-24,104,1175200,8
C0499,P019,Swing Motor SWM-350,103,4099400,8
C0499,P020,Pivot Pin PP-12,86,98900,7
C0499,P021,Boom Cylinder BC-400,117,5405400,10
C0499,P022,Control Valve CV-75,92,1554800,5
C0499,P023,Idler Wheel IW-55,53,686350,4
C0499,P024,Track Roller TR-60,199,2049700,14
C0499,P025,Cabin Glass CG-20,92,722200,6
C0499,P026,Grease Cartridge GC-5,96,29760,8
C0499,P027,O-Ring Set OR-50,91,43680,5
C0499,P028,Light Assembly LA-18,85,191250,5
C0499,P029,Pressure Sensor PS-90,122,481900,10
C0499,P030,Fuel Pump FP-350,92,2014800,8
C0500,P001,Hydraulic Pump HP-300,61,1494500,5
C0500,P002,Engine Oil Filter OF-90,65,46800,6
C0500,P003,Air Filter AF-120,96,120000,6
C0500,P004,Track Chain TC-45,39,1552200,4
C0500,P005,Fuel Injector FI-220,37,312650,4
C0500,P006,Alternator ALT-500,92,1030400,7
C0500,P007,Hydraulic Hose HH-60,89,129050,5
C0500,P008,Bucket Tooth BT-10,89,51620,6
C0500,P009,Starter Motor SM-700,71,1057900,6
C0500,P010,Turbocharger TB-900,57,1989300,6
C0500,P011,Hydraulic Cylinder HC-200,97,2677200,10
C0500,P012,Brake Pad BP-40,53,129850,7
C0500,P013,Seal Kit SK-15,81,117450,5
C0500,P014,Transmission Assembly TA-800,54,4509000,4
C0500,P015,Engine Block EB-600,59,7021000,7
C0500,P016,Radiator RD-250,68,693600,6
C0500,P017,Fan Belt FB-30,53,27560,7
C0500,P018,Wheel Rim WR-24,69,779700,6
C0500,P019,Swing Motor SWM-350,84,3343200,6
C0500,P020,Pivot Pin PP-12,69,79350,7
C0500,P021,Boom Cylinder BC-400,101,4666200,9
C0500,P022,Control Valve CV-75,88,1487200,6
C0500,P023,Idler Wheel IW-55,51,660450,5
C0500,P024,Track Roller TR-60,117,1205100,9
C0500,P025,Cabin Glass CG-20,49,384650,5
C0500,P026,Grease Cartridge GC-5,91,28210,6
C0500,P027,O-Ring Set OR-50,55,26400,3
C0500,P028,Light Assembly LA-18,35,78750,4
C0500,P029,Pressure Sensor PS-90,102,402900,7
C0500,P030,Fuel Pump FP-350,27,591300,3
